state,district,scheme,road_works_sanctioned,bridges_sanctioned,road_works_completed,bridges_completed,road_works_balance,bridges_balance,length_sanctioned_km,cost_sanctioned_lakh,length_completed_km,expenditure_lakh,length_balance_km,phys_progress_pct,fin_progress_pct,efficiency_ratio,avg_km_per_work,work_completion_rate
Andaman And Nicobar,Nicobar,PMGSY-III,10.0,0.0,0.0,0.0,10.0,0.0,102.585,116.3138,0.0,0.0,102.585,0.0,0.0,,10.2585,0.0
Andaman And Nicobar,North and Middle Andaman,PMGSY-III,14.0,0.0,0.0,0.0,14.0,0.0,69.756,82.6236,0.0,0.0,69.756,0.0,0.0,,4.982571428571428,0.0
Andaman And Nicobar,South Andaman,PMGSY-II,11.0,0.0,11.0,0.0,0.0,0.0,20.082,10.4095,17.747,9.381,0.0,0.8837267204461706,0.9011960228637304,0.9806154244200418,1.8256363636363637,1.0
Andhra Pradesh,Alluri Sitharama Raju,PMGSY-I,472.0,17.0,467.0,16.0,5.0,1.0,1952.378,775.6992,1809.482,702.0291,24.34,0.9268092551749713,0.9050274900373753,1.0240675177023588,4.13639406779661,0.989406779661017
Andhra Pradesh,Chittoor,PMGSY-I,148.0,3.0,148.0,3.0,0.0,0.0,482.261,101.8512,471.991,100.7436,0.0,0.9787044774510067,0.98912531222018,0.9894645960017111,3.2585202702702705,1.0
Andhra Pradesh,Dr BR Ambedkar Konaseema,PMGSY-III,11.0,1.0,11.0,1.0,0.0,0.0,76.433,48.80619,74.461,44.6505,0.0,0.9741996258160741,0.914853218413484,1.064869867874004,6.948454545454546,1.0
Andhra Pradesh,Kakinada,PMGSY-II,7.0,0.0,7.0,0.0,0.0,0.0,39.106,17.77,37.507,14.3061,0.0,0.9591111338413542,0.8050703432751829,1.191338299631686,5.586571428571429,1.0
Andhra Pradesh,Kurnool,PMGSY-I,138.0,24.0,138.0,24.0,0.0,0.0,454.725,137.4856,419.89,132.1242,0.0,0.9233932596624332,0.9610039160464805,0.9608631601224108,3.295108695652174,1.0
Andhra Pradesh,Nandyal,PMGSY-I,115.0,12.0,115.0,12.0,0.0,0.0,385.365,92.5398,365.51,48.7807,0.0,0.9484774175132666,0.5271321096436344,1.7993163386584077,3.351,1.0
Andhra Pradesh,Nandyal,PMGSY-II,5.0,0.0,5.0,0.0,0.0,0.0,54.93,32.6416,53.622,28.8901,0.0,0.976187875477881,0.8850699720601932,1.1029499432746441,10.986,1.0
Andhra Pradesh,Nellore,PMGSY-II,8.0,0.0,8.0,0.0,0.0,0.0,70.21,36.4185,65.296,29.3427,0.0,0.930009970089731,0.8057086370937847,1.1542757856541106,8.77625,1.0
Andhra Pradesh,Palnadu,PMGSY-II,7.0,1.0,7.0,1.0,0.0,0.0,80.46,44.8013,79.551,42.3108,0.0,0.9887024608501119,0.9444100952427721,1.0468995046012866,11.494285714285713,1.0
Andhra Pradesh,Parvathipuram Manyam,PM-JANMAN,19.0,0.0,0.0,0.0,19.0,0.0,38.65,39.56477,0.0,0.0,38.65,0.0,0.0,,2.0342105263157895,0.0
Andhra Pradesh,Sri Sathya Sai,PMGSY-II,6.0,0.0,6.0,0.0,0.0,0.0,50.68,26.0758,49.658,21.8303,0.0,0.9798342541436464,0.8371862032996111,1.1703898729838296,8.446666666666667,1.0
Andhra Pradesh,West Godavari,PMGSY-I,157.0,5.0,157.0,5.0,0.0,0.0,311.412,75.9481,303.043,55.5522,0.0,0.9731256342080589,0.7314495030158753,1.3304071302198126,1.983515923566879,1.0
Andhra Pradesh,Y S R Kadapa,PMGSY-III,36.0,8.0,27.0,0.0,9.0,8.0,315.088,242.9157,215.217,112.4758,88.269,0.6830377545320673,0.46302400380049547,1.4751670516554252,8.752444444444444,0.75
Arunachal Pradesh,Changlang,PMGSY-III,7.0,1.0,1.0,0.0,6.0,1.0,99.212,69.33035,11.61,7.775,87.602,0.11702213441922348,0.11214424851453945,1.0434965320941234,14.173142857142858,0.14285714285714285
Arunachal Pradesh,Dibang Valley,PMGSY-III,3.0,3.0,0.0,0.0,3.0,3.0,26.2,47.3487,0.0,8.3612,26.2,0.0,0.17658774158530224,0.0,8.733333333333333,0.0
Arunachal Pradesh,East Kameng,PMGSY-III,8.0,0.0,3.0,0.0,5.0,0.0,51.9,44.84425,51.09,32.4346,0.03,0.9843930635838152,0.7232722143864598,1.3610270711406491,6.4875,0.375
Arunachal Pradesh,East Siang,PMGSY-III,6.0,2.0,4.0,2.0,2.0,0.0,38.1,31.727,36.52,23.9322,1.08,0.9585301837270341,0.7543165127493933,1.2707267672469564,6.3500000000000005,0.6666666666666666
Arunachal Pradesh,Lepa Rada,PMGSY-III,3.0,0.0,0.0,0.0,3.0,0.0,33.8,33.7404,22.5,17.2131,11.3,0.6656804733727811,0.5101628907778213,1.30483907278683,11.266666666666666,0.0
Arunachal Pradesh,Lower Siang,PMGSY-II,3.0,0.0,3.0,0.0,0.0,0.0,7.56,3.2261,7.56,3.0301,0.0,1.0,0.9392455286568921,1.064684333850368,2.52,1.0
Arunachal Pradesh,Lower Subansiri,PMGSY-I,47.0,5.0,47.0,5.0,0.0,0.0,423.66,271.7823,418.505,268.5026,0.0,0.9878322239531699,0.9879326210720858,0.9998983765524344,9.01404255319149,1.0
Arunachal Pradesh,Pakke kessang,PMGSY-III,3.0,2.0,1.0,0.0,2.0,2.0,16.95,23.2813,16.95,13.1871,0.0,1.0,0.566424555329814,1.7654601845743192,5.6499999999999995,0.3333333333333333
Arunachal Pradesh,Papum Pare,PMGSY-III,12.0,12.0,0.0,0.0,12.0,12.0,109.62,158.12207,18.45,63.4735,91.17,0.1683087027914614,0.40142087692122924,0.41928238531671735,9.135,0.0
Arunachal Pradesh,Tawang,PMGSY-II,7.0,0.0,7.0,0.0,0.0,0.0,36.89,22.4746,36.771,23.0489,0.0,0.9967741935483871,1.0,0.9719379792668014,5.2700000000000005,1.0
Arunachal Pradesh,Upper Siang,PMGSY-II,2.0,0.0,2.0,0.0,0.0,0.0,11.02,4.8324,11.02,4.875,0.0,1.0,1.0,0.9912615384615383,5.51,1.0
Arunachal Pradesh,Upper Siang,PMGSY-III,4.0,0.0,1.0,0.0,3.0,0.0,27.1,23.69925,5.4,2.8912,21.7,0.1992619926199262,0.1219954217960484,1.6333563152316635,6.775,0.25
Assam,Barpeta,PMGSY-I,411.0,160.0,406.0,158.0,5.0,2.0,1326.201,1315.1108,1300.301,1389.5098,13.07,0.980470531993265,1.0,0.927972861872646,3.2267664233576645,0.9878345498783455
Assam,Chirang,PMGSY-I,140.0,45.0,140.0,45.0,0.0,0.0,531.319,456.52395,530.547,475.7645,0.0,0.99854701224688,1.0,0.95816444121334,3.795135714285714,1.0
Assam,Dhemaji,PMGSY-I,280.0,126.0,280.0,126.0,0.0,0.0,1141.823,1150.57087,1142.147,1169.015,0.0,1.0,1.0,0.9845017833537519,4.077939285714286,1.0
Assam,Dhemaji,PMGSY-II,5.0,6.0,5.0,6.0,0.0,0.0,41.775,38.6316,41.775,36.6596,0.0,1.0,0.9489537062922582,1.053792185403005,8.355,1.0
Assam,Dhubri,PMGSY-I,378.0,57.0,378.0,57.0,0.0,0.0,912.026,657.86704,896.157,696.3563,0.0,0.9826002767464963,1.0,0.9282896350135674,2.4127671957671954,1.0
Assam,Jorhat,PMGSY-I,367.0,24.0,367.0,24.0,0.0,0.0,1039.818,599.56406,1035.553,664.3945,0.0,0.9958983206676554,1.0,0.8987203242752332,2.833291553133515,1.0
Assam,Kamrup Rural,PMGSY-II,35.0,10.0,35.0,10.0,0.0,0.0,183.965,172.4734,183.865,185.0536,0.0,0.9994564183404452,1.0,0.9315119869216213,5.256142857142858,1.0
Assam,Lakhimpur,PMGSY-I,295.0,112.0,295.0,112.0,0.0,0.0,1122.903,1000.43112,1116.529,1038.759,0.0,0.9943236414899594,1.0,0.957635326671806,3.806450847457627,1.0
Assam,Nalbari,PMGSY-II,14.0,0.0,14.0,0.0,0.0,0.0,95.335,62.66946,95.335,62.9336,0.0,1.0,1.0,0.995802877953907,6.809642857142856,1.0
Assam,Nalbari,PMGSY-III,37.0,1.0,32.0,0.0,5.0,1.0,208.322,154.83533,187.9,127.702,20.422,0.9019690671172512,0.8247600854404482,1.093613867886891,5.630324324324325,0.8648648648648649
Assam,Nowgaon,PMGSY-III,65.0,2.0,50.0,1.0,15.0,1.0,406.058,223.2251,360.898,176.1629,43.375,0.8887843608548534,0.7891715582163475,1.1262245219070572,6.247046153846154,0.7692307692307693
Assam,Sibsagar,PMGSY-I,530.0,31.0,530.0,31.0,0.0,0.0,1287.658,658.33483,1270.561,727.819,0.0,0.9867224061047266,1.0,0.8925209804637502,2.429543396226415,1.0
Assam,Sibsagar,PMGSY-II,19.0,3.0,19.0,3.0,0.0,0.0,109.877,78.8188,109.327,79.1192,0.0,0.9949944028322579,1.0,0.9912166052987791,5.7829999999999995,1.0
Assam,Sonitpur,PMGSY-I,352.0,58.0,352.0,58.0,0.0,0.0,1216.775,706.49605,1215.605,736.0175,0.0,0.9990384417825809,1.0,0.9589672975405452,3.4567471590909093,1.0
Assam,Tinsukia,PMGSY-I,354.0,28.0,354.0,28.0,0.0,0.0,1319.943,757.55064,1310.572,822.9212,0.0,0.9929004510043236,1.0,0.9140272144096105,3.728652542372881,1.0
Assam,Tinsukia,PMGSY-II,17.0,2.0,17.0,2.0,0.0,0.0,85.2,58.7516,85.24,59.1314,0.0,1.0,1.0,0.9940434846933798,5.011764705882353,1.0
Assam,Udalguri,PMGSY-II,5.0,1.0,5.0,1.0,0.0,0.0,27.736,25.7462,27.736,27.6353,0.0,1.0,1.0,0.9316417770026019,5.5472,1.0
Bihar,Araria,PMGSY-III,35.0,84.0,25.0,16.0,10.0,68.0,349.644,462.13798,259.83,259.6865,80.484,0.7431272951916806,0.5619241681889032,1.322469004290739,9.989828571428571,0.7142857142857143
Bihar,Arwal,PMGSY-II,1.0,0.0,1.0,0.0,0.0,0.0,4.05,1.21388,3.95,3.1424,0.0,0.9753086419753088,1.0,0.37675269040255466,4.05,1.0
Bihar,Banka,RCPLWEA,11.0,16.0,11.0,16.0,0.0,0.0,183.075,272.19727,181.293,218.2678,0.0,0.9902662843097092,0.8018735823470969,1.2349406516313752,16.643181818181816,1.0
Bihar,Begusarai,PMGSY-I,258.0,7.0,257.0,7.0,1.0,0.0,747.741,410.38037,724.06,298.7958,0.07,0.9683299431220168,0.7280947673008823,1.3299504221294016,2.898220930232558,0.9961240310077519
Bihar,Begusarai,PMGSY-II,11.0,1.0,11.0,1.0,0.0,0.0,61.055,33.72764,61.055,34.3338,0.0,1.0,1.0,0.9823450943385236,5.550454545454546,1.0
Bihar,Begusarai,PMGSY-III,24.0,21.0,21.0,14.0,3.0,7.0,177.046,191.33378,161.242,158.474,10.191,0.9107350632039131,0.8282593904745936,1.0995771055273649,7.376916666666666,0.875
Bihar,Bhagalpur,PMGSY-I,393.0,39.0,385.0,38.0,8.0,1.0,1375.376,711.298,1304.182,612.4002,29.889,0.9482367003641187,0.8609615098032048,1.1013694451693465,3.4996844783715013,0.9796437659033079
Bihar,Bhagalpur,PMGSY-II,4.0,0.0,4.0,0.0,0.0,0.0,33.35,17.2378,32.57,19.2981,0.0,0.9766116941529235,1.0,0.8723468663479442,8.3375,1.0
Bihar,Bhojpur,PMGSY-II,2.0,0.0,2.0,0.0,0.0,0.0,26.025,10.6814,25.625,11.3167,0.0,0.9846301633045149,1.0,0.9293547258759925,13.0125,1.0
Bihar,Buxar,PMGSY-I,338.0,1.0,335.0,1.0,3.0,0.0,1094.849,473.94658,1064.316,441.7273,2.023,0.9721121360114501,0.9320191739752611,1.0430173146172346,3.2391982248520708,0.9911242603550295
Bihar,East Champaran,PMGSY-I,792.0,61.0,790.0,61.0,2.0,0.0,2623.997,1557.40758,2486.37,1421.1449,4.306,0.9475506260106242,0.9125067312180412,1.0384039849720401,3.313127525252525,0.9974747474747475
Bihar,East Champaran,PMGSY-III,35.0,21.0,33.0,11.0,2.0,10.0,264.603,270.12361,237.58,230.9631,15.514,0.8978734179128732,0.8550274446576513,1.0501106409191079,7.560085714285715,0.9428571428571428
Bihar,Gaya,PMGSY-I,1170.0,54.0,1147.0,52.0,23.0,2.0,3028.893,1424.73547,2923.537,1261.3574,75.586,0.9652163348127516,0.8853274355554579,1.0902365566104604,2.588797435897436,0.9803418803418803
Bihar,Gaya,PMGSY-II,20.0,3.0,20.0,3.0,0.0,0.0,141.465,94.72322,141.295,99.1389,0.0,0.998798289329516,1.0,0.9543114770870303,7.07325,1.0
Bihar,Gaya,RCPLWEA,26.0,8.0,20.0,4.0,6.0,4.0,290.228,299.64982,251.894,231.7651,33.4,0.8679176371680196,0.7734531594245576,1.1221334176380413,11.162615384615385,0.7692307692307693
Bihar,Jahanabad,PMGSY-II,5.0,0.0,5.0,0.0,0.0,0.0,36.965,13.50654,36.741,17.5317,0.0,0.9939402137156769,1.0,0.7657382486672335,7.393000000000001,1.0
Bihar,Jamui,PMGSY-III,3.0,0.0,3.0,0.0,0.0,0.0,18.262,8.97371,18.261,6.7129,0.0,0.9999452414850508,0.7480629527809568,1.33671268944373,6.0873333333333335,1.0
Bihar,Kaimur (Bhabhua),PMGSY-I,523.0,3.0,521.0,3.0,2.0,0.0,2076.822,946.41747,2023.529,823.2445,0.3,0.9743391585797916,0.8698534484998465,1.1201187513369542,3.97097896749522,0.9961759082217974
Bihar,Katihar,PMGSY-I,378.0,52.0,374.0,46.0,4.0,6.0,1363.269,803.89291,1312.976,768.7923,2.065,0.963108528104138,0.9563367090773321,1.0070809987345768,3.606531746031746,0.9894179894179894
Bihar,Kishanganj,PMGSY-I,305.0,101.0,305.0,100.0,0.0,1.0,1251.501,895.2539,1222.233,827.0731,0.0,0.9766136822903058,0.9238419402585121,1.0571220462420519,4.103281967213115,1.0
Bihar,Lakhisarai,PMGSY-II,5.0,0.0,5.0,0.0,0.0,0.0,47.055,20.2212,47.055,20.3086,0.0,1.0,1.0,0.9956964044788909,9.411,1.0
Bihar,Madhepura,PMGSY-I,238.0,18.0,236.0,18.0,2.0,0.0,784.482,503.51779,756.131,435.3384,0.0,0.9638602287879136,0.8645938805856294,1.1148126888604006,3.296142857142857,0.9915966386554622
Bihar,Madhepura,PMGSY-II,10.0,0.0,10.0,0.0,0.0,0.0,59.065,31.9513,58.624,31.9613,0.0,0.992533649369339,1.0,0.9922231070417835,5.906499999999999,1.0
Bihar,Madhubani,PMGSY-I,724.0,33.0,719.0,32.0,5.0,1.0,2100.652,1425.08428,1862.887,1059.4955,5.901,0.8868137130757497,0.7434616428440288,1.192817035837039,2.9014530386740334,0.9930939226519337
Bihar,Madhubani,PMGSY-II,12.0,0.0,12.0,0.0,0.0,0.0,85.31,38.44442,84.653,39.0325,0.0,0.9922986754190599,1.0,0.9773482877923274,7.109166666666667,1.0
Bihar,Muzaffarpur,PMGSY-I,761.0,12.0,759.0,12.0,2.0,0.0,2398.417,1350.30879,2324.26,1211.7839,6.824,0.9690808562481005,0.8974124355659419,1.0798611851606021,3.1516649145860707,0.9973718791064389
Bihar,Patna,PMGSY-II,15.0,0.0,14.0,0.0,1.0,0.0,110.76,43.94972,109.75,50.7724,0.3,0.9908811845431563,1.0,0.8577288175059689,7.384,0.9333333333333333
Bihar,Purnia,PMGSY-I,552.0,70.0,547.0,63.0,5.0,7.0,2109.04,1339.97388,2076.975,1209.3969,0.7,0.9847964002579372,0.9025525930400972,1.091123562052839,3.820724637681159,0.9909420289855072
Bihar,Purnia,PMGSY-II,20.0,0.0,20.0,0.0,0.0,0.0,153.668,89.62053,153.54,96.4144,0.0,0.9991670354270245,1.0,0.9287604265908278,7.683400000000001,1.0
Bihar,Saharsa,PMGSY-I,256.0,43.0,253.0,39.0,3.0,4.0,714.202,558.70765,653.708,515.6912,14.517,0.9152984729810333,0.9230072292727691,0.9916482167774465,2.7898515625,0.98828125
Bihar,Saharsa,PMGSY-III,8.0,12.0,6.0,8.0,2.0,4.0,77.25,94.53203,60.548,82.0118,15.46,0.7837928802588997,0.8675556845653266,0.9034496507870906,9.65625,0.75
Bihar,Sheikhpura,PMGSY-I,122.0,9.0,120.0,9.0,2.0,0.0,327.671,146.68576,295.014,144.6935,6.0,0.9003360077638851,0.9864181771972959,0.9127325799307597,2.685827868852459,0.9836065573770492
Bihar,Sheohar,PMGSY-I,112.0,1.0,106.0,1.0,6.0,0.0,338.835,186.8218,305.42,162.839,7.952,0.9013826788850031,0.8716274010848841,1.0341376117399288,3.0253124999999996,0.9464285714285714
Bihar,Supaul,PMGSY-II,4.0,0.0,4.0,0.0,0.0,0.0,26.255,12.94036,26.255,13.0723,0.0,1.0,1.0,0.9899069023813712,6.56375,1.0
Chhattisgarh,Balod,PMGSY-II,11.0,0.0,11.0,0.0,0.0,0.0,121.875,82.0187,120.9,87.0414,0.0,0.992,1.0,0.934756913376853,11.079545454545455,1.0
Chhattisgarh,Balodabazar,PMGSY-II,7.0,0.0,7.0,0.0,0.0,0.0,90.31,57.6072,88.072,44.2343,0.0,0.9752186911748422,0.7678606146453916,1.270046506585328,12.901428571428571,1.0
Chhattisgarh,Balrampur,PMGSY-I,310.0,36.0,309.0,36.0,1.0,0.0,1695.565,540.0147,1541.744,608.2969,10.08,0.9092803873635041,1.0,0.8072123589615308,5.469564516129032,0.9967741935483871
Chhattisgarh,Bijapur,PMGSY-I,296.0,0.0,177.0,0.0,119.0,0.0,1567.745,476.9285,1064.385,292.3965,501.71,0.6789273765822886,0.6130824641429481,1.1073997647794211,5.29643581081081,0.597972972972973
Chhattisgarh,Bilaspur,PMGSY-II,9.0,0.0,9.0,0.0,0.0,0.0,85.57,56.75817,85.47,54.9221,0.0,0.9988313661329906,0.9676510007281771,1.0322227387574132,9.507777777777777,1.0
Chhattisgarh,Dantewada,PMGSY-I,173.0,1.0,145.0,0.0,28.0,1.0,767.685,277.73475,680.055,267.5943,71.15,0.885851618828035,0.9634887244034099,0.9194208467530871,4.437485549132948,0.838150289017341
Chhattisgarh,Dantewada,PMGSY-III,5.0,0.0,5.0,0.0,0.0,0.0,37.3,16.1087,37.3,14.3727,0.0,1.0,0.8922321478455741,1.1207845429181713,7.459999999999999,1.0
Chhattisgarh,Gariaband,PMGSY-I,193.0,23.0,192.0,23.0,1.0,0.0,1159.785,394.4173,1090.682,393.7855,19.38,0.9404174049500553,0.9983981432863113,0.9419262358146947,6.009248704663213,0.9948186528497409
Chhattisgarh,Gariaband,PMGSY-II,5.0,0.0,5.0,0.0,0.0,0.0,77.09,46.5609,76.315,49.3132,0.0,0.9899468154105591,1.0,0.9346952677508151,15.418000000000001,1.0
Chhattisgarh,Gariaband,PM-JANMAN,50.0,6.0,16.0,0.0,34.0,6.0,104.445,69.0331,28.445,0.0,76.0,0.27234429604097854,0.0,,2.0888999999999998,0.32
Chhattisgarh,Jangir-Champa,PMGSY-III,21.0,1.0,21.0,0.0,0.0,1.0,213.05,147.44477,214.07,124.7749,0.0,1.0,0.8462483952465727,1.1873435910620889,10.145238095238096,1.0
Chhattisgarh,Jashpur,PMGSY-III,27.0,10.0,27.0,6.0,0.0,4.0,317.848,247.41536,315.033,201.5504,0.0,0.9911435654778384,0.8146236353312907,1.2166889376770424,11.77214814814815,1.0
Chhattisgarh,Kanker,RCPLWEA,124.0,36.0,110.0,23.0,14.0,13.0,690.725,512.91634,601.119,364.2827,83.115,0.8702725397227551,0.7102185514308239,1.2253587828274584,5.570362903225806,0.8870967741935484
Chhattisgarh,Kawardha,PM-JANMAN,76.0,9.0,8.0,0.0,68.0,9.0,273.595,222.5701,22.275,0.0,250.595,0.0814159615490049,0.0,,3.599934210526316,0.10526315789473684
Chhattisgarh,Kondagaon,RCPLWEA,72.0,11.0,69.0,4.0,3.0,7.0,549.97,392.95706,519.025,282.3807,25.9,0.9437332945433387,0.7186044704222898,1.3132861447254167,7.638472222222223,0.9583333333333334
Chhattisgarh,Koria,PMGSY-II,9.0,0.0,9.0,0.0,0.0,0.0,94.626,61.5114,94.626,55.8818,0.0,1.0,0.9084787535318656,1.1007412073340517,10.514000000000001,1.0
Chhattisgarh,Mahasamund,PMGSY-II,6.0,0.0,6.0,0.0,0.0,0.0,90.57,54.0913,87.657,50.9777,0.0,0.9678370321298444,0.9424380630526537,1.0269502793583283,15.094999999999999,1.0
Chhattisgarh,Narayanpur,PMGSY-II,1.0,0.0,1.0,0.0,0.0,0.0,5.5,3.4768,5.5,3.8081,0.0,1.0,1.0,0.9130012342112865,5.5,1.0
Chhattisgarh,Raipur,PMGSY-III,11.0,0.0,11.0,0.0,0.0,0.0,85.601,55.325,85.367,43.667,0.0,0.9972663870749174,0.789281518300949,1.2635116418558592,7.781909090909091,1.0
Chhattisgarh,Surguja,PMGSY-I,327.0,28.0,327.0,27.0,0.0,1.0,1531.09,458.0023,1483.911,485.4634,0.0,0.96918600474172,1.0,0.9143622759192942,4.68223241590214,1.0
Gujarat,Amreli,PMGSY-II,4.0,0.0,4.0,0.0,0.0,0.0,32.24,8.7458,32.24,9.065,0.0,1.0,1.0,0.9647876447876447,8.06,1.0
Gujarat,Banaskantha,PMGSY-II,4.0,0.0,4.0,0.0,0.0,0.0,63.64,32.2719,60.86,27.6393,0.0,0.9563167818981773,0.8564509681797476,1.1166042393888336,15.91,1.0
Gujarat,Bharuch,PMGSY-III,8.0,1.0,7.0,0.0,1.0,1.0,84.667,53.37982,82.752,48.0084,0.002,0.977381978811107,0.8993735835002815,1.086736364889909,10.583375,0.875
Gujarat,Botad,PMGSY-III,3.0,0.0,3.0,0.0,0.0,0.0,20.364,9.87661,19.38,8.7543,0.0,0.951679434295816,0.8863668809439678,1.0736856878974217,6.788,1.0
Gujarat,Devbhumi Dwarka,PMGSY-II,1.0,0.0,1.0,0.0,0.0,0.0,8.8,4.9974,8.8,3.7629,0.0,1.0,0.7529715452035058,1.3280714342661244,8.8,1.0
Gujarat,Gandhinagar,PMGSY-I,28.0,0.0,28.0,0.0,0.0,0.0,54.19,7.6,53.71,8.3398,0.0,0.9911422771729101,1.0,0.9032208573963544,1.9353571428571428,1.0
Gujarat,Gir Somnath,PMGSY-I,16.0,0.0,16.0,0.0,0.0,0.0,59.95,6.9858,55.95,7.3528,0.0,0.9332777314428691,1.0,0.8866950789241641,3.746875,1.0
Gujarat,Gir Somnath,PMGSY-III,4.0,0.0,4.0,0.0,0.0,0.0,36.421,24.52559,34.001,22.4871,0.0,0.9335548172757474,0.9168831412414543,1.0181829889594434,9.10525,1.0
Gujarat,Kheda,PMGSY-II,3.0,4.0,3.0,4.0,0.0,0.0,42.39,38.3096,42.47,28.7472,0.0,1.0,0.7503915467663457,1.3351526171549364,14.13,1.0
Gujarat,Kutch,PMGSY-III,15.0,48.0,14.0,0.0,1.0,48.0,153.6,203.03993,143.384,114.6901,8.8,0.9334895833333333,0.5648647534502204,1.6525895404723614,10.24,0.9333333333333333
Gujarat,Narmada,PMGSY-II,2.0,5.0,2.0,5.0,0.0,0.0,28.3,25.8357,28.28,22.106,0.0,0.9992932862190813,0.8556377415746429,1.1678929500936541,14.15,1.0
Gujarat,Panchmahals,PMGSY-I,392.0,1.0,392.0,1.0,0.0,0.0,809.77,221.7344,795.94,233.123,0.0,0.9829210763550145,1.0,0.9349030988488194,2.0657397959183674,1.0
Gujarat,Patan,PMGSY-I,76.0,0.0,76.0,0.0,0.0,0.0,175.4,42.1409,174.097,40.2023,0.0,0.9925712656784492,0.9539971856320106,1.0404341654539409,2.307894736842105,1.0
Gujarat,Porbandar,PMGSY-III,2.0,0.0,2.0,0.0,0.0,0.0,23.15,10.6139,23.15,10.9132,0.0,1.0,1.0,0.972574496939486,11.575,1.0
Gujarat,Sabarkantha,PMGSY-I,149.0,1.0,149.0,1.0,0.0,0.0,458.49,99.5148,444.84,96.7314,0.0,0.9702283583066151,0.9720302909717952,0.9981462175799289,3.0771140939597315,1.0
Gujarat,Surat,PMGSY-III,12.0,11.0,12.0,0.0,0.0,11.0,100.895,99.09984,98.903,73.0334,0.0,0.9802567025125131,0.7369678901600648,1.330121319532127,8.407916666666667,1.0
Gujarat,Tapi,PMGSY-I,189.0,2.0,189.0,2.0,0.0,0.0,460.005,161.0557,459.807,167.5964,0.0,0.9995695698959794,1.0,0.9605598734716014,2.4338888888888888,1.0
Gujarat,Valsad,PMGSY-I,271.0,29.0,271.0,29.0,0.0,0.0,784.585,245.0476,752.133,254.6429,0.0,0.9586380060796472,1.0,0.9225151875768104,2.895147601476015,1.0
Haryana,Ambala,PMGSY-II,5.0,0.0,5.0,0.0,0.0,0.0,54.055,53.3121,54.055,45.0251,0.0,1.0,0.8445568642015603,1.1840528949408218,10.811,1.0
Haryana,Ambala,PMGSY-III,11.0,0.0,11.0,0.0,0.0,0.0,91.81,36.0116,90.574,32.1231,0.0,0.9865374142250299,0.8920209043752568,1.1059577296744738,8.346363636363636,1.0
Haryana,Bhiwani,PMGSY-I,15.0,0.0,15.0,0.0,0.0,0.0,174.78,82.3566,174.63,58.3123,0.0,0.999141778235496,0.7080464710782135,1.411124578749757,11.652,1.0
Haryana,Bhiwani,PMGSY-III,19.0,0.0,19.0,0.0,0.0,0.0,216.161,80.12683,214.033,78.6144,0.0,0.9901554859572262,0.9811245496670716,1.009204678746668,11.376894736842106,1.0
Haryana,Faridabad,PMGSY-I,12.0,0.0,12.0,0.0,0.0,0.0,92.67,25.8458,91.678,26.8537,0.0,0.9892953490881623,1.0,0.9521641238809857,7.7225,1.0
Haryana,Fatehabad,PMGSY-I,18.0,0.0,18.0,0.0,0.0,0.0,205.46,67.7108,205.342,59.351,0.0,0.9994256789642753,0.8765366824790136,1.140198349871346,11.414444444444445,1.0
Haryana,Hisar,PMGSY-II,3.0,0.0,3.0,0.0,0.0,0.0,28.45,24.1865,28.45,18.711,0.0,1.0,0.7736133793645215,1.2926353481909039,9.483333333333333,1.0
Haryana,Jhajjar,PMGSY-II,10.0,6.0,10.0,6.0,0.0,0.0,145.19,140.9539,127.724,116.8462,0.0,0.879702458847028,0.8289674851139273,1.061202610047037,14.519,1.0
Haryana,Jind,PMGSY-II,9.0,3.0,9.0,3.0,0.0,0.0,122.325,120.5317,121.945,104.5743,0.0,0.9968935213570406,0.8676082723466109,1.1490133890272314,13.591666666666667,1.0
Haryana,Mewat,PMGSY-III,11.0,0.0,11.0,0.0,0.0,0.0,78.293,51.34165,77.862,42.1346,0.0,0.994495037870563,0.8206709367540778,1.2118073070846098,7.117545454545455,1.0
Haryana,Mohindergarh,PMGSY-I,20.0,0.0,20.0,0.0,0.0,0.0,199.27,79.4164,197.02,64.3346,0.0,0.9887087870728157,0.8100921220302103,1.2204893248374835,9.9635,1.0
Haryana,Mohindergarh,PMGSY-III,8.0,0.0,8.0,0.0,0.0,0.0,75.98,30.9324,75.395,24.4772,0.0,0.9923006054224794,0.7913126689167346,1.2539930730300157,9.4975,1.0
Haryana,Palwal,PMGSY-I,10.0,0.0,10.0,0.0,0.0,0.0,127.435,42.2248,127.385,31.6182,0.0,0.9996076431121749,0.748806388662587,1.3349347150970947,12.743500000000001,1.0
Haryana,Panchkula,PMGSY-I,5.0,0.0,5.0,0.0,0.0,0.0,54.77,17.7898,54.77,19.1474,0.0,1.0,1.0,0.9290974231488348,10.954,1.0
Haryana,Panipat,PMGSY-II,4.0,0.0,4.0,0.0,0.0,0.0,33.59,31.7896,33.239,22.9247,0.0,0.989550461446859,0.721138359715127,1.3722061073519423,8.3975,1.0
Haryana,Rohtak,PMGSY-II,2.0,0.0,2.0,0.0,0.0,0.0,18.432,13.7,18.112,9.4461,0.0,0.9826388888888888,0.6894963503649635,1.425154590548245,9.216,1.0
Himachal Pradesh,Bilaspur,PMGSY-II,6.0,0.0,6.0,0.0,0.0,0.0,67.425,56.4592,66.315,57.3808,0.0,0.9835372636262514,1.0,0.9677405521450948,11.237499999999999,1.0
Himachal Pradesh,Bilaspur,PMGSY-III,19.0,0.0,0.0,0.0,19.0,0.0,184.615,170.96884,86.144,72.3354,98.471,0.4666143054464697,0.42309113169393914,1.1028695013726142,9.716578947368422,0.0
Himachal Pradesh,Kangra,PMGSY-II,24.0,0.0,24.0,0.0,0.0,0.0,234.39,156.6955,234.025,151.5347,0.0,0.9984427663296217,0.9670647848853348,1.0324466177806355,9.76625,1.0
Himachal Pradesh,Kinnaur,PMGSY-II,3.0,0.0,3.0,0.0,0.0,0.0,33.625,23.9029,33.625,22.5199,0.0,1.0,0.9421409117722118,1.0614123508541333,11.208333333333334,1.0
Himachal Pradesh,Kullu,PMGSY-III,21.0,3.0,12.0,0.0,9.0,3.0,206.44,214.0774,126.568,122.6393,76.925,0.6130982367758187,0.572873642897382,1.0702154731277138,9.83047619047619,0.5714285714285714
Himachal Pradesh,Lahul And Spiti,PMGSY-III,10.0,5.0,2.0,0.0,8.0,5.0,114.063,156.24725,14.695,33.4309,99.293,0.12883231196794753,0.2139615257228527,0.6021284038459597,11.4063,0.2
Himachal Pradesh,Solan,PMGSY-II,9.0,0.0,9.0,0.0,0.0,0.0,71.265,52.1855,71.265,53.9967,0.0,1.0,1.0,0.9664572094220574,7.918333333333333,1.0
Jammu And Kashmir,Bandipora,PMGSY-II,3.0,0.0,3.0,0.0,0.0,0.0,18.25,22.0933,18.35,18.6189,0.0,1.0,0.8427396541032802,1.1931080342062201,6.083333333333333,1.0
Jammu And Kashmir,Budgam,PMGSY-III,25.0,0.0,19.0,0.0,6.0,0.0,184.859,177.63144,142.962,133.1978,40.626,0.7733569910039543,0.7498548680346228,1.0313422289714953,7.394360000000001,0.76
Jammu And Kashmir,Budgam,,14.0,0.0,0.0,0.0,14.0,0.0,47.897,,0.0,0.0,47.897,0.0,,,3.4212142857142855,0.0
Jammu And Kashmir,Doda,PMGSY-I,172.0,11.0,170.0,11.0,2.0,0.0,1656.558,1021.39496,1622.645,1022.2226,0.25,0.9795280334283496,1.0,0.9787349609785849,9.631151162790697,0.9883720930232558
Jammu And Kashmir,Ganderbal,,8.0,0.0,0.0,0.0,8.0,0.0,22.55,,0.0,0.0,22.55,0.0,,,2.81875,0.0
Jammu And Kashmir,Kathua,PMGSY-II,5.0,2.0,5.0,2.0,0.0,0.0,27.0,26.1104,27.0,22.1769,0.0,1.0,0.8493512163735524,1.1773692445743091,5.4,1.0
Jammu And Kashmir,Kishtwar,PMGSY-I,127.0,25.0,99.0,17.0,28.0,8.0,1281.54,893.67974,1113.655,756.8588,147.41,0.8689974561855268,0.8469015981049318,1.0260902307068942,10.090866141732283,0.7795275590551181
Jammu And Kashmir,Kishtwar,PMGSY-III,5.0,0.0,4.0,0.0,1.0,0.0,37.45,32.92735,37.25,30.1072,0.2,0.9946595460614152,0.914352354501653,1.0878295890685727,7.49,0.8
Jammu And Kashmir,Kulgam,PMGSY-I,104.0,2.0,104.0,2.0,0.0,0.0,343.98,287.5272,335.39,245.1869,0.0,0.9750276178847607,0.8527433230664786,1.1434010581033291,3.3075,1.0
Jammu And Kashmir,Kulgam,PMGSY-II,4.0,0.0,4.0,0.0,0.0,0.0,21.55,27.004,18.69,17.7287,0.0,0.8672853828306265,0.6565212561102058,1.321031687487421,5.3875,1.0
Jammu And Kashmir,Poonch,PMGSY-II,4.0,0.0,4.0,0.0,0.0,0.0,37.2,36.9502,37.2,32.3152,0.0,1.0,0.8745608954755318,1.1434309550923405,9.3,1.0
Jammu And Kashmir,Pulwama,PMGSY-III,18.0,3.0,16.0,0.0,2.0,3.0,127.145,166.67893,123.602,127.4257,3.5,0.9721341775138622,0.7644979482409684,1.271598151114262,7.063611111111111,0.8888888888888888
Jammu And Kashmir,Pulwama,,14.0,0.0,0.0,0.0,14.0,0.0,54.22,,0.0,0.0,54.22,0.0,,,3.8728571428571428,0.0
Jammu And Kashmir,Reasi,,21.0,0.0,0.0,0.0,21.0,0.0,181.881,,0.0,0.0,181.881,0.0,,,8.661,0.0
Jammu And Kashmir,Samba,,3.0,0.0,0.0,0.0,3.0,0.0,29.5,,0.0,0.0,29.5,0.0,,,9.833333333333334,0.0
Jammu And Kashmir,Srinagar,PMGSY-III,3.0,0.0,2.0,0.0,1.0,0.0,14.55,14.9233,10.95,12.8791,3.6,0.7525773195876287,0.8630195734187479,0.8720281008301869,4.8500000000000005,0.6666666666666666
Jammu And Kashmir,Udhampur,PMGSY-II,7.0,0.0,7.0,0.0,0.0,0.0,59.3,70.7923,55.9,57.4159,0.0,0.9426644182124789,0.8110472466638321,1.1622805232248083,8.471428571428572,1.0
Jharkhand,Dhanbad,RCPLWEA,16.0,0.0,14.0,0.0,2.0,0.0,31.401,24.432,31.101,21.9106,0.3,0.9904461641349002,0.8967992796332679,1.1044234608885142,1.9625625,0.875
Jharkhand,Dumka,PMGSY-I,452.0,20.0,452.0,20.0,0.0,0.0,1447.388,576.67061,1419.533,519.2694,0.0,0.9807549876052586,0.900461010142341,1.0891698547283297,3.2021858407079646,1.0
Jharkhand,Dumka,PM-JANMAN,23.0,0.0,0.0,0.0,23.0,0.0,40.653,36.84515,1.61,0.0,39.043,0.039603473298403566,0.0,,1.7675217391304348,0.0
Jharkhand,Giridih,PMGSY-II,8.0,0.0,8.0,0.0,0.0,0.0,81.675,49.3679,81.675,29.0317,0.0,1.0,0.5880683602097719,1.7004825759428488,10.209375,1.0
Jharkhand,Godda,PMGSY-II,8.0,1.0,8.0,1.0,0.0,0.0,72.92,42.7545,71.892,36.6694,0.0,0.9859023587493142,0.8576734612730824,1.1495078293385643,9.115,1.0
Jharkhand,Hazaribagh,PMGSY-I,417.0,24.0,417.0,23.0,0.0,1.0,1448.699,533.36559,1429.078,462.8879,0.0,0.9864561237358485,0.867862323101871,1.1366504772440233,3.4740983213429257,1.0
Jharkhand,Jamtara,PMGSY-I,228.0,5.0,228.0,5.0,0.0,0.0,721.994,251.40775,713.172,226.4018,0.0,0.987781061892481,0.9005362802061592,1.09688091818616,3.166640350877193,1.0
Jharkhand,Khunti,PMGSY-III,25.0,10.0,18.0,3.0,7.0,7.0,219.64,185.54227,198.945,141.9664,20.605,0.9057776361318521,0.76514316656792,1.1838015102386048,8.785599999999999,0.72
Jharkhand,Koderma,PM-JANMAN,1.0,0.0,0.0,0.0,1.0,0.0,3.13,3.05709,0.0,0.0,3.13,0.0,0.0,,3.13,0.0
Jharkhand,Latehar,RCPLWEA,27.0,31.0,9.0,21.0,18.0,10.0,230.93,268.15713,199.15,207.8999,31.78,0.862382540163686,0.7752913375825584,1.1123335169108006,8.552962962962964,0.3333333333333333
Jharkhand,Latehar,PM-JANMAN,17.0,0.0,0.0,0.0,17.0,0.0,39.18,30.93528,0.0,0.0,39.18,0.0,0.0,,2.304705882352941,0.0
Jharkhand,Pakur,PMGSY-III,13.0,2.0,12.0,2.0,1.0,0.0,130.15,90.4895,129.915,104.344,0.235,0.998194391087207,1.0,0.8656569745484727,10.011538461538462,0.9230769230769231
Jharkhand,Palamu,PMGSY-II,9.0,0.0,9.0,0.0,0.0,0.0,92.99,67.2765,93.32,60.9392,0.0,1.0,0.9058021746077753,1.1079116354731153,10.33222222222222,1.0
Jharkhand,Palamu,PM-JANMAN,31.0,0.0,0.0,0.0,31.0,0.0,146.422,117.226,4.766,0.0,141.656,0.03254975345235006,0.0,,4.723290322580645,0.0
Jharkhand,Pashchimi Singhbhum,PMGSY-II,10.0,0.0,10.0,0.0,0.0,0.0,106.875,69.8047,104.115,56.704,0.0,0.9741754385964911,0.8123235254932691,1.1992456306185892,10.6875,1.0
Jharkhand,Ramgarh,PMGSY-III,9.0,3.0,9.0,3.0,0.0,0.0,66.747,47.60234,66.74,45.2865,0.0,0.9998951263727208,0.951350290763017,1.0510272988625138,7.416333333333333,1.0
Jharkhand,Saraikela Kharsawan,PMGSY-I,200.0,3.0,197.0,3.0,3.0,0.0,675.932,226.6499,616.839,197.7627,13.128,0.9125755253487038,0.8725470428180202,1.0458754434619428,3.37966,0.985
Jharkhand,Saraikela Kharsawan,PMGSY-II,7.0,0.0,7.0,0.0,0.0,0.0,52.16,30.79855,52.045,28.775,0.0,0.9977952453987731,0.9342972315255101,1.0679633972259386,7.451428571428571,1.0
Jharkhand,Simdega,PMGSY-III,8.0,2.0,4.0,0.0,4.0,2.0,95.037,75.24856,74.109,65.7974,20.675,0.7797910287572207,0.8744007858755037,0.891800466506267,11.879625,0.5
Jharkhand,Simdega,PM-JANMAN,2.0,0.0,0.0,0.0,2.0,0.0,5.59,5.52854,0.0,0.0,5.59,0.0,0.0,,2.795,0.0
Karnataka,Bagalkot,PMGSY-III,34.0,12.0,31.0,12.0,3.0,0.0,208.76,130.58325,200.594,131.9329,5.09,0.9608833109791148,1.0,0.9510536463491176,6.14,0.9117647058823529
Karnataka,Bidar,PMGSY-I,97.0,0.0,97.0,0.0,0.0,0.0,507.76,102.6897,507.76,118.0037,0.0,1.0,1.0,0.8702244082177085,5.2346391752577315,1.0
Karnataka,Bidar,PMGSY-III,35.0,0.0,34.0,0.0,1.0,0.0,189.06,102.67988,185.161,96.8938,1.2,0.9793769173807257,0.9436493303264476,1.0378610845216394,5.401714285714286,0.9714285714285714
Karnataka,Bijapur,PMGSY-III,33.0,0.0,30.0,0.0,3.0,0.0,238.02,143.9942,224.605,141.9941,5.6,0.9436391899840348,0.9861098572025817,0.9569310996048366,7.212727272727273,0.9090909090909091
Karnataka,Chickballapur,PMGSY-I,113.0,0.0,113.0,0.0,0.0,0.0,547.87,104.0092,547.87,120.9034,0.0,1.0,1.0,0.8602669569259425,4.848407079646018,1.0
Karnataka,Chickballapur,PMGSY-II,10.0,0.0,10.0,0.0,0.0,0.0,68.42,25.4236,68.42,25.1018,0.0,1.0,0.987342469201844,1.012819797783426,6.8420000000000005,1.0
Karnataka,Chitradurga,PMGSY-II,10.0,0.0,10.0,0.0,0.0,0.0,69.78,32.4102,69.29,33.5742,0.0,0.9929779306391517,1.0,0.9585519037713793,6.978,1.0
Karnataka,Dakshina Kannada,PMGSY-II,14.0,2.0,14.0,2.0,0.0,0.0,90.51,57.2209,90.2,59.1035,0.0,0.9965749640923655,1.0,0.9648314628208623,6.465000000000001,1.0
Karnataka,Dharwad,PMGSY-I,65.0,1.0,65.0,1.0,0.0,0.0,438.49,91.2239,438.295,103.9181,0.0,0.9995552920249037,1.0,0.8774538026017664,6.746,1.0
Karnataka,Gadag,PMGSY-I,55.0,0.0,55.0,0.0,0.0,0.0,417.46,82.8703,417.46,98.2365,0.0,1.0,1.0,0.8435795249219994,7.590181818181818,1.0
Karnataka,Hassan,PMGSY-II,14.0,0.0,14.0,0.0,0.0,0.0,75.33,33.5213,74.676,35.6829,0.0,0.9913181999203505,1.0,0.931266090339912,5.380714285714285,1.0
Karnataka,Haveri,PMGSY-I,112.0,1.0,112.0,1.0,0.0,0.0,705.52,162.3088,705.543,195.5453,0.0,1.0,1.0,0.8300587704123937,6.299285714285714,1.0
Karnataka,Haveri,PMGSY-II,12.0,0.0,12.0,0.0,0.0,0.0,70.0,30.4975,69.035,29.6601,0.0,0.9862142857142857,0.9725420116402984,1.0140582863365744,5.833333333333333,1.0
Karnataka,Haveri,PMGSY-III,26.0,4.0,24.0,3.0,2.0,1.0,213.83,149.84251,193.614,123.6333,7.68,0.9054576065098442,0.8250882876961951,1.0974069320969948,8.22423076923077,0.9230769230769231
Karnataka,Kodagu,PMGSY-I,46.0,1.0,46.0,1.0,0.0,0.0,169.9,42.7033,169.9,50.2141,0.0,1.0,1.0,0.8504244823665065,3.6934782608695653,1.0
Karnataka,Kodagu,PMGSY-II,6.0,2.0,6.0,2.0,0.0,0.0,40.07,28.9295,40.11,30.5761,0.0,1.0,1.0,0.947091975818264,6.678333333333334,1.0
Karnataka,Kodagu,PM-JANMAN,12.0,0.0,0.0,0.0,12.0,0.0,13.19,11.83807,0.0,0.0,13.19,0.0,0.0,,1.0991666666666666,0.0
Karnataka,Koppal,PMGSY-I,103.0,2.0,103.0,2.0,0.0,0.0,535.45,115.1323,535.45,115.97,0.0,1.0,1.0,0.9927765801500388,5.198543689320389,1.0
Karnataka,Raichur,PMGSY-II,7.0,0.0,7.0,0.0,0.0,0.0,68.07,33.3638,66.22,31.0503,0.0,0.9728220949023065,0.9306583782422866,1.045305256628811,9.724285714285713,1.0
Karnataka,Ramnagar,PMGSY-II,10.0,0.0,10.0,0.0,0.0,0.0,60.11,19.9574,55.708,18.7171,0.0,0.9267675927466311,0.9378526260935792,0.988180410185425,6.011,1.0
Karnataka,Shimoga,PMGSY-III,31.0,6.0,31.0,6.0,0.0,0.0,190.025,133.15624,175.901,122.8463,0.0,0.9256729377713458,0.9225726109418529,1.003360523380732,6.129838709677419,1.0
Karnataka,Tumkur,PMGSY-II,16.0,0.0,16.0,0.0,0.0,0.0,128.77,59.5497,128.24,51.2594,0.0,0.9958841345033781,0.8607835136029233,1.1569507533142374,8.048125,1.0
Kerala,Kannur,PMGSY-I,131.0,0.0,131.0,0.0,0.0,0.0,367.308,156.0058,365.138,194.083,0.0,0.9940921515458416,1.0,0.7990609243242852,2.80387786259542,1.0
Kerala,Kollam,PMGSY-II,11.0,0.0,11.0,0.0,0.0,0.0,44.755,38.4829,44.71,33.4289,0.0,0.9989945257513126,0.8686689412700186,1.1500290597367904,4.068636363636364,1.0
Kerala,Palakkad,PMGSY-II,14.0,0.0,14.0,0.0,0.0,0.0,56.473,45.02302,56.343,35.7413,0.0,0.9976980149806103,0.7938450152832929,1.2567919376864387,4.033785714285714,1.0
Kerala,Pathanamthitta,PMGSY-I,78.0,0.0,76.0,0.0,2.0,0.0,186.627,88.0831,175.268,107.3106,6.8,0.9391352805328275,1.0,0.7708646380572013,2.3926538461538462,0.9743589743589743
Kerala,Pathanamthitta,PMGSY-III,11.0,0.0,2.0,0.0,9.0,0.0,45.753,34.4459,19.609,13.2082,26.142,0.4285839179944485,0.3834476672114823,1.1177116322318692,4.159363636363636,0.18181818181818182
Kerala,Thiruvananthapuram,PMGSY-II,13.0,0.0,13.0,0.0,0.0,0.0,58.735,45.2943,58.735,38.0261,0.0,1.0,0.8395338927856264,1.1911371400169883,4.518076923076923,1.0
Kerala,Thrissur,PMGSY-I,113.0,0.0,113.0,0.0,0.0,0.0,229.874,82.2317,229.152,91.0409,0.0,0.9968591489250632,1.0,0.900402154159956,2.034283185840708,1.0
Kerala,Thrissur,PMGSY-II,11.0,0.0,11.0,0.0,0.0,0.0,35.671,22.2808,34.788,16.919,0.0,0.9752459981497574,0.7593533445836774,1.2843111907072,3.2428181818181816,1.0
Kerala,Thrissur,PMGSY-III,28.0,0.0,13.0,0.0,15.0,0.0,122.979,99.52075,61.15,47.5506,60.97,0.49723936607062996,0.4777958365466498,1.0406942213320893,4.392107142857143,0.4642857142857143
Kerala,Wayanad,PMGSY-II,7.0,0.0,7.0,0.0,0.0,0.0,36.5,34.0362,36.37,26.6839,0.0,0.9964383561643835,0.7839858738637099,1.2709901917666528,5.214285714285714,1.0
Ladakh,Kargil,PMGSY-III,27.0,0.0,2.0,0.0,25.0,0.0,209.43,228.9736,12.7,81.2866,196.23,0.06064078689777013,0.3550042450308682,0.17081707541975255,7.756666666666667,0.07407407407407407
Ladakh,Leh,PMGSY-I,40.0,0.0,39.0,0.0,1.0,0.0,499.73,317.1121,409.105,260.3593,8.0,0.8186520721189442,0.8210323730945619,0.9971008439452319,12.49325,0.975
Madhya Pradesh,Ashok Nagar,PM-JANMAN,41.0,0.0,2.0,0.0,39.0,0.0,77.855,61.17195,2.433,0.0,75.295,0.03125040138719414,0.0,,1.8989024390243903,0.04878048780487805
Madhya Pradesh,Balaghat,PMGSY-I,581.0,9.0,581.0,9.0,0.0,0.0,2289.165,608.85235,2237.528,622.0177,0.0,0.9774428667221453,1.0,0.9567547457162633,3.9400430292598965,1.0
Madhya Pradesh,Barwani,PMGSY-I,326.0,28.0,326.0,28.0,0.0,0.0,1460.21,491.59813,1372.078,521.2107,0.0,0.9396442977379965,1.0,0.8862584356636622,4.4791717791411045,1.0
Madhya Pradesh,Burhanpur,PMGSY-I,117.0,26.0,117.0,26.0,0.0,0.0,530.611,212.94647,467.807,202.8605,0.0,0.8816383376899461,0.9526361249378775,0.9254722916868587,4.5351367521367525,1.0
Madhya Pradesh,Burhanpur,PMGSY-II,6.0,1.0,6.0,1.0,0.0,0.0,28.95,20.2889,28.88,16.6051,0.0,0.9975820379965458,0.8184327390839325,1.2188931238419594,4.825,1.0
Madhya Pradesh,Chhatarpur,PMGSY-III,40.0,3.0,37.0,2.0,3.0,1.0,314.68,201.6332,305.163,147.3455,7.71,0.9697565781110971,0.7307601129179123,1.3270518751206548,7.867,0.925
Madhya Pradesh,Chhindwara,PMGSY-I,746.0,17.0,746.0,16.0,0.0,1.0,3044.664,1005.36769,2957.289,990.4485,0.0,0.9713022520711645,0.985160464028837,0.9859330408967094,4.081319034852547,1.0
Madhya Pradesh,Chhindwara,PMGSY-II,7.0,11.0,7.0,11.0,0.0,0.0,159.03,120.6072,151.523,107.3969,0.0,0.9527950701125574,0.890468396579972,1.0699931336945407,22.71857142857143,1.0
Madhya Pradesh,Datia,PMGSY-I,222.0,2.0,222.0,2.0,0.0,0.0,813.455,235.85814,798.663,198.1627,0.0,0.9818158349263327,0.8401774897402312,1.1685814567941992,3.664211711711712,1.0
Madhya Pradesh,Dhar,PMGSY-I,683.0,47.0,683.0,46.0,0.0,1.0,2717.93,940.72515,2592.773,902.1474,0.0,0.953951352683844,0.9589914758843218,0.9947443503647099,3.979399707174231,1.0
Madhya Pradesh,Dhar,PMGSY-II,11.0,16.0,11.0,16.0,0.0,0.0,196.205,172.1021,189.208,148.5201,0.0,0.9643383196146886,0.8629766865134127,1.1174558185468437,17.836818181818185,1.0
Madhya Pradesh,Dindori,PM-JANMAN,53.0,0.0,6.0,0.0,47.0,0.0,130.3,96.62192,27.89,0.0,102.221,0.21404451266308516,0.0,,2.458490566037736,0.11320754716981132
Madhya Pradesh,Guna,PM-JANMAN,25.0,0.0,3.0,0.0,22.0,0.0,41.845,32.09175,7.416,0.0,33.785,0.17722547496714064,0.0,,1.6738,0.12
Madhya Pradesh,Jhabua,PMGSY-III,22.0,23.0,22.0,22.0,0.0,1.0,228.838,184.2143,227.726,143.4275,0.0,0.9951406671968817,0.7785904785893386,1.2781310516407698,10.401727272727273,1.0
Madhya Pradesh,Katni,PMGSY-I,280.0,7.0,280.0,6.0,0.0,1.0,999.498,292.26152,971.897,295.3199,0.0,0.9723851373389442,1.0,0.9623149617214708,3.5696357142857145,1.0
Madhya Pradesh,Khandwa,PMGSY-II,7.0,4.0,7.0,4.0,0.0,0.0,93.43,57.5434,93.025,46.0649,0.0,0.9956652038959649,0.8005244737015887,1.2437661016059314,13.347142857142858,1.0
Madhya Pradesh,Khargone,PMGSY-II,9.0,12.0,9.0,11.0,0.0,1.0,176.148,135.58831,176.508,119.5965,0.0,1.0,0.8820561300601799,1.1360317124953818,19.572,1.0
Madhya Pradesh,Mauganj,PMGSY-III,9.0,0.0,9.0,0.0,0.0,0.0,89.2,52.2098,88.338,37.2549,0.0,0.9903363228699551,0.7135614386571103,1.387878140855989,9.911111111111111,1.0
Madhya Pradesh,Niwari,PMGSY-III,8.0,2.0,8.0,0.0,0.0,2.0,68.258,55.21187,67.202,37.3788,0.0,0.9845292859445047,0.6770065929663314,1.4542388451946242,8.53225,1.0
Madhya Pradesh,Rajgarh,PMGSY-I,427.0,10.0,427.0,10.0,0.0,0.0,1661.48,532.86189,1579.762,456.2403,0.0,0.950816139827142,0.8562074123934815,1.1104974402980077,3.8910538641686183,1.0
Madhya Pradesh,Rewa,PMGSY-I,388.0,16.0,388.0,15.0,0.0,1.0,1636.55,472.2573,1544.613,450.4405,0.0,0.9438226757508174,0.9538031492578304,0.9895361285871419,4.2179123711340205,1.0
Madhya Pradesh,Satna,PMGSY-II,6.0,2.0,6.0,2.0,0.0,0.0,59.205,41.9508,58.566,40.423,0.0,0.9892069926526477,0.9635811474393814,1.0265943820936767,9.8675,1.0
Madhya Pradesh,Satna,PMGSY-III,18.0,13.0,17.0,12.0,1.0,1.0,193.642,132.29748,186.792,100.1247,4.45,0.9646254428274857,0.7568148690360542,1.2745857438769899,10.757888888888889,0.9444444444444444
Madhya Pradesh,Shahdol,PMGSY-II,4.0,0.0,4.0,0.0,0.0,0.0,77.265,48.40597,77.335,41.6618,0.0,1.0,0.8606748299848138,1.1629316183998277,19.31625,1.0
Madhya Pradesh,Shivpuri,PMGSY-II,10.0,3.0,10.0,3.0,0.0,0.0,190.632,134.90602,185.327,111.9422,0.0,0.9721715137017919,0.829779130686681,1.1716027527678052,19.063200000000002,1.0
Madhya Pradesh,Sidhi,PMGSY-I,294.0,4.0,294.0,3.0,0.0,1.0,1925.683,526.0168,1751.733,470.2664,0.0,0.9096684137524192,0.8940140314910093,1.017510219873509,6.549942176870748,1.0
Madhya Pradesh,Singrauli,PMGSY-III,11.0,0.0,11.0,0.0,0.0,0.0,150.8,99.8944,150.164,75.8621,0.0,0.9957824933687001,0.7594229506358714,1.3112357119769988,13.70909090909091,1.0
Madhya Pradesh,Tikamgarh,PMGSY-I,268.0,3.0,268.0,3.0,0.0,0.0,927.0,261.6702,926.406,219.8498,0.0,0.9993592233009708,0.8401789733794677,1.1894599305207907,3.458955223880597,1.0
Madhya Pradesh,Tikamgarh,PMGSY-III,15.0,2.0,15.0,1.0,0.0,1.0,147.44,103.93048,146.942,65.0683,0.0,0.9966223548562128,0.6260752379860075,1.591857167298616,9.829333333333333,1.0
Madhya Pradesh,Umaria,PMGSY-III,12.0,6.0,12.0,3.0,0.0,3.0,116.02,98.3334,113.993,64.5866,0.0,0.9825288743320117,0.6568124360593655,1.495904797763614,9.668333333333333,1.0
Maharashtra,Amrawati,PMGSY-II,8.0,2.0,8.0,2.0,0.0,0.0,66.6,33.8249,65.9,30.3332,0.0,0.9894894894894897,0.8967713134406902,1.1033911039070403,8.325,1.0
Maharashtra,Aurangabad,PMGSY-I,167.0,44.0,167.0,44.0,0.0,0.0,672.085,182.5027,659.03,174.4602,0.0,0.9805753736506542,0.955932158811897,1.025779250767529,4.024461077844312,1.0
Maharashtra,Bhandara,PMGSY-III,24.0,1.0,22.0,0.0,2.0,1.0,148.61,112.12138,145.618,85.6306,0.2,0.9798667653589932,0.7637312348456646,1.2829994645393878,6.192083333333334,0.9166666666666666
Maharashtra,Buldhana,PMGSY-II,6.0,2.0,6.0,2.0,0.0,0.0,46.25,24.2478,46.25,22.1955,0.0,1.0,0.9153613936109667,1.092464688788268,7.708333333333333,1.0
Maharashtra,Jalgaon,PMGSY-I,172.0,16.0,172.0,16.0,0.0,0.0,788.33,202.1156,783.744,200.2672,0.0,0.9941826392500602,0.99085473857535,1.0033586160969419,4.583313953488372,1.0
Maharashtra,Jalgaon,PMGSY-II,18.0,3.0,18.0,3.0,0.0,0.0,115.52,56.6378,114.911,55.8172,0.0,0.9947281855955679,0.9855114428879653,1.009352243217586,6.417777777777777,1.0
Maharashtra,Jalgaon,PMGSY-III,29.0,2.0,11.0,1.0,18.0,1.0,196.65,160.343,121.37,102.4067,74.15,0.6171878972794305,0.6386727203557374,0.9663601992201264,6.781034482758621,0.3793103448275862
Maharashtra,Jalna,PMGSY-I,175.0,65.0,175.0,65.0,0.0,0.0,818.15,230.2545,810.626,232.4458,0.0,0.9908036423638698,1.0,0.9814631938743211,4.675142857142857,1.0
Maharashtra,Nanded,PMGSY-III,30.0,3.0,14.0,0.0,16.0,3.0,214.44,183.85686,125.799,112.4278,85.781,0.5866396194739788,0.611496356459041,0.9593509646909447,7.148,0.4666666666666667
Maharashtra,Nashik,PMGSY-III,68.0,11.0,37.0,0.0,31.0,11.0,420.105,339.6342,281.49,247.4341,133.9,0.6700467740207805,0.7285311667670687,0.9197228678550312,6.178014705882354,0.5441176470588235
Maharashtra,Palghar,PMGSY-III,17.0,0.0,6.0,0.0,11.0,0.0,114.291,117.7608,66.787,62.6041,47.215,0.5843592233859185,0.5316208789342464,1.0992029217464108,6.723,0.35294117647058826
Maharashtra,Parbhani,PMGSY-I,165.0,18.0,165.0,18.0,0.0,0.0,474.795,116.425,454.067,137.3005,0.0,0.9563432639349614,1.0,0.8109385217361035,2.8775454545454546,1.0
Maharashtra,Thane,PMGSY-I,43.0,0.0,43.0,0.0,0.0,0.0,115.012,38.8165,110.396,32.9066,0.0,0.9598650575592113,0.847747736143135,1.1322531652236063,2.6746976744186046,1.0
Maharashtra,Thane,PMGSY-II,4.0,0.0,4.0,0.0,0.0,0.0,31.307,14.1871,31.107,12.2026,0.0,0.9936116523461207,0.8601194042475208,1.1552019957221942,7.82675,1.0
Maharashtra,Wardha,PMGSY-II,5.0,2.0,5.0,2.0,0.0,0.0,41.95,25.1131,41.95,23.3738,0.0,1.0,0.9307413262400899,1.0744123762503315,8.39,1.0
Manipur,Bishnupur,PMGSY-II,7.0,0.0,7.0,0.0,0.0,0.0,35.57,28.9618,35.67,22.3727,0.0,1.0,0.7724899695460917,1.298154535877148,5.081428571428572,1.0
Manipur,Chandel,PMGSY-III,5.0,0.0,0.0,0.0,5.0,0.0,52.4,41.5295,0.0,0.3786,52.4,0.0,0.009116411225755187,0.0,10.48,0.0
Manipur,Imphal East,PMGSY-I,242.0,35.0,242.0,25.0,0.0,10.0,522.193,367.55554,529.163,352.8041,0.0,1.0,0.9598660926182748,1.0557176289471808,2.1578223140495867,1.0
Manipur,Imphal East,PMGSY-II,15.0,0.0,14.0,0.0,1.0,0.0,85.72,71.2072,85.52,58.6697,0.2,0.9976668222118525,0.8239293217539799,1.2108645679559267,5.714666666666667,0.9333333333333333
Manipur,Imphal West,PMGSY-II,8.0,0.0,8.0,0.0,0.0,0.0,38.9,29.539,39.92,24.7022,0.0,1.0,0.8362571515623413,1.227159705330202,4.8625,1.0
Manipur,Senapati,PMGSY-III,11.0,0.0,0.0,0.0,11.0,0.0,120.14,96.71633,0.0,0.7453,120.14,0.0,0.007706040955027966,0.0,10.921818181818182,0.0
Manipur,Tamenglong,PMGSY-III,2.0,0.0,0.0,0.0,2.0,0.0,20.2,17.74663,0.0,0.143,20.2,0.0,0.008057867888156793,0.0,10.1,0.0
Manipur,Thoubal,PMGSY-III,13.0,0.0,0.0,0.0,13.0,0.0,117.895,88.57708,0.0,0.6442,117.895,0.0,0.007272761757330452,0.0,9.068846153846154,0.0
Meghalaya,Jaintia,PMGSY-I,119.0,1.0,117.0,1.0,2.0,0.0,406.841,190.58205,390.968,172.3393,8.313,0.9609847581733405,0.9042787607752146,1.0627085361924384,3.4188319327731094,0.9831932773109243
Meghalaya,Ribhoi,PMGSY-I,129.0,3.0,129.0,3.0,0.0,0.0,557.943,292.3446,546.723,271.4277,0.0,0.9798904189137599,0.9284512181856617,1.0554032346778741,4.3251395348837205,1.0
Meghalaya,West Garo Hills,PMGSY-III,35.0,16.0,6.0,0.0,29.0,16.0,283.649,347.31267,86.55,51.2227,197.104,0.3051306368081678,0.14748295822320562,2.0689213213798774,8.104257142857143,0.17142857142857143
Mizoram,Champhai,PMGSY-II,1.0,0.0,1.0,0.0,0.0,0.0,60.0,95.2352,60.0,87.8885,0.0,1.0,0.9228573048620676,1.0835911410480326,60.0,1.0
Mizoram,Kolasib,PMGSY-I,6.0,0.0,6.0,0.0,0.0,0.0,63.87,60.5714,63.87,51.9248,0.0,1.0,0.8572494609667268,1.1665215850614736,10.645,1.0
Mizoram,Lawngtlai,PMGSY-II,1.0,0.0,1.0,0.0,0.0,0.0,32.0,25.8464,32.0,24.631,0.0,1.0,0.952976043085304,1.0493443221956071,32.0,1.0
Mizoram,Lawngtlai,PMGSY-III,1.0,0.0,0.0,0.0,1.0,0.0,29.1,43.655,29.1,0.0,0.0,1.0,0.0,,29.1,0.0
Mizoram,Lunglei,PMGSY-II,1.0,0.0,1.0,0.0,0.0,0.0,30.5,40.8027,30.2,38.4742,0.0,0.9901639344262295,0.9429326980812545,1.0500897216111866,30.5,1.0
Mizoram,Lunglei,PMGSY-III,3.0,5.0,0.0,0.0,3.0,5.0,131.5,220.3596,65.0,11.3696,66.5,0.49429657794676807,0.051595664541050176,3.0,43.833333333333336,0.0
Mizoram,Mamit,PMGSY-I,28.0,0.0,28.0,0.0,0.0,0.0,294.303,158.7221,291.238,154.0991,0.0,0.9895855631780852,0.970873621253751,1.0192733034606196,10.510821428571429,1.0
Nagaland,Dimapur,PMGSY-I,25.0,2.0,25.0,2.0,0.0,0.0,238.51,53.1738,238.51,50.9683,0.0,1.0,0.958522806344478,1.0432719945534774,9.5404,1.0
Nagaland,Dimapur,PMGSY-II,1.0,0.0,1.0,0.0,0.0,0.0,12.7,11.1485,12.7,11.1208,0.0,1.0,0.9975153608108713,1.0024908279979858,12.7,1.0
Nagaland,Dimapur,PMGSY-III,3.0,0.0,0.0,0.0,3.0,0.0,23.18,18.2512,0.0,2.7202,23.18,0.0,0.14904225475585167,0.0,7.726666666666667,0.0
Nagaland,Kiphire,PMGSY-I,38.0,10.0,37.0,10.0,1.0,0.0,667.74,243.3672,655.74,241.5537,12.0,0.9820289334171983,0.9925482973876513,0.9894016603543228,17.572105263157894,0.9736842105263158
Nagaland,Kiphire,PMGSY-II,1.0,0.0,1.0,0.0,0.0,0.0,17.0,16.97,17.0,16.97,0.0,1.0,1.0,1.0,17.0,1.0
Nagaland,Kohima,PMGSY-II,1.0,0.0,1.0,0.0,0.0,0.0,19.5,16.3006,19.5,16.3005,0.0,1.0,0.9999938652564936,1.0000061347811418,19.5,1.0
Nagaland,Kohima,PMGSY-III,3.0,0.0,0.0,0.0,3.0,0.0,57.39,45.121,0.0,0.0,57.39,0.0,0.0,,19.13,0.0
Nagaland,Longleng,PMGSY-I,15.0,2.0,15.0,2.0,0.0,0.0,192.5,43.2802,192.5,42.3356,0.0,1.0,0.9781747773808809,1.0223121911582687,12.833333333333334,1.0
Nagaland,Mokokchung,PMGSY-III,3.0,0.0,0.0,0.0,3.0,0.0,36.07,30.593,0.0,1.4988,36.07,0.0,0.04899159938548034,0.0,12.023333333333333,0.0
Nagaland,Peren,PMGSY-III,1.0,0.0,0.0,0.0,1.0,0.0,21.03,17.0424,0.0,3.4344,21.03,0.0,0.20152091254752852,0.0,21.03,0.0
Nagaland,Wokha,PMGSY-III,4.0,0.0,0.0,0.0,4.0,0.0,63.85,69.5409,0.0,1.1103,63.85,0.0,0.015966143665094933,0.0,15.9625,0.0
Nagaland,Zunheboto,PMGSY-I,41.0,5.0,41.0,5.0,0.0,0.0,443.64,118.7847,444.0,118.6371,0.0,1.0,0.9987574157277831,1.0020566085400957,10.820487804878049,1.0
Nagaland,Zunheboto,PMGSY-III,8.0,0.0,0.0,0.0,8.0,0.0,103.31,110.9257,0.0,1.2256,103.31,0.0,0.011048837194626673,0.0,12.91375,0.0
Odisha,Boudh,PMGSY-I,167.0,7.0,167.0,7.0,0.0,0.0,593.565,202.2419,552.904,186.9243,0.0,0.9314969716880206,0.9242609963612881,1.0078289307405806,3.554281437125749,1.0
Odisha,Boudh,PMGSY-III,11.0,2.0,11.0,2.0,0.0,0.0,82.54,57.07282,81.076,55.8775,0.0,0.9822631451417493,0.9790562302686288,1.0032755165372276,7.503636363636364,1.0
Odisha,Cuttack,PMGSY-II,38.0,0.0,38.0,0.0,0.0,0.0,176.735,82.10892,177.179,97.7685,0.0,1.0,1.0,0.841939857633679,4.650921052631579,1.0
Odisha,Cuttack,PMGSY-III,69.0,5.0,35.0,1.0,34.0,4.0,418.366,250.8376,307.63,172.6627,103.382,0.7353130990568068,0.6883445703514943,1.068234036743151,6.063275362318841,0.5072463768115942
Odisha,Dhenkanal,PMGSY-I,400.0,9.0,400.0,9.0,0.0,0.0,1202.851,457.51093,1153.66,436.0007,0.0,0.9591046605107365,0.9529842270653512,1.0064223869310331,3.0071275,1.0
Odisha,Gajapati,PMGSY-II,12.0,0.0,12.0,0.0,0.0,0.0,83.01,42.8421,83.609,38.3411,0.0,1.0,0.8949397905331437,1.1254567164484788,6.9175,1.0
Odisha,Gajapati,PMGSY-III,36.0,0.0,36.0,0.0,0.0,0.0,198.0,124.7562,196.758,118.2245,0.0,0.9937272727272728,0.947644285414272,1.0486289929906085,5.5,1.0
Odisha,Ganjam,PMGSY-III,110.0,16.0,75.0,6.0,35.0,10.0,631.133,441.95485,508.538,330.4389,114.991,0.8057540962047619,0.7476756958318252,1.0776785987517243,5.7375727272727275,0.6818181818181818
Odisha,Jharsuguda,PMGSY-I,136.0,3.0,136.0,3.0,0.0,0.0,399.273,127.4554,392.113,119.349,0.0,0.9820674075131551,0.9363981439782073,1.0487712025366964,2.9358308823529415,1.0
Odisha,Kandhamal,RCPLWEA,2.0,0.0,0.0,0.0,2.0,0.0,26.47,21.5269,0.0,5.8652,26.47,0.0,0.27245910930045664,0.0,13.235,0.0
Odisha,Keonjhar,PMGSY-I,780.0,22.0,780.0,22.0,0.0,0.0,3149.791,1258.3727,3065.982,1284.7914,0.0,0.9733922028477444,1.0,0.9533766916998851,4.03819358974359,1.0
Odisha,Khurda,PMGSY-II,18.0,0.0,18.0,0.0,0.0,0.0,117.3,55.0978,120.067,64.3227,0.0,1.0,1.0,0.8767901043066404,6.516666666666667,1.0
Odisha,Malkangiri,PMGSY-II,12.0,0.0,12.0,0.0,0.0,0.0,83.4,36.9716,83.045,30.555,0.0,0.9957434052757793,0.8264451633145441,1.2048511498116186,6.95,1.0
Odisha,Malkangiri,PMGSY-III,37.0,4.0,30.0,1.0,7.0,3.0,247.285,156.37492,225.028,118.8962,20.555,0.9099945407121337,0.7603278070422034,1.1968450085393534,6.683378378378379,0.8108108108108109
Odisha,Mayurbhanj,PMGSY-I,1263.0,32.0,1263.0,32.0,0.0,0.0,4546.134,1828.07024,4349.94,1866.873,0.0,0.9568437709931119,1.0,0.9369558733142977,3.599472684085511,1.0
Odisha,Nawarangpur,PMGSY-I,600.0,8.0,600.0,8.0,0.0,0.0,2492.194,866.7966,2429.296,852.3055,0.0,0.9747619968589925,0.9832820064130385,0.9913351312253474,4.1536566666666666,1.0
Odisha,Nawarangpur,PMGSY-II,15.0,2.0,15.0,2.0,0.0,0.0,119.74,68.7833,121.258,66.4907,0.0,1.0,0.9666692351195713,1.0475945970513272,7.982666666666666,1.0
Odisha,Nawarangpur,PMGSY-III,46.0,5.0,31.0,0.0,15.0,5.0,301.296,217.7506,282.062,160.4254,18.427,0.9361624449046785,0.7367391869413907,1.2706836577964629,6.549913043478261,0.6739130434782609
Odisha,Nayagarh,PMGSY-III,41.0,4.0,22.0,1.0,19.0,3.0,253.776,163.30212,187.553,114.1979,63.702,0.7390493978942059,0.6993044548350016,1.0568349633473764,6.189658536585366,0.5365853658536586
Odisha,Nuapara,PMGSY-III,21.0,1.0,20.0,0.0,1.0,1.0,168.43,100.93398,162.758,95.0812,3.835,0.9663242890221457,0.9420137797003545,1.0258069572289317,8.020476190476192,0.9523809523809523
Odisha,Rayagada,PMGSY-II,14.0,2.0,14.0,2.0,0.0,0.0,146.69,67.22425,149.158,57.6579,0.0,1.0,0.8576949538299051,1.1855317459272812,10.477857142857143,1.0
Odisha,Rayagada,RCPLWEA,1.0,0.0,1.0,0.0,0.0,0.0,1.8,1.29913,1.8,1.3596,0.0,1.0,1.0,0.9555236834363049,1.8,1.0
Odisha,Sonepur,PMGSY-I,335.0,9.0,335.0,9.0,0.0,0.0,1270.425,444.0708,1189.798,406.4351,0.0,0.9365354113780822,0.9152484243503513,1.0232581520616553,3.7923134328358206,1.0
Odisha,Sundargarh,PMGSY-I,988.0,65.0,988.0,65.0,0.0,0.0,3754.383,1726.76572,3645.268,1754.2738,0.0,0.9709366359265957,1.0,0.9557117590253962,3.799982793522267,1.0
Punjab,Bathinda,PMGSY-I,27.0,0.0,27.0,0.0,0.0,0.0,194.34,65.6494,194.34,56.5387,0.0,1.0,0.861221884739236,1.1611409530109464,7.197777777777778,1.0
Punjab,Fatehgarh Sahib,PMGSY-I,21.0,0.0,21.0,0.0,0.0,0.0,197.24,75.87,197.24,72.714,0.0,1.0,0.9584025306445234,1.0434029210330886,9.392380952380952,1.0
Punjab,Firozpur,PMGSY-II,9.0,1.0,9.0,1.0,0.0,0.0,86.16,56.7187,85.89,49.0907,0.0,0.996866295264624,0.8655117271728724,1.1517652089138193,9.573333333333332,1.0
Punjab,Mansa,PMGSY-I,49.0,0.0,49.0,0.0,0.0,0.0,351.07,149.1889,349.727,148.1373,0.0,0.99617455208363,0.9929512182206587,1.0032462157292557,7.16469387755102,1.0
Punjab,Mansa,PMGSY-II,14.0,0.0,14.0,0.0,0.0,0.0,173.4,109.1393,173.3,100.1623,0.0,0.9994232987312572,0.9177473192516352,1.0889961515182889,12.385714285714286,1.0
Punjab,Moga,PMGSY-III,20.0,2.0,14.0,1.0,6.0,1.0,212.37,166.57643,171.345,119.3218,39.6,0.8068229975985308,0.716318629232239,1.126346523282936,10.618500000000001,0.7
Punjab,Mukatsar,PMGSY-II,10.0,0.0,10.0,0.0,0.0,0.0,114.86,75.1052,111.28,61.9397,0.0,0.9688316211039526,0.8247058792200807,1.174760172705657,11.486,1.0
Punjab,Nawashahar,PMGSY-I,33.0,0.0,33.0,0.0,0.0,0.0,170.53,56.5777,170.53,53.6546,0.0,1.0,0.9483347679386048,1.0544799513927976,5.167575757575758,1.0
Punjab,Nawashahar,PMGSY-II,1.0,0.0,1.0,0.0,0.0,0.0,8.38,6.1408,5.7,2.8514,0.0,0.6801909307875894,0.4643368942157374,1.4648651426598964,8.38,1.0
Punjab,Nawashahar,PMGSY-III,6.0,1.0,2.0,0.0,4.0,1.0,40.495,39.94263,9.69,7.8638,30.805,0.2392888010865539,0.19687737136988726,1.2154205403168723,6.7491666666666665,0.3333333333333333
Punjab,Patiala,PMGSY-II,3.0,0.0,3.0,0.0,0.0,0.0,27.1,20.2699,27.1,19.7549,0.0,1.0,0.9745928692297445,1.0260694814957303,9.033333333333333,1.0
Punjab,Sangrur,PMGSY-II,8.0,1.0,8.0,1.0,0.0,0.0,105.43,66.852,102.925,47.5532,0.0,0.9762401593474342,0.7113205289295756,1.372433550900774,13.17875,1.0
Punjab,Tarn Taran,PMGSY-I,72.0,0.0,72.0,0.0,0.0,0.0,445.69,174.2062,445.19,162.7579,0.0,0.9988781440014359,0.9342830507754604,1.069138676092177,6.190138888888889,1.0
Rajasthan,Ajmer,PMGSY-III,18.0,3.0,18.0,0.0,0.0,3.0,211.211,151.16881,211.21,126.2598,0.0,0.999995265398109,0.8352238798466429,1.197278106537998,11.733944444444445,1.0
Rajasthan,Bharatpur,PMGSY-I,224.0,0.0,224.0,0.0,0.0,0.0,633.95,122.406,620.03,113.8762,0.0,0.9780424323684832,0.9303155074097674,1.0513018697190155,2.8301339285714286,1.0
Rajasthan,Bhilwara,PMGSY-II,17.0,0.0,17.0,0.0,0.0,0.0,147.275,52.68093,147.275,43.2471,0.0,1.0,0.8209251431210498,1.2181378635792919,8.663235294117648,1.0
Rajasthan,Churu,PMGSY-I,295.0,0.0,295.0,0.0,0.0,0.0,1715.86,275.6133,1589.755,260.5425,0.0,0.9265062417679766,0.9453190393932369,0.9800989963797455,5.816474576271186,1.0
Rajasthan,Churu,PMGSY-III,23.0,0.0,22.0,0.0,1.0,0.0,222.74,128.83,224.17,99.934,0.5,1.0,0.775704416673135,1.2974272411908228,9.684347826086958,0.9565217391304348
Rajasthan,Dholpur,PMGSY-I,253.0,0.0,253.0,0.0,0.0,0.0,854.78,141.0214,767.14,148.4429,0.0,0.8974706942137158,1.0,0.8526010591075094,3.378577075098814,1.0
Rajasthan,Dungarpur,PMGSY-II,9.0,0.0,9.0,0.0,0.0,0.0,73.0,47.6744,73.0,29.4152,0.0,1.0,0.6170019968788281,1.620740297533248,8.11111111111111,1.0
Rajasthan,Hanumangarh,PMGSY-I,134.0,0.0,134.0,0.0,0.0,0.0,903.16,196.4427,867.987,167.7036,0.0,0.9610556269099606,0.8537023773344593,1.1257502057223896,6.739999999999999,1.0
Rajasthan,Jalor,PMGSY-I,591.0,0.0,591.0,0.0,0.0,0.0,2686.725,545.6174,2589.02,494.3969,0.0,0.9636341642706269,0.9061237783105891,1.063468576078273,4.546065989847715,1.0
Rajasthan,Karauli,PMGSY-II,11.0,1.0,11.0,1.0,0.0,0.0,69.75,23.787,69.75,17.2135,0.0,1.0,0.7236515743893723,1.3818805007697448,6.340909090909091,1.0
Rajasthan,Kota,PMGSY-II,10.0,0.0,10.0,0.0,0.0,0.0,71.1,32.3964,70.6,29.3786,0.0,0.9929676511954993,0.9068476744329617,1.0949663093268527,7.109999999999999,1.0
Rajasthan,Rajsamand,PMGSY-II,11.0,0.0,11.0,0.0,0.0,0.0,98.0,47.70859,98.0,33.7092,0.0,1.0,0.706564583023728,1.4152987908345496,8.909090909090908,1.0
Rajasthan,Salumbar,PMGSY-III,13.0,3.0,13.0,3.0,0.0,0.0,159.9,116.84105,158.9,86.2924,0.0,0.9937460913070669,0.7385452287530795,1.3455453405133426,12.3,1.0
Rajasthan,Sawaimadhopur,PMGSY-III,28.0,1.0,28.0,1.0,0.0,0.0,188.371,103.13204,181.793,87.9462,0.0,0.9650795504615891,0.8527534217300463,1.1317216980538853,6.727535714285715,1.0
Rajasthan,Sikar,PMGSY-III,31.0,0.0,31.0,0.0,0.0,0.0,325.98,205.1726,324.295,157.5945,0.0,0.9948309712252286,0.7681069499533565,1.2951724643106535,10.515483870967742,1.0
Rajasthan,Sirohi,PMGSY-II,11.0,0.0,11.0,0.0,0.0,0.0,69.85,23.6464,69.85,18.8877,0.0,1.0,0.7987558359834901,1.251947034313336,6.35,1.0
Rajasthan,Sri Ganganagar,PMGSY-III,18.0,0.0,17.0,0.0,1.0,0.0,192.525,90.7131,191.925,64.4971,0.6,0.9968835216205688,0.7110009469415113,1.4020846609400859,10.695833333333333,0.9444444444444444
Rajasthan,Udaipur,PMGSY-I,1039.0,1.0,1039.0,1.0,0.0,0.0,3831.027,1170.45578,3717.126,971.3405,0.0,0.9702688078157633,0.8298822703067006,1.1691644014242886,3.687225216554379,1.0
Rajasthan,Udaipur,PMGSY-II,13.0,0.0,13.0,0.0,0.0,0.0,109.35,46.4917,109.5,30.1247,0.0,1.0,0.647958667891258,1.5454253361119255,8.411538461538461,1.0
Sikkim,East,PMGSY-II,3.0,0.0,3.0,0.0,0.0,0.0,7.8,6.7633,6.92,5.7281,0.0,0.8871794871794871,0.8469386246359026,1.0475133160456391,2.6,1.0
Sikkim,Pakyong,PMGSY-III,5.0,3.0,1.0,0.0,4.0,3.0,24.41,28.89882,10.1,10.9504,14.25,0.4137648504711184,0.37892204595204926,1.0919524342573572,4.882,0.2
Sikkim,Soreng,PMGSY-III,11.0,4.0,0.0,0.0,11.0,4.0,73.35,83.49577,8.7,24.4007,64.65,0.11860940695296524,0.2922387565262288,0.4058647400599649,6.668181818181818,0.0
Sikkim,South,PMGSY-III,11.0,1.0,0.0,0.0,11.0,1.0,82.3,77.76617,21.53,16.8135,60.77,0.2616038882138518,0.21620583860565593,1.2099760575430096,7.4818181818181815,0.0
Tamil Nadu,Ariyalur,PMGSY-III,12.0,0.0,10.0,0.0,2.0,0.0,47.521,20.2326,47.523,15.5023,0.0,1.0,0.7662040469341557,1.305190295793837,3.9600833333333334,0.8333333333333334
Tamil Nadu,Chengalpattu,PMGSY-II,24.0,3.0,24.0,3.0,0.0,0.0,87.248,39.3014,86.448,37.372,0.0,0.9908307353750228,0.9509076012559349,1.041984241230545,3.6353333333333335,1.0
Tamil Nadu,Coimbatore,PMGSY-III,27.0,0.0,27.0,0.0,0.0,0.0,97.925,51.44381,97.73,50.4119,0.0,0.9980086801123309,0.9799410269184962,1.0184374903157694,3.6268518518518515,1.0
Tamil Nadu,Cuddalore,PMGSY-III,39.0,1.0,39.0,1.0,0.0,0.0,153.664,93.27979,152.607,89.8779,0.0,0.9931213556851313,0.9635302566611695,1.0307111259033017,3.9401025641025638,1.0
Tamil Nadu,Dharmapuri,PMGSY-II,25.0,1.0,25.0,1.0,0.0,0.0,89.24,31.42687,89.18,31.9251,0.0,0.9993276557597491,1.0,0.9837319327101994,3.5696,1.0
Tamil Nadu,Dindigul,PMGSY-II,34.0,0.0,34.0,0.0,0.0,0.0,120.746,56.06482,120.748,55.4039,0.0,1.0,0.9882115023289115,1.0119458854091048,3.5513529411764706,1.0
Tamil Nadu,Erode,PMGSY-II,11.0,0.0,11.0,0.0,0.0,0.0,28.672,9.70103,28.672,10.0326,0.0,1.0,1.0,0.9669507405856905,2.6065454545454547,1.0
Tamil Nadu,Karur,PMGSY-III,74.0,0.0,74.0,0.0,0.0,0.0,268.516,138.02792,258.561,127.5006,0.0,0.9629258591666789,0.9237305032199283,1.0424315921257596,3.628594594594595,1.0
Tamil Nadu,Krishnagiri,PMGSY-I,210.0,7.0,210.0,7.0,0.0,0.0,443.188,139.18744,438.612,119.6094,0.0,0.9896748106898202,0.8593404692262462,1.151667873364474,2.1104190476190476,1.0
Tamil Nadu,Nagapattinam,PMGSY-III,38.0,5.0,36.0,4.0,2.0,1.0,156.203,153.38103,148.618,170.0214,7.59,0.9514413935711862,1.0,0.8583217226218812,4.110605263157895,0.9473684210526315
Tamil Nadu,Namakkal,PMGSY-I,227.0,0.0,227.0,0.0,0.0,0.0,411.066,134.62504,408.816,110.0604,0.0,0.9945264264132767,0.8175329047255993,1.2164971228247803,1.810863436123348,1.0
Tamil Nadu,Ranipet,PMGSY-II,7.0,0.0,7.0,0.0,0.0,0.0,19.552,7.5257,19.552,7.7246,0.0,1.0,1.0,0.9742510939077751,2.793142857142857,1.0
Tamil Nadu,Sivagangai,PMGSY-III,120.0,4.0,114.0,4.0,6.0,0.0,597.397,393.79714,564.407,326.4646,31.228,0.9447770912810074,0.8290171939796211,1.1396350982127301,4.978308333333334,0.95
Tamil Nadu,The Nilgiris,PMGSY-I,106.0,0.0,106.0,0.0,0.0,0.0,268.592,109.62261,264.482,91.8806,0.0,0.9846979805802111,0.8381537348910048,1.17484172603283,2.53388679245283,1.0
Tamil Nadu,The Nilgiris,PMGSY-II,15.0,0.0,15.0,0.0,0.0,0.0,58.54,66.72564,57.723,69.0087,0.0,0.9860437307823711,1.0,0.9534218005040147,3.9026666666666667,1.0
Tamil Nadu,Tiruchirappalli,PMGSY-II,20.0,0.0,20.0,0.0,0.0,0.0,85.865,29.46129,85.865,23.7441,0.0,1.0,0.8059423059886379,1.240783605190342,4.29325,1.0
Tamil Nadu,Tiruvallur,PMGSY-II,12.0,0.0,12.0,0.0,0.0,0.0,40.435,13.93617,40.435,13.8781,0.0,1.0,0.9958331449745518,1.0041842903567493,3.3695833333333334,1.0
Tamil Nadu,Tiruvallur,PMGSY-III,32.0,0.0,32.0,0.0,0.0,0.0,96.01,55.45871,91.698,48.3637,0.0,0.9550880116654514,0.8720668042945824,1.0952005132657527,3.0003125,1.0
Tamil Nadu,Villupuram,PMGSY-III,36.0,1.0,35.0,1.0,1.0,0.0,122.502,71.82422,122.152,58.9428,0.29,0.9971429037893259,0.8206535344205618,1.2150595372666955,3.402833333333333,0.9722222222222222
Tamil Nadu,Virudhunagar,PMGSY-I,204.0,1.0,204.0,1.0,0.0,0.0,435.383,115.97783,432.471,107.1353,0.0,0.9933116359619003,0.9237567214354675,1.075295706014835,2.1342303921568626,1.0
Telangana,Jayashankar Bhoopalapally,PMGSY-I,53.0,7.0,53.0,7.0,0.0,0.0,190.555,56.47182,190.805,72.0802,0.0,1.0,1.0,0.7844860115480782,3.595377358490566,1.0
Telangana,Kamareddy,PMGSY-II,4.0,1.0,4.0,1.0,0.0,0.0,36.94,24.3256,36.94,24.8706,0.0,1.0,1.0,0.9780865761179868,9.235,1.0
Telangana,Kamareddy,PMGSY-III,11.0,4.0,9.0,3.0,2.0,1.0,83.208,59.17634,74.643,53.6948,5.234,0.8970651860398039,0.90736939797223,0.9886438621850662,7.564363636363637,0.8181818181818182
Telangana,Karimnagar,PMGSY-II,3.0,0.0,3.0,0.0,0.0,0.0,27.18,13.8392,26.431,13.3442,0.0,0.9724429727740986,0.9642320365339038,1.008515519013152,9.06,1.0
Telangana,Karimnagar,PMGSY-III,11.0,1.0,0.0,1.0,11.0,0.0,56.933,30.88998,14.17,14.8883,42.763,0.24888904501782796,0.4819782984644211,0.5163905632489811,5.175727272727273,0.0
Telangana,Khammam,PMGSY-III,16.0,7.0,13.0,2.0,3.0,5.0,115.803,99.76101,106.807,71.3487,4.654,0.9223163475903042,0.7151962475119287,1.2895989748253274,7.2376875,0.8125
Telangana,Komrambheem Asifabad,PMGSY-I,157.0,45.0,145.0,41.0,12.0,4.0,779.469,280.28829,696.027,345.2748,63.723,0.8929502007135627,1.0,0.7248819920050964,4.964770700636943,0.9235668789808917
Telangana,Mahabubabad,RCPLWEA,1.0,0.0,0.0,0.0,1.0,0.0,38.4,37.0495,17.642,19.581,20.758,0.4594270833333333,0.528509156668781,0.869288786270279,38.4,0.0
Telangana,Mancherial,PMGSY-I,83.0,24.0,81.0,22.0,2.0,2.0,399.965,162.07359,368.755,204.1638,12.999,0.9219681722150689,1.0,0.7318961125166873,4.818855421686747,0.9759036144578314
Telangana,Mancherial,RCPLWEA,21.0,21.0,8.0,11.0,13.0,10.0,144.886,220.6134,73.014,118.3623,71.482,0.5039410294990544,0.5365145544196318,0.9392867823393656,6.899333333333333,0.38095238095238093
Telangana,Mancherial,PMGSY-III,11.0,12.0,9.0,11.0,2.0,1.0,81.154,66.56117,73.935,26.4757,7.06,0.9110456662641399,0.3977649431342628,2.290412169271093,7.3776363636363635,0.8181818181818182
Telangana,Medak,PMGSY-I,99.0,6.0,99.0,6.0,0.0,0.0,314.96,60.9081,311.917,110.594,0.0,0.9903384556769114,1.0,0.5454150649421748,3.181414141414141,1.0
Telangana,Nagarkurnool,PMGSY-III,11.0,4.0,10.0,1.0,1.0,3.0,70.486,51.73822,67.679,37.8024,0.825,0.9601764889481599,0.7306474787884083,1.3141446686990101,6.4078181818181825,0.9090909090909091
Telangana,Nirmal,PMGSY-I,74.0,13.0,70.0,12.0,4.0,1.0,272.87,92.9709,255.516,124.6339,14.034,0.9364019496463517,1.0,0.6985108547544128,3.6874324324324323,0.9459459459459459
Telangana,Peddapalli,PMGSY-II,3.0,1.0,3.0,1.0,0.0,0.0,22.95,13.7895,20.073,12.1216,0.0,0.8746405228758171,0.8790456506762392,0.9949887383015509,7.6499999999999995,1.0
Telangana,Rajanna Sircilla,PMGSY-I,49.0,4.0,49.0,4.0,0.0,0.0,151.225,28.7581,143.795,53.3743,0.0,0.9508679120515787,1.0,0.5123281148712115,3.086224489795918,1.0
Telangana,Ranga Reddy,PMGSY-I,108.0,22.0,108.0,22.0,0.0,0.0,437.925,100.8337,430.273,185.4617,0.0,0.982526688359879,1.0,0.5341900852632836,4.054861111111111,1.0
Telangana,Sangareddy,PMGSY-III,19.0,10.0,13.0,1.0,6.0,9.0,121.317,103.71032,89.522,65.6288,28.74,0.7379180164362786,0.6328087696576387,1.1660995419445688,6.385105263157894,0.6842105263157895
Telangana,Siddipet,PMGSY-I,99.0,6.0,99.0,6.0,0.0,0.0,407.205,104.5496,400.715,191.7028,0.0,0.9840620817524343,1.0,0.536681243165902,4.113181818181818,1.0
Telangana,Wanaparthy,PMGSY-II,1.0,0.0,1.0,0.0,0.0,0.0,6.82,4.0783,6.2,2.8984,0.0,0.9090909090909091,0.7106882769781527,1.279169698642511,6.82,1.0
Telangana,Warangal Urban,PMGSY-I,34.0,0.0,34.0,0.0,0.0,0.0,86.149,11.6626,85.905,23.1814,0.0,0.9971676978258599,1.0,0.5016766887532191,2.5337941176470586,1.0
Tripura,Gomati,PMGSY-II,7.0,0.0,7.0,0.0,0.0,0.0,54.642,53.23826,53.899,56.8513,0.0,0.9864024010834157,1.0,0.9237141014102256,7.806,1.0
Tripura,Khowai,PMGSY-I,139.0,5.0,139.0,5.0,0.0,0.0,423.274,251.40723,414.635,245.9693,0.0,0.9795900527790509,0.978370033351865,1.0012469918186333,3.045136690647482,1.0
Tripura,Khowai,PMGSY-III,13.0,2.0,2.0,0.0,11.0,2.0,92.749,92.56916,37.25,34.1859,55.499,0.4016215808256693,0.36930117978817134,1.0875177302602628,7.134538461538461,0.15384615384615385
Tripura,South Tripura,PMGSY-I,281.0,15.0,281.0,15.0,0.0,0.0,1007.773,671.5744,992.179,648.2745,0.0,0.9845262772469593,0.9653055566144273,1.0199115404452286,3.5863807829181495,1.0
Tripura,South Tripura,PMGSY-II,6.0,0.0,6.0,0.0,0.0,0.0,60.36,65.09914,59.166,70.5475,0.0,0.9802186878727633,1.0,0.9045167240858333,10.06,1.0
Tripura,South Tripura,PMGSY-III,14.0,0.0,6.0,0.0,8.0,0.0,144.105,138.01054,47.73,43.88,94.028,0.3312168210679713,0.3179467307352033,1.0417368352933931,10.293214285714285,0.42857142857142855
Uttar Pradesh,Agra,PMGSY-I,321.0,0.0,321.0,0.0,0.0,0.0,805.525,165.8724,789.429,150.3296,0.0,0.9800180006827846,0.9062966473023842,1.081343513296484,2.509423676012461,1.0
Uttar Pradesh,Amethi,PMGSY-III,43.0,0.0,40.0,0.0,3.0,0.0,301.508,247.0922,291.955,218.5772,7.122,0.9683159319155711,0.8845977331538593,1.0946398522447385,7.011813953488372,0.9302325581395349
Uttar Pradesh,Auraiya,PMGSY-I,140.0,0.0,140.0,0.0,0.0,0.0,378.67,105.0773,369.13,96.9338,0.0,0.9748065598014102,0.9224999119695692,1.0567009786701926,2.7047857142857143,1.0
Uttar Pradesh,Auraiya,PMGSY-II,7.0,0.0,7.0,0.0,0.0,0.0,58.75,36.4278,58.365,28.0419,0.0,0.9934468085106384,0.7697939485777345,1.29053600687057,8.392857142857142,1.0
Uttar Pradesh,Auraiya,PMGSY-III,10.0,0.0,8.0,0.0,2.0,0.0,62.285,47.9342,53.73,31.2845,8.735,0.8626475074255439,0.6526550980302165,1.321750967745609,6.2284999999999995,0.8
Uttar Pradesh,Baghpat,PMGSY-II,16.0,0.0,16.0,0.0,0.0,0.0,118.61,51.37971,117.696,48.9855,0.0,0.9922940730123936,0.9534016443455987,1.0407933308039237,7.413125,1.0
Uttar Pradesh,Bahraich,PMGSY-II,12.0,1.0,12.0,1.0,0.0,0.0,101.075,64.5484,98.849,60.6683,0.0,0.9779767499381647,0.9398885177634148,1.040524202024923,8.422916666666667,1.0
Uttar Pradesh,Ballia,PMGSY-I,227.0,0.0,226.0,0.0,1.0,0.0,527.491,156.7021,516.362,143.2851,8.7,0.9789020097025352,0.9143789394015779,1.0705649129924022,2.323748898678414,0.9955947136563876
Uttar Pradesh,Ballia,PMGSY-II,15.0,0.0,15.0,0.0,0.0,0.0,99.65,62.4179,97.229,56.6339,0.0,0.9757049673858504,0.907334274302724,1.0753533675730134,6.6433333333333335,1.0
Uttar Pradesh,Ballia,PMGSY-III,32.0,0.0,32.0,0.0,0.0,0.0,233.075,146.6125,233.045,124.6557,0.0,0.9998712860667167,0.8502392360815073,1.1759881732520576,7.28359375,1.0
Uttar Pradesh,Balrampur,PMGSY-II,16.0,0.0,16.0,0.0,0.0,0.0,109.975,74.6984,108.375,68.7254,0.0,0.985451238917936,0.9200384479453374,1.0710978884835527,6.8734375,1.0
Uttar Pradesh,Banda,PMGSY-III,21.0,0.0,21.0,0.0,0.0,0.0,163.367,136.6557,162.798,124.2127,0.0,0.9965170444459408,0.9089463520365415,1.0963430814296053,7.779380952380952,1.0
Uttar Pradesh,Barabanki,PMGSY-III,57.0,0.0,57.0,0.0,0.0,0.0,431.745,406.3758,425.965,378.3801,0.0,0.9866124680077359,0.9311088406347031,1.0596102463544412,7.574473684210527,1.0
Uttar Pradesh,Bareilly,PMGSY-I,275.0,0.0,275.0,0.0,0.0,0.0,753.233,151.8216,742.463,157.9637,0.0,0.98570163548331,1.0,0.9473746146848477,2.739029090909091,1.0
Uttar Pradesh,Bijnor,PMGSY-III,19.0,0.0,19.0,0.0,0.0,0.0,135.038,90.1265,135.038,74.9555,0.0,1.0,0.8316699305975491,1.202400090720494,7.107263157894738,1.0
Uttar Pradesh,Chandauli,PMGSY-II,13.0,0.0,13.0,0.0,0.0,0.0,93.025,40.6267,91.75,35.6952,0.0,0.9862940069873689,0.8786143102934769,1.1225562746160196,7.1557692307692315,1.0
Uttar Pradesh,Chitrakoot,PMGSY-III,13.0,0.0,9.0,0.0,4.0,0.0,93.988,82.54023,66.725,49.3575,27.213,0.7099310550283014,0.5979811299290055,1.1872131401748196,7.229846153846154,0.6923076923076923
Uttar Pradesh,Deoria,PMGSY-II,14.0,0.0,14.0,0.0,0.0,0.0,95.115,60.33697,94.88,54.375,0.0,0.9975293066288178,0.9011887736490579,1.1069038316907363,6.793928571428571,1.0
Uttar Pradesh,Farrukhabad,PMGSY-III,23.0,0.0,23.0,0.0,0.0,0.0,186.745,149.74739,186.745,122.3299,0.0,1.0,0.8169083948641775,1.224127461887895,8.119347826086956,1.0
Uttar Pradesh,G.B. Nagar,PMGSY-I,179.0,0.0,179.0,0.0,0.0,0.0,429.785,98.8914,412.065,89.5028,0.0,0.9587700827157765,0.9050615119211578,1.0593424536202103,2.401033519553073,1.0
Uttar Pradesh,G.B. Nagar,PMGSY-II,9.0,0.0,9.0,0.0,0.0,0.0,100.15,65.4942,94.903,50.3961,0.0,0.947608587119321,0.7694742435208002,1.231501372656024,11.127777777777778,1.0
Uttar Pradesh,Ghaziabad,PMGSY-I,154.0,0.0,154.0,0.0,0.0,0.0,385.4,79.6784,372.599,75.601,0.0,0.9667851582771148,0.9488267836703549,1.0189269263008063,2.5025974025974023,1.0
Uttar Pradesh,Ghazipur,PMGSY-III,62.0,0.0,49.0,0.0,13.0,0.0,417.405,303.30394,406.31,225.3047,5.1,0.9734191013524036,0.7428347287542654,1.3104114060267866,6.7323387096774185,0.7903225806451613
Uttar Pradesh,Hamirpur,PMGSY-I,106.0,0.0,106.0,0.0,0.0,0.0,392.265,106.43,380.93,95.8403,0.0,0.9711037181497203,0.900500798646998,1.0784040609500882,3.70061320754717,1.0
Uttar Pradesh,Hamirpur,PMGSY-III,19.0,0.0,18.0,0.0,1.0,0.0,157.0,110.9985,145.611,88.4668,9.85,0.9274585987261146,0.7970089685896656,1.1636739801903158,8.263157894736842,0.9473684210526315
Uttar Pradesh,Hardoi,PMGSY-I,415.0,0.0,415.0,0.0,0.0,0.0,1190.986,359.2984,1180.089,329.0393,0.0,0.9908504382083415,0.9157828145073844,1.0819709897497227,2.8698457831325306,1.0
Uttar Pradesh,Hathras,PMGSY-I,189.0,0.0,189.0,0.0,0.0,0.0,440.1,105.9981,429.017,98.7266,0.0,0.9748170870256759,0.9313997137684544,1.0466151885333466,2.3285714285714287,1.0
Uttar Pradesh,Kannauj,PMGSY-III,16.0,0.0,16.0,0.0,0.0,0.0,111.208,101.61033,108.708,88.4766,0.0,0.9775196029062657,0.8707441457969873,1.1226255239551997,6.9505,1.0
Uttar Pradesh,Kanpur Nagar,PMGSY-III,35.0,0.0,30.0,0.0,5.0,0.0,263.995,211.71503,216.755,129.0281,43.6,0.821057216992746,0.6094423244301549,1.347227102680236,7.542714285714286,0.8571428571428571
Uttar Pradesh,Kaushambi,PMGSY-III,40.0,0.0,31.0,0.0,9.0,0.0,282.62,272.4038,231.588,190.7512,49.105,0.8194324534710918,0.7002516117616568,1.1701971687142654,7.0655,0.775
Uttar Pradesh,Kushinagar,PMGSY-II,14.0,0.0,14.0,0.0,0.0,0.0,98.875,67.3317,98.255,54.6509,0.0,0.9937294563843236,0.8116667186481257,1.224307260053034,7.0625,1.0
Uttar Pradesh,Kushinagar,PMGSY-III,63.0,0.0,63.0,0.0,0.0,0.0,420.655,338.88378,417.937,284.161,0.0,0.9935386480607625,0.8385205098928016,1.1848710154839013,6.677063492063492,1.0
Uttar Pradesh,Maharajganj,PMGSY-III,41.0,0.0,41.0,0.0,0.0,0.0,318.064,245.54334,310.886,204.4808,0.0,0.9774322149001459,0.8327686672340614,1.1737139656641582,7.7576585365853665,1.0
Uttar Pradesh,Mathura,PMGSY-III,34.0,3.0,32.0,3.0,2.0,0.0,305.538,236.21237,283.247,172.5962,17.46,0.9270434446779124,0.7306823093134369,1.2687366764756904,8.986411764705883,0.9411764705882353
Uttar Pradesh,Mau,PMGSY-III,28.0,0.0,28.0,0.0,0.0,0.0,196.93,172.90397,193.785,158.3352,0.0,0.9840298583252932,0.9157406854220872,1.0745726098996353,7.033214285714286,1.0
Uttar Pradesh,Mirzapur,PMGSY-III,23.0,0.0,22.0,0.0,1.0,0.0,187.965,120.91011,176.83,97.6285,5.7,0.9407602479184956,0.8074469537741715,1.1651047087628363,8.172391304347826,0.9565217391304348
Uttar Pradesh,Moradabad,PMGSY-III,23.0,0.0,23.0,0.0,0.0,0.0,142.535,86.95423,138.542,68.764,0.0,0.9719858280422353,0.7908068417143134,1.2291064982887119,6.197173913043478,1.0
Uttar Pradesh,Pilibhit,PMGSY-III,31.0,1.0,31.0,1.0,0.0,0.0,251.34,158.50596,248.035,132.8438,0.0,0.986850481419591,0.8380997156195262,1.1774857609754796,8.10774193548387,1.0
Uttar Pradesh,Pratapgarh,PMGSY-I,382.0,0.0,382.0,0.0,0.0,0.0,1114.335,230.3692,1082.53,207.0207,0.0,0.9714583137027913,0.8986474754437659,1.0810226927117004,2.917107329842932,1.0
Uttar Pradesh,Prayagraj,PMGSY-I,345.0,0.0,345.0,0.0,0.0,0.0,874.325,252.1413,870.48,240.7154,0.0,0.995602321791096,0.9546845360121486,1.042860006877106,2.5342753623188408,1.0
Uttar Pradesh,S.R. Nagar(Bhadohi),PMGSY-III,19.0,0.0,8.0,0.0,11.0,0.0,121.77,117.4236,83.389,48.573,37.41,0.684807423831814,0.4136561985835897,1.6554990017717124,6.408947368421052,0.42105263157894735
Uttar Pradesh,Sambhal,PMGSY-I,256.0,0.0,256.0,0.0,0.0,0.0,626.939,130.0269,608.947,121.8389,0.0,0.971301833192703,0.9370284148895343,1.0365767118249123,2.44898046875,1.0
Uttar Pradesh,Shamli,PMGSY-I,47.0,0.0,47.0,0.0,0.0,0.0,193.67,54.2126,193.41,52.7319,0.0,0.9986575101977592,0.9726871612872284,1.0266995905201033,4.120638297872341,1.0
Uttar Pradesh,Sitapur,PMGSY-III,64.0,0.0,64.0,0.0,0.0,0.0,509.362,488.41828,509.09,467.0466,0.0,0.9994659986414376,0.9562430791902384,1.045200765779974,7.95878125,1.0
Uttar Pradesh,Sultanpur,PMGSY-I,296.0,0.0,296.0,0.0,0.0,0.0,912.88,284.1045,899.854,279.0367,0.0,0.985730873718342,0.9821621973604784,1.0036334898323864,3.084054054054054,1.0
Uttar Pradesh,Varanasi,PMGSY-II,16.0,0.0,16.0,0.0,0.0,0.0,98.0,40.37843,96.605,35.7274,0.0,0.9857653061224491,0.8848139959874617,1.1140932564276684,6.125,1.0
Uttarakhand,Almora,PMGSY-III,20.0,0.0,2.0,0.0,18.0,0.0,238.672,169.98509,142.485,80.4921,96.188,0.5969908493664947,0.4735244720581081,1.260739168921423,11.9336,0.1
Uttarakhand,Chamoli,PMGSY-I,237.0,104.0,224.0,87.0,13.0,17.0,2370.62,1374.80472,2296.423,1379.5257,33.735,0.9687014367549417,1.0,0.9653863697656923,10.002616033755274,0.9451476793248945
Uttarakhand,Udham Singh Nagar,PMGSY-II,3.0,0.0,3.0,0.0,0.0,0.0,18.0,5.6079,17.605,5.2931,0.0,0.9780555555555556,0.9438649048663492,1.0362240936313314,6.0,1.0
Uttarakhand,Uttarkashi,PMGSY-II,6.0,0.0,6.0,0.0,0.0,0.0,59.961,33.6605,59.961,35.8755,0.0,1.0,1.0,0.9382587002271745,9.9935,1.0
West Bengal,Bankura,PMGSY-II,11.0,3.0,11.0,3.0,0.0,0.0,162.64,159.45727,163.694,124.7358,0.0,1.0,0.7822521983475573,1.2866446047853215,14.785454545454543,1.0
West Bengal,Bankura,PMGSY-III,34.0,0.0,5.0,0.0,29.0,0.0,292.591,226.99115,56.878,44.9698,234.753,0.19439422265209796,0.19811256958696408,0.9812311407468071,8.605617647058823,0.14705882352941177
West Bengal,Birbhum,PMGSY-I,344.0,2.0,344.0,2.0,0.0,0.0,2244.611,895.89926,2221.185,824.4759,0.0,0.9895634477421701,0.9202774651248177,1.0752881443293356,6.525031976744185,1.0
West Bengal,Cooch-Behar,PMGSY-II,6.0,4.0,6.0,4.0,0.0,0.0,76.575,84.53225,76.113,76.2672,0.0,0.9939666993143976,0.9022260734808313,1.1016825256220169,12.762500000000001,1.0
West Bengal,Howrah,PMGSY-II,19.0,1.0,19.0,1.0,0.0,0.0,117.061,104.40142,117.068,94.1135,0.0,1.0,0.901458045302449,1.109380301273615,6.1611052631578955,1.0
West Bengal,Howrah,PMGSY-III,23.0,0.0,12.0,0.0,11.0,0.0,129.7,93.41899,70.753,58.2632,58.941,0.5455127216653817,0.6236761926028103,0.8746729923885243,5.639130434782608,0.5217391304347826
West Bengal,Jhargram,PMGSY-II,5.0,0.0,5.0,0.0,0.0,0.0,68.099,59.2613,68.099,46.319,0.0,1.0,0.781606208436197,1.2794166540728427,13.619800000000001,1.0
West Bengal,Maldah,PMGSY-I,200.0,1.0,200.0,1.0,0.0,0.0,1416.876,662.56652,1394.504,589.4175,0.0,0.9842103331554772,0.8895974701528837,1.1063546898198053,7.0843799999999995,1.0
West Bengal,Maldah,PMGSY-II,20.0,0.0,20.0,0.0,0.0,0.0,174.297,141.17538,172.705,117.3991,0.0,0.9908661652237274,0.8315833823149618,1.1915415655196888,8.71485,1.0
West Bengal,Murshidabad,PMGSY-III,44.0,0.0,13.0,0.0,31.0,0.0,306.789,178.08444,140.963,83.189,165.831,0.4594786644892744,0.46713233340318777,0.983615630161684,6.972477272727272,0.29545454545454547
West Bengal,North 24 Parganas,PMGSY-II,17.0,0.0,17.0,0.0,0.0,0.0,108.635,88.48067,108.82,64.7262,0.0,1.0,0.7315292707435421,1.3693272303760107,6.390294117647059,1.0
West Bengal,North 24 Parganas,PMGSY-III,51.0,0.0,12.0,0.0,39.0,0.0,302.53,215.07294,87.553,67.3683,214.506,0.2894027038640796,0.31323466355181645,0.923916595253212,5.931960784313725,0.23529411764705882
West Bengal,Paschim Burdwan,PMGSY-III,17.0,1.0,6.0,0.0,11.0,1.0,100.042,80.30224,41.255,30.8338,57.277,0.41237680174326785,0.38397185433432496,1.0739766394028731,5.884823529411765,0.35294117647058826
West Bengal,Paschim Medinipur,PMGSY-I,732.0,0.0,732.0,0.0,0.0,0.0,3686.237,2004.87157,3666.523,1915.3207,0.0,0.9946519987727322,0.9553333633236167,1.0411569792897482,5.035842896174864,1.0
West Bengal,Purba Medinipur,PMGSY-II,11.0,2.0,11.0,2.0,0.0,0.0,101.85,82.46289,101.408,77.8186,0.0,0.9956602847324497,0.9436802421064797,1.0550822623031084,9.259090909090908,1.0
West Bengal,Siliguri M.P.,PMGSY-I,94.0,1.0,94.0,1.0,0.0,0.0,354.167,121.07113,352.332,110.1007,0.0,0.9948188284058086,0.9093885553062898,1.0939425426029747,3.767734042553191,1.0
West Bengal,South 24-Parganas,PMGSY-II,29.0,0.0,29.0,0.0,0.0,0.0,171.764,148.82442,171.515,138.2227,0.0,0.9985503365082321,0.9287635725373564,1.0751394284125724,5.922896551724138,1.0
West Bengal,Uttardinajpur,PMGSY-I,351.0,4.0,351.0,4.0,0.0,0.0,1463.526,662.19252,1437.278,580.5011,0.0,0.9820652315025493,0.8766349399416351,1.1202670424794312,4.169589743589744,1.0
Andaman And Nicobar,Nicobar,PMGSY-I,3.0,0.0,3.0,0.0,0.0,0.0,2.969,1.3857,2.969,1.1082,0.0,1.0,0.7997402035072527,1.2504060638873848,0.9896666666666666,1.0
Andhra Pradesh,Alluri Sitharama Raju,PMGSY-II,2.0,0.0,2.0,0.0,0.0,0.0,14.0,8.9385,12.395,6.4294,0.0,0.8853571428571428,0.719292946243777,1.2308714376813652,7.0,1.0
Andhra Pradesh,Alluri Sitharama Raju,PMGSY-III,3.0,1.0,3.0,0.0,0.0,1.0,29.1,15.62,29.436,12.5535,0.0,1.0,0.8036811779769526,1.2586413860019323,9.700000000000001,1.0
Andhra Pradesh,Anakapalli,PMGSY-II,5.0,0.0,5.0,0.0,0.0,0.0,34.62,21.309,31.291,16.1277,0.0,0.9038417099942231,0.7568492186400113,1.194216348162906,6.9239999999999995,1.0
Andhra Pradesh,Annamayya,PMGSY-II,6.0,0.0,6.0,0.0,0.0,0.0,42.6,19.726,39.315,16.685,0.0,0.9228873239436619,0.8458379803305283,1.0910923195752278,7.1000000000000005,1.0
Andhra Pradesh,Chittoor,PMGSY-II,11.0,0.0,11.0,0.0,0.0,0.0,69.29,33.6205,66.882,27.3141,0.0,0.9652475104632703,0.8124239675198168,1.1881081172555705,6.29909090909091,1.0
Andhra Pradesh,Chittoor,PMGSY-III,38.0,3.0,34.0,0.0,4.0,3.0,282.008,186.9541,236.524,108.1125,38.4,0.8387137953533234,0.5782836535812801,1.4503501701270876,7.421263157894736,0.8947368421052632
Andhra Pradesh,Eluru,PMGSY-II,7.0,0.0,7.0,0.0,0.0,0.0,45.54,22.2167,44.101,18.5315,0.0,0.9684014053579271,0.834124780007832,1.1609790628074068,6.505714285714285,1.0
Andhra Pradesh,Eluru,PMGSY-III,12.0,2.0,9.0,0.0,3.0,2.0,75.097,48.8486,61.66,36.1758,11.16,0.8210714143041666,0.7405698423291559,1.1087022011615089,6.2580833333333326,0.75
Andhra Pradesh,Guntur,PMGSY-II,4.0,0.0,4.0,0.0,0.0,0.0,35.1,17.3794,34.839,13.8579,0.0,0.9925641025641024,0.7973750532239318,1.2447895109722658,8.775,1.0
Andhra Pradesh,Guntur,PMGSY-III,11.0,3.0,6.0,0.0,5.0,3.0,68.444,61.4522,52.971,39.2423,15.0,0.7739319735842439,0.638582508030632,1.211952980001011,6.222181818181818,0.5454545454545454
Andhra Pradesh,Kakinada,PMGSY-III,12.0,1.0,12.0,0.0,0.0,1.0,87.62,47.5397,84.674,39.0525,0.0,0.966377539374572,0.8214713176566112,1.1763983946893373,7.301666666666667,1.0
Andhra Pradesh,Krishna,PMGSY-III,16.0,6.0,7.0,0.0,9.0,6.0,95.023,115.75985,63.155,47.7937,29.626,0.6646285636109153,0.41286940161031654,1.6097791723452046,5.9389375,0.4375
Andhra Pradesh,Nandyal,PMGSY-III,12.0,3.0,12.0,2.0,0.0,1.0,113.91,87.6318,107.793,81.1962,0.0,0.9462997102976034,0.9265609059724895,1.0213032993275242,9.4925,1.0
Andhra Pradesh,Palnadu,PMGSY-I,138.0,4.0,138.0,4.0,0.0,0.0,565.97,142.3531,565.606,150.4727,0.0,0.999356856370479,1.0,0.9454309420286368,4.101231884057971,1.0
Andhra Pradesh,Palnadu,PMGSY-III,15.0,4.0,12.0,0.0,3.0,4.0,102.686,116.83499,89.892,74.5294,9.381,0.875406579280525,0.6379030802330705,1.3723190973786767,6.8457333333333334,0.8
Andhra Pradesh,Parvathipuram Manyam,PMGSY-I,141.0,4.0,135.0,4.0,6.0,0.0,435.81,144.1695,396.601,135.1793,24.393,0.9100318946329823,0.9376414567574973,0.9705542433885198,3.0908510638297875,0.9574468085106383
Andhra Pradesh,Prakasam,PMGSY-III,17.0,5.0,15.0,0.0,2.0,5.0,158.464,143.225,138.139,80.8843,17.05,0.8717374293214863,0.5647359050445104,1.5436196309366572,9.321411764705882,0.8823529411764706
Andhra Pradesh,Tirupati,PMGSY-I,137.0,15.0,137.0,15.0,0.0,0.0,344.624,86.9762,334.918,83.0694,0.0,0.9718359719578439,0.9550819649513315,1.0175419572574236,2.5155036496350367,1.0
Andhra Pradesh,Tirupati,PMGSY-II,6.0,0.0,6.0,0.0,0.0,0.0,50.145,23.1713,46.946,18.9505,0.0,0.936205005484096,0.8178436255195005,1.144723729905471,8.3575,1.0
Andhra Pradesh,Visakhapatnam,PMGSY-III,2.0,0.0,2.0,0.0,0.0,0.0,13.17,5.19998,11.89,4.4959,0.0,0.9028094153378892,0.8645994792287662,1.0441937995882287,6.585,1.0
Andhra Pradesh,Vizianagaram,PM-JANMAN,3.0,0.0,0.0,0.0,3.0,0.0,15.6,16.3,0.0,0.0,15.6,0.0,0.0,,5.2,0.0
Arunachal Pradesh,Changlang,PMGSY-I,100.0,28.0,99.0,28.0,1.0,0.0,949.981,534.7094,937.846,535.341,10.52,0.9872260603106799,1.0,0.9860613223591832,9.49981,0.99
Arunachal Pradesh,East Siang,PMGSY-II,3.0,0.0,3.0,0.0,0.0,0.0,17.51,7.812,17.51,7.9531,0.0,1.0,1.0,0.9822584903999698,5.836666666666667,1.0
Arunachal Pradesh,Kamale,PMGSY-II,3.0,0.0,3.0,0.0,0.0,0.0,29.5,28.0793,29.0,28.2324,0.0,0.9830508474576272,1.0,0.9777199126187273,9.833333333333334,1.0
Arunachal Pradesh,Kamale,PMGSY-III,2.0,0.0,1.0,0.0,1.0,0.0,12.3,9.3786,6.0,7.4835,6.3,0.4878048780487805,0.797933593500096,0.6113351813013018,6.15,0.5
Arunachal Pradesh,Kurung Kumey,PMGSY-I,60.0,29.0,51.0,23.0,9.0,6.0,963.789,900.1091,876.729,857.292,89.99,0.90966902506669,0.952431210838775,0.955102074264843,16.06315,0.85
Arunachal Pradesh,Lepa Rada,PMGSY-I,27.0,1.0,27.0,1.0,0.0,0.0,172.85,103.1735,171.339,95.712,0.0,0.9912583164593578,0.9276800728869332,1.0685346655928154,6.401851851851852,1.0
Arunachal Pradesh,Longding,PMGSY-I,70.0,0.0,69.0,0.0,1.0,0.0,632.946,365.2963,632.609,370.2964,0.2,0.9994675691133209,1.0,0.9859717916973818,9.042085714285715,0.9857142857142858
Arunachal Pradesh,Lower Dibang Valley,PMGSY-I,29.0,4.0,29.0,4.0,0.0,0.0,171.48,104.4418,171.48,98.0461,0.0,1.0,0.9387630239999694,1.0652315594398962,5.913103448275861,1.0
Arunachal Pradesh,Papum Pare,PMGSY-II,6.0,6.0,6.0,6.0,0.0,0.0,73.13,106.784,69.02,101.1039,0.0,0.943798714617804,0.9468075741684147,0.9968221002527854,12.188333333333333,1.0
Arunachal Pradesh,Shi Yomi,PMGSY-I,24.0,2.0,22.0,1.0,2.0,1.0,218.71,195.3334,169.12,153.2078,49.59,0.7732613963696219,0.7843400053447079,0.9858752468322496,9.112916666666667,0.9166666666666666
Arunachal Pradesh,Shi Yomi,PMGSY-III,1.0,1.0,0.0,0.0,1.0,1.0,7.87,16.3362,0.0,0.0,7.87,0.0,0.0,,7.87,0.0
Arunachal Pradesh,Siang,PMGSY-II,2.0,0.0,2.0,0.0,0.0,0.0,28.22,22.8833,28.22,17.3735,0.0,1.0,0.759221790563424,1.317138170201744,14.11,1.0
Arunachal Pradesh,Siang,PMGSY-III,6.0,1.0,1.0,0.0,5.0,1.0,45.72,34.6605,4.3,2.2687,41.42,0.09405074365704287,0.0654549126527315,1.4368783005795982,7.62,0.16666666666666666
Arunachal Pradesh,Upper Subansiri,PMGSY-I,107.0,19.0,96.0,12.0,11.0,7.0,1456.32,1055.66722,1379.96,1029.567,77.1,0.9475664689079324,0.9752760912667157,0.9715879199675722,13.610467289719626,0.897196261682243
Arunachal Pradesh,West Siang,PMGSY-III,13.0,4.0,5.0,1.0,8.0,3.0,92.01,90.4337,36.6,53.6119,55.41,0.3977828496902511,0.5928309911017684,0.6709886218177916,7.077692307692308,0.38461538461538464
Assam,Baksa,PMGSY-III,14.0,2.0,12.0,1.0,2.0,1.0,85.271,55.9084,83.598,47.9513,1.673,0.9803801995989258,0.8576761273797856,1.1430657427693633,6.0907857142857145,0.8571428571428571
Assam,Barpeta,PMGSY-II,14.0,4.0,14.0,4.0,0.0,0.0,73.95,55.7711,73.95,56.2404,0.0,1.0,1.0,0.9916554647548737,5.2821428571428575,1.0
Assam,Barpeta,PMGSY-III,31.0,7.0,23.0,3.0,8.0,4.0,205.729,164.56276,175.037,133.3367,30.242,0.8508134487602622,0.8102483210660785,1.0500650561556368,6.6364193548387105,0.7419354838709677
Assam,Chirang,PMGSY-II,4.0,4.0,4.0,4.0,0.0,0.0,25.065,24.2265,25.065,25.1141,0.0,1.0,1.0,0.9646573040642507,6.26625,1.0
Assam,Dhemaji,PMGSY-III,13.0,2.0,10.0,2.0,3.0,0.0,87.604,49.67692,72.93,36.7715,14.674,0.8324962330487193,0.7402129600627414,1.1246712472828846,6.738769230769231,0.7692307692307693
Assam,Dhubri,PMGSY-III,36.0,5.0,34.0,0.0,2.0,5.0,222.777,221.01408,213.17,192.537,8.157,0.9568761586698806,0.8711526433067069,1.098402405160347,6.18825,0.9444444444444444
Assam,Golaghat,PMGSY-III,26.0,0.0,22.0,0.0,4.0,0.0,205.458,136.3507,169.01,114.1115,36.118,0.82260121289996,0.8368970603011207,0.9829180336754715,7.902230769230769,0.8461538461538461
Assam,Karbi Anglong,PMGSY-III,19.0,3.0,8.0,1.0,11.0,2.0,113.387,66.53463,41.74,27.9154,71.647,0.3681198020937145,0.4195619634467044,0.8773907888827858,5.967736842105263,0.42105263157894735
Assam,Karimganj,PMGSY-I,266.0,53.0,266.0,53.0,0.0,0.0,881.413,658.02889,876.615,748.7809,0.0,0.9945564678533219,1.0,0.8740165361908165,3.3135827067669172,1.0
Assam,N.C.Hills,PMGSY-I,80.0,7.0,79.0,7.0,1.0,0.0,494.63,287.1118,490.488,300.2716,0.321,0.9916260639265714,1.0,0.9481667401807997,6.182875,0.9875
Assam,N.C.Hills,PMGSY-III,21.0,10.0,13.0,1.0,8.0,9.0,207.566,169.82966,107.86,90.036,99.706,0.5196419452126071,0.5301547444657194,0.9801703193966378,9.884095238095238,0.6190476190476191
Assam,Udalguri,PMGSY-III,9.0,0.0,9.0,0.0,0.0,0.0,63.36,54.9087,63.36,56.9186,0.0,1.0,1.0,0.9646881687181343,7.04,1.0
Bihar,Araria,PMGSY-I,320.0,220.0,317.0,209.0,3.0,11.0,1646.233,1354.31006,1598.568,1252.303,1.522,0.971046018394723,0.9246796852413546,1.0501431294462429,5.144478125,0.990625
Bihar,Aurangabad,RCPLWEA,29.0,12.0,25.0,9.0,4.0,3.0,410.667,434.77915,387.147,429.6884,18.35,0.9427273192148383,0.9882911818563517,0.9538963177269996,14.160931034482758,0.8620689655172413
Bihar,Buxar,PMGSY-II,1.0,0.0,1.0,0.0,0.0,0.0,7.817,5.455,7.817,4.2034,0.0,1.0,0.7705591200733273,1.2977589570347812,7.817,1.0
Bihar,Chapra(Saran),PMGSY-I,554.0,12.0,553.0,12.0,1.0,0.0,2082.745,1023.55816,2023.552,949.5737,9.1,0.9715793340039227,0.9277183623840193,1.0472783264817471,3.7594675090252707,0.9981949458483754
Bihar,Darbhanga,PMGSY-II,11.0,0.0,11.0,0.0,0.0,0.0,42.66,17.15696,42.66,18.0141,0.0,1.0,1.0,0.9524183833774656,3.878181818181818,1.0
Bihar,Gopalganj,PMGSY-III,16.0,7.0,16.0,0.0,0.0,7.0,142.893,123.74185,142.11,113.7656,0.0,0.9945203753857783,0.9193785287677533,1.0817311306135655,8.9308125,1.0
Bihar,Jahanabad,PMGSY-I,284.0,3.0,281.0,3.0,3.0,0.0,562.569,250.34601,548.744,222.4337,5.051,0.9754252367265173,0.8885050734381585,1.0978274248362054,1.9808767605633801,0.9894366197183099
Bihar,Jamui,PMGSY-II,9.0,0.0,9.0,0.0,0.0,0.0,52.865,28.64995,52.865,29.6689,0.0,1.0,1.0,0.9656559562370025,5.873888888888889,1.0
Bihar,Jamui,RCPLWEA,22.0,18.0,14.0,18.0,8.0,0.0,414.657,549.95709,346.487,441.7568,66.206,0.8355990613929104,0.8032568504571875,1.0402638470089793,18.848045454545453,0.6363636363636364
Bihar,Katihar,PMGSY-II,8.0,2.0,8.0,2.0,0.0,0.0,77.1,38.80552,75.81,39.6028,0.0,0.9832684824902724,1.0,0.9634734100277231,9.6375,1.0
Bihar,Khagaria,PMGSY-III,5.0,4.0,3.0,0.0,2.0,4.0,38.755,41.33534,26.09,20.9661,12.665,0.6732034576183717,0.5072197301389078,1.3272422534391703,7.751,0.6
Bihar,Madhepura,PMGSY-III,34.0,26.0,26.0,16.0,8.0,10.0,359.093,404.92482,333.943,385.8794,23.65,0.9299624331301362,0.9529655406156629,0.9758615537444664,10.561558823529412,0.7647058823529411
Bihar,Munger,PMGSY-III,3.0,0.0,3.0,0.0,0.0,0.0,21.864,15.0352,21.864,10.0935,0.0,1.0,0.671324624880281,1.4895923118838856,7.288,1.0
Bihar,Muzaffarpur,PMGSY-II,6.0,0.0,6.0,0.0,0.0,0.0,30.699,13.00032,30.44,10.4769,0.0,0.9915632431023812,0.8058955471865308,1.2303867995846813,5.1165,1.0
Bihar,Patna,PMGSY-I,631.0,19.0,626.0,19.0,5.0,0.0,1733.216,879.30644,1641.799,768.5785,14.906,0.9472558527038754,0.8740735482387687,1.0837255681888174,2.7467765451664024,0.9920760697305864
Bihar,Rohtas,PMGSY-II,4.0,0.0,4.0,0.0,0.0,0.0,46.08,26.1661,46.08,24.2488,0.0,1.0,0.9267258017052599,1.0790678301606678,11.52,1.0
Bihar,Rohtas,PMGSY-III,13.0,0.0,12.0,0.0,1.0,0.0,104.417,68.52202,100.702,47.6098,1.805,0.9644215022458028,0.6948102230494665,1.3880358553347618,8.032076923076923,0.9230769230769231
Bihar,Saharsa,PMGSY-II,4.0,0.0,4.0,0.0,0.0,0.0,27.07,20.56356,27.07,19.5607,0.0,1.0,0.951231207047807,1.0512691263605085,6.7675,1.0
Bihar,Samastipur,PMGSY-I,671.0,8.0,665.0,7.0,6.0,1.0,1881.119,959.91127,1839.759,604.4241,12.365,0.9780130868913663,0.6296666357506148,1.5532236128812729,2.803456035767511,0.9910581222056631
Bihar,Sheikhpura,PMGSY-III,1.0,0.0,1.0,0.0,0.0,0.0,5.035,2.85845,4.97,2.4786,0.0,0.9870903674280039,0.8671132956672323,1.1383637782516653,5.035,1.0
Bihar,Sitamarhi,PMGSY-II,6.0,0.0,6.0,0.0,0.0,0.0,35.31,16.35644,35.255,16.6502,0.0,0.9984423676012462,1.0,0.9808268176434953,5.885000000000001,1.0
Bihar,Supaul,PMGSY-III,20.0,13.0,20.0,11.0,0.0,2.0,151.835,156.20206,147.645,163.4952,0.0,0.9724042546185003,1.0,0.9290275660947491,7.59175,1.0
Bihar,Vaishali,PMGSY-III,26.0,7.0,24.0,4.0,2.0,3.0,192.741,150.54715,186.209,138.6424,5.461,0.966109961035794,0.9209234449141018,1.0490665281367735,7.413115384615385,0.9230769230769231
Bihar,West Champaran,PMGSY-II,8.0,0.0,8.0,0.0,0.0,0.0,32.895,14.98459,31.893,15.0084,0.0,0.9695394436844504,1.0,0.968001322755229,4.111875,1.0
Chhattisgarh,Bastar,PMGSY-III,20.0,1.0,20.0,1.0,0.0,0.0,300.38,208.82543,309.63,185.9576,0.0,1.0,0.8904930783573629,1.157554564137665,15.019,1.0
Chhattisgarh,Bijapur,RCPLWEA,17.0,7.0,5.0,1.0,12.0,6.0,352.8,292.68083,78.4,72.5616,274.85,0.22222222222222224,0.24792057614432758,0.8963444086740707,20.75294117647059,0.29411764705882354
Chhattisgarh,Bilaspur,PMGSY-I,207.0,0.0,207.0,0.0,0.0,0.0,820.69,229.0845,778.95,206.3789,0.0,0.9491403575040515,0.9008854811215948,1.053563829580625,3.9646859903381646,1.0
Chhattisgarh,Bilaspur,PMGSY-III,29.0,6.0,29.0,4.0,0.0,2.0,251.22,207.37962,251.22,186.0954,0.0,1.0,0.8973659031683057,1.114372628232616,8.662758620689655,1.0
Chhattisgarh,Dhamtari,PMGSY-II,9.0,0.0,9.0,0.0,0.0,0.0,123.6,70.3733,123.725,72.6311,0.0,1.0,1.0,0.9698940317381404,13.733333333333333,1.0
Chhattisgarh,Gariaband,PMGSY-III,19.0,15.0,19.0,7.0,0.0,8.0,227.08,124.8281,227.08,100.4088,0.0,1.0,0.8043765786709883,1.2431988032921417,11.951578947368422,1.0
Chhattisgarh,Gaurella Pendra Marwahi,PMGSY-II,5.0,0.0,5.0,0.0,0.0,0.0,65.615,46.60519,66.12,46.5148,0.0,1.0,0.998060516436045,1.0096546194212972,13.123,1.0
Chhattisgarh,Jashpur,PMGSY-II,8.0,0.0,8.0,0.0,0.0,0.0,100.56,68.7109,100.26,62.5739,0.0,0.9970167064439142,0.9106837488666283,1.0948001517373398,12.57,1.0
Chhattisgarh,Korba,PMGSY-III,25.0,5.0,25.0,4.0,0.0,1.0,270.065,172.543,271.085,147.2219,0.0,1.0,0.8532475962513693,1.1764192163465927,10.8026,1.0
Chhattisgarh,Korba,PM-JANMAN,36.0,10.0,2.0,0.0,34.0,10.0,140.625,136.66848,4.6,0.0,135.8,0.03271111111111111,0.0,,3.90625,0.05555555555555555
Chhattisgarh,Koria,PMGSY-III,21.0,14.0,21.0,10.0,0.0,4.0,303.27,237.54106,295.15,210.8661,0.0,0.9732251788835031,0.8877037931884282,1.0963400025451078,14.44142857142857,1.0
Chhattisgarh,Narayanpur,PMGSY-III,1.0,0.0,1.0,0.0,0.0,0.0,10.0,10.1972,10.0,9.4707,0.0,1.0,0.928754952339858,1.076710274847688,10.0,1.0
Chhattisgarh,Raigarh,PM-JANMAN,12.0,0.0,5.0,0.0,7.0,0.0,21.73,15.04564,6.79,0.0,14.85,0.31247123791992637,0.0,,1.8108333333333333,0.4166666666666667
Chhattisgarh,Raipur,PMGSY-II,2.0,0.0,2.0,0.0,0.0,0.0,25.9,19.9851,22.867,14.426,0.0,0.882895752895753,0.7218377691380079,1.2231221344237426,12.95,1.0
Chhattisgarh,Rajnandgaon,RCPLWEA,54.0,22.0,50.0,10.0,4.0,12.0,415.825,308.05882,384.674,240.5299,21.6,0.9250862742740336,0.7807921227511031,1.1848048248931013,7.700462962962963,0.9259259259259259
Chhattisgarh,Rajnandgaon,PMGSY-III,45.0,8.0,45.0,8.0,0.0,0.0,411.75,281.27206,404.569,225.0837,0.0,0.9825598057073467,0.800234833136288,1.227839335431687,9.15,1.0
Chhattisgarh,Surajpur,PMGSY-II,4.0,0.0,4.0,0.0,0.0,0.0,64.15,40.1638,63.862,27.7811,0.0,0.995510522213562,0.6916950089383972,1.4392333461267215,16.0375,1.0
Chhattisgarh,Surajpur,PMGSY-III,21.0,11.0,21.0,10.0,0.0,1.0,293.33,207.60849,293.12,189.8503,0.0,0.999284082773668,0.9144630838555784,1.0927549732904094,13.968095238095238,1.0
Chhattisgarh,Surguja,PM-JANMAN,96.0,20.0,9.0,0.0,87.0,20.0,352.692,375.0735,103.71,0.0,248.98,0.2940526011364023,0.0,,3.6738750000000002,0.09375
Goa,North Goa,PMGSY-I,39.0,0.0,39.0,0.0,0.0,0.0,69.87,4.6652,69.35,0.0,0.0,0.9925576069843994,0.0,,1.7915384615384617,1.0
Goa,North Goa,PMGSY-III,3.0,2.0,0.0,0.0,3.0,2.0,12.986,57.61523,0.0,0.0,12.986,0.0,0.0,,4.328666666666667,0.0
Gujarat,Ahmedabad,PMGSY-II,3.0,0.0,3.0,0.0,0.0,0.0,33.48,20.5836,33.48,16.718,0.0,1.0,0.8122000038865893,1.2312238306017467,11.159999999999998,1.0
Gujarat,Bhavnagar,PMGSY-I,59.0,0.0,59.0,0.0,0.0,0.0,147.345,24.7903,144.845,26.2212,0.0,0.9830330177474634,1.0,0.9293885642100643,2.497372881355932,1.0
Gujarat,Bhavnagar,PMGSY-III,11.0,6.0,9.0,4.0,2.0,2.0,99.063,77.9801,81.756,47.0736,17.8,0.8252929953665848,0.6036617034345942,1.3671448605584833,9.005727272727272,0.8181818181818182
Gujarat,Botad,PMGSY-I,26.0,0.0,26.0,0.0,0.0,0.0,79.435,12.7498,79.44,15.3514,0.0,1.0,1.0,0.8305823918581201,3.055192307692308,1.0
Gujarat,Chhotaudepur,PMGSY-II,4.0,0.0,4.0,0.0,0.0,0.0,41.27,26.5907,41.27,25.5476,0.0,1.0,0.9607719992328145,1.0408296669745885,10.3175,1.0
Gujarat,Dangs,PMGSY-II,2.0,0.0,2.0,0.0,0.0,0.0,17.31,9.9084,17.31,9.4611,0.0,1.0,0.9548564854063218,1.0472778006785681,8.655,1.0
Gujarat,Dangs,PMGSY-III,2.0,4.0,2.0,4.0,0.0,0.0,22.756,36.645,22.756,33.9512,0.0,1.0,0.9264892891253922,1.0793432927260305,11.378,1.0
Gujarat,Gandhinagar,PMGSY-III,7.0,1.0,7.0,0.0,0.0,1.0,69.38,43.20693,67.608,31.6639,0.0,0.9744594984145288,0.7328430879027971,1.329697331529965,9.911428571428571,1.0
Gujarat,Gir Somnath,PMGSY-II,4.0,0.0,4.0,0.0,0.0,0.0,34.95,17.3059,34.95,15.4848,0.0,1.0,0.8947699917369221,1.1176056519942137,8.7375,1.0
Gujarat,Jamnagar,PMGSY-I,72.0,0.0,72.0,0.0,0.0,0.0,243.655,33.8307,239.925,32.6411,0.0,0.9846914694958036,0.9648366720168369,1.0205784025989222,3.384097222222222,1.0
Gujarat,Jamnagar,PMGSY-III,10.0,0.0,10.0,0.0,0.0,0.0,110.556,57.32175,109.853,58.2721,0.0,0.9936412315930387,1.0,0.9774361017891628,11.0556,1.0
Gujarat,Kheda,PMGSY-III,14.0,0.0,14.0,0.0,0.0,0.0,129.955,81.17447,129.592,76.8868,0.0,0.9972067254049479,0.947179575056049,1.0528169648780048,9.2825,1.0
Gujarat,Kutch,PMGSY-II,4.0,0.0,4.0,0.0,0.0,0.0,57.24,43.8796,57.24,34.9572,0.0,1.0,0.796661774492019,1.2552378336937742,14.31,1.0
Gujarat,Panchmahals,PMGSY-II,4.0,0.0,4.0,0.0,0.0,0.0,40.26,25.9157,40.26,23.3817,0.0,1.0,0.9022214333396358,1.1083753533746477,10.065,1.0
Gujarat,Patan,PMGSY-II,4.0,0.0,4.0,0.0,0.0,0.0,34.8,25.5796,34.8,19.264,0.0,1.0,0.753100126663435,1.327844684385382,8.7,1.0
Gujarat,Sabarkantha,PMGSY-II,5.0,9.0,5.0,9.0,0.0,0.0,56.43,49.6961,56.43,33.5175,0.0,1.0,0.6744493028628,1.4826911314984712,11.286,1.0
Gujarat,Sabarkantha,PM-JANMAN,2.0,0.0,2.0,0.0,0.0,0.0,1.55,1.2429,1.55,0.0,0.0,1.0,0.0,,0.775,1.0
Gujarat,Surat,PMGSY-I,155.0,0.0,155.0,0.0,0.0,0.0,443.89,103.6383,436.02,106.1618,0.0,0.9822703823019217,1.0,0.9589215005974019,2.863806451612903,1.0
Gujarat,Surat,PMGSY-II,6.0,3.0,6.0,3.0,0.0,0.0,53.89,34.6008,53.89,30.3906,0.0,1.0,0.8783207324686134,1.1385362579218574,8.981666666666667,1.0
Gujarat,Surendranagar,PMGSY-III,13.0,22.0,13.0,10.0,0.0,12.0,138.9,122.08538,137.925,86.5635,0.0,0.9929805615550756,0.7090406730109698,1.4004564185836386,10.684615384615386,1.0
Haryana,Bhiwani,PMGSY-II,3.0,0.0,3.0,0.0,0.0,0.0,32.34,23.4998,32.34,18.6206,0.0,1.0,0.7923727010442642,1.2620323727484615,10.780000000000001,1.0
Haryana,Faridabad,PMGSY-II,0.0,2.0,0.0,2.0,0.0,0.0,0.0,3.8065,0.0,3.1549,0.0,,0.8288191251806121,,,
Haryana,Fatehabad,PMGSY-III,14.0,0.0,14.0,0.0,0.0,0.0,188.226,74.79676,187.315,70.7421,0.0,0.9951600735286305,0.9457909674162355,1.0521987498434926,13.444714285714285,1.0
Haryana,Gurgaon,PMGSY-I,14.0,0.0,14.0,0.0,0.0,0.0,112.59,33.8266,112.595,33.8888,0.0,1.0,1.0,0.9982089127582652,8.042142857142858,1.0
Haryana,Jhajjar,PMGSY-III,16.0,0.0,14.0,0.0,2.0,0.0,97.235,57.8236,92.702,40.6752,1.73,0.9533809842135034,0.7034359673213013,1.3553202117941137,6.0771875,0.875
Haryana,Karnal,PMGSY-II,9.0,1.0,9.0,1.0,0.0,0.0,100.23,98.6994,100.225,87.4628,0.0,0.9999501147361068,0.8861533099491993,1.1284166108835403,11.136666666666667,1.0
Haryana,Rohtak,PMGSY-III,26.0,0.0,26.0,0.0,0.0,0.0,229.577,97.72531,225.013,91.7552,0.0,0.9801199597520658,0.9389092753965171,1.0438920835435828,8.829884615384616,1.0
Haryana,Sirsa,PMGSY-I,18.0,0.0,18.0,0.0,0.0,0.0,276.32,80.0627,276.32,72.9615,0.0,1.0,0.9113045150863011,1.0973280428719256,15.351111111111111,1.0
Haryana,Sirsa,PMGSY-III,28.0,0.0,28.0,0.0,0.0,0.0,326.16,196.4264,323.797,175.2742,0.0,0.9927550895266127,0.8923148823172445,1.1125613941891632,11.64857142857143,1.0
Haryana,Sonepat,PMGSY-I,20.0,0.0,20.0,0.0,0.0,0.0,209.625,82.9402,210.285,78.7516,0.0,1.0,0.9494985543801436,1.0565034299419545,10.48125,1.0
Haryana,Yamuna Nagar,PMGSY-II,5.0,0.0,5.0,0.0,0.0,0.0,53.24,56.8816,53.24,47.2958,0.0,1.0,0.8314780174959917,1.2026776161942498,10.648,1.0
Haryana,Yamuna Nagar,PMGSY-III,8.0,0.0,8.0,0.0,0.0,0.0,56.51,20.90174,55.211,18.5746,0.0,0.9770129180675987,0.8886628577333753,1.099419098666472,7.06375,1.0
Himachal Pradesh,Kinnaur,PMGSY-I,59.0,1.0,57.0,1.0,2.0,0.0,503.72,172.70948,475.53,164.4658,5.405,0.9440363694115778,0.9522685147335281,0.9913552268140946,8.537627118644068,0.9661016949152542
Himachal Pradesh,Kullu,PMGSY-II,6.0,0.0,6.0,0.0,0.0,0.0,101.84,82.8783,101.24,80.2856,0.0,0.9941084053417124,0.9687167811115818,1.0262116076909438,16.973333333333333,1.0
Himachal Pradesh,Sirmaur,PMGSY-II,7.0,0.0,7.0,0.0,0.0,0.0,77.03,53.3648,77.03,52.716,0.0,1.0,0.9878421731178605,1.012307458836027,11.004285714285714,1.0
Himachal Pradesh,Solan,PMGSY-I,184.0,1.0,184.0,1.0,0.0,0.0,1169.528,360.6669,1141.164,339.0741,0.0,0.9757474810350842,0.9401309074938676,1.0378846959049146,6.356130434782608,1.0
Himachal Pradesh,Una,PMGSY-II,9.0,1.0,9.0,1.0,0.0,0.0,85.345,75.988,83.729,77.9454,0.0,0.9810650887573965,1.0,0.956428140268663,9.482777777777777,1.0
Jammu And Kashmir,Anantnag,PMGSY-I,292.0,2.0,292.0,2.0,0.0,0.0,1006.53,725.3599,952.225,672.2593,0.0,0.9460473110587861,0.9267941335053124,1.0207739527662465,3.4470205479452054,1.0
Jammu And Kashmir,Anantnag,,7.0,0.0,0.0,0.0,7.0,0.0,19.5,,0.0,0.0,19.5,0.0,,,2.7857142857142856,0.0
Jammu And Kashmir,Bandipora,PMGSY-III,6.0,0.0,6.0,0.0,0.0,0.0,24.861,19.8507,24.66,17.9372,0.0,0.9919150476650175,0.9036054144186352,1.0977303055484668,4.1435,1.0
Jammu And Kashmir,Ganderbal,PMGSY-II,3.0,0.0,3.0,0.0,0.0,0.0,14.0,12.9513,13.33,8.3173,0.0,0.9521428571428572,0.6421980805015712,1.4826311165539643,4.666666666666667,1.0
Jammu And Kashmir,Jammu,PMGSY-I,133.0,2.0,133.0,2.0,0.0,0.0,669.79,369.83915,647.281,330.4697,0.0,0.9663939443706236,0.8935498040161513,1.0815221938688442,5.036015037593985,1.0
Jammu And Kashmir,Kupwara,PMGSY-II,16.0,0.0,16.0,0.0,0.0,0.0,62.25,79.56197,61.35,69.6771,0.0,0.9855421686746988,0.8757588581579867,1.12535792186861,3.890625,1.0
Jammu And Kashmir,Kupwara,,14.0,0.0,0.0,0.0,14.0,0.0,46.81,,0.0,0.0,46.81,0.0,,,3.343571428571429,0.0
Jammu And Kashmir,Poonch,,40.0,0.0,0.0,0.0,40.0,0.0,204.403,,0.0,0.0,204.403,0.0,,,5.110075,0.0
Jammu And Kashmir,Pulwama,PMGSY-I,120.0,0.0,120.0,0.0,0.0,0.0,330.63,200.9244,319.61,184.2638,0.0,0.9666696911955963,0.9170802550611076,1.0540731695626622,2.7552499999999998,1.0
Jammu And Kashmir,Pulwama,PMGSY-II,3.0,0.0,3.0,0.0,0.0,0.0,21.0,25.1151,21.183,20.2375,0.0,1.0,0.8057901421853785,1.2518324969557928,7.0,1.0
Jammu And Kashmir,Rajouri,PMGSY-I,281.0,29.0,279.0,29.0,2.0,0.0,1936.805,1167.5271,1933.712,1170.3011,0.4,0.9984030400582402,1.0,0.9960364952151041,6.892544483985765,0.9928825622775801
Jammu And Kashmir,Rajouri,PMGSY-II,9.0,0.0,8.0,0.0,1.0,0.0,49.95,50.3674,49.95,44.5384,0.0,1.0,0.8842703812386583,1.130875828498554,5.550000000000001,0.8888888888888888
Jammu And Kashmir,Rajouri,,41.0,0.0,0.0,0.0,41.0,0.0,256.963,,0.0,0.0,256.963,0.0,,,6.267390243902439,0.0
Jammu And Kashmir,Ramban,PMGSY-II,1.0,0.0,1.0,0.0,0.0,0.0,3.0,2.1229,3.0,1.5182,0.0,1.0,0.7151537990484714,1.3983006191542617,3.0,1.0
Jammu And Kashmir,Ramban,PMGSY-III,9.0,0.0,8.0,0.0,1.0,0.0,72.358,74.82583,65.305,60.5345,7.05,0.9025263274275133,0.8090053929238072,1.1155998900893778,8.039777777777779,0.8888888888888888
Jammu And Kashmir,Ramban,,24.0,0.0,0.0,0.0,24.0,0.0,155.62,,0.0,0.0,155.62,0.0,,,6.484166666666667,0.0
Jammu And Kashmir,Shopian,PMGSY-II,2.0,0.0,2.0,0.0,0.0,0.0,23.65,28.5239,23.0,21.8045,0.0,0.9725158562367865,0.7644291278541855,1.2722119301847084,11.825,1.0
Jammu And Kashmir,Srinagar,PMGSY-I,21.0,0.0,21.0,0.0,0.0,0.0,69.23,32.3496,61.2,26.7812,0.0,0.8840098223313593,0.8278680416450279,1.0678148906132117,3.296666666666667,1.0
Jammu And Kashmir,Srinagar,PMGSY-II,1.0,0.0,1.0,0.0,0.0,0.0,7.0,4.625,4.2,2.2908,0.0,0.6,0.4953081081081081,1.211367207962284,7.0,1.0
Jharkhand,Bokaro,PMGSY-II,7.0,0.0,7.0,0.0,0.0,0.0,73.066,31.50319,73.066,18.1113,0.0,1.0,0.5749036843570444,1.7394217974413766,10.438,1.0
Jharkhand,Chatra,PMGSY-II,10.0,0.0,10.0,0.0,0.0,0.0,102.992,52.67682,102.985,44.6036,0.0,0.9999320335560044,0.8467405587505092,1.1809190232147988,10.2992,1.0
Jharkhand,Dumka,RCPLWEA,9.0,2.0,9.0,2.0,0.0,0.0,57.803,48.7926,57.803,43.3092,0.0,1.0,0.8876182043998474,1.12661051231609,6.422555555555555,1.0
Jharkhand,Dumka,PMGSY-III,23.0,3.0,15.0,0.0,8.0,3.0,224.1,166.3037,156.93,121.0243,67.08,0.7002677376171352,0.7277306518135195,0.9622622544097241,9.743478260869566,0.6521739130434783
Jharkhand,Gumla,RCPLWEA,17.0,30.0,14.0,27.0,3.0,3.0,264.96,296.89745,245.795,273.9952,17.2,0.9276683272946861,0.9228614122485728,1.0052087073772011,15.585882352941175,0.8235294117647058
Jharkhand,Hazaribagh,PMGSY-II,6.0,2.0,6.0,2.0,0.0,0.0,63.115,56.62399,63.115,38.7327,0.0,1.0,0.6840333929134984,1.4619169332372903,10.519166666666667,1.0
Jharkhand,Koderma,PMGSY-II,4.0,0.0,4.0,0.0,0.0,0.0,41.951,21.10256,41.951,16.0668,0.0,1.0,0.7613673412135779,1.3134264445938209,10.48775,1.0
Jharkhand,Koderma,RCPLWEA,1.0,0.0,1.0,0.0,0.0,0.0,23.66,17.6847,23.66,21.5079,0.0,1.0,1.0,0.8222420598942715,23.66,1.0
Jharkhand,Latehar,PMGSY-III,15.0,13.0,0.0,0.0,15.0,13.0,146.116,109.45159,56.396,68.3145,89.72,0.38596731364121656,0.6241526505005546,0.6183860844485409,9.741066666666667,0.0
Jharkhand,Lohardaga,PMGSY-II,4.0,0.0,4.0,0.0,0.0,0.0,28.9,14.44132,28.9,9.9162,0.0,1.0,0.6866546825359455,1.456336096488574,7.225,1.0
Jharkhand,Lohardaga,RCPLWEA,18.0,14.0,13.0,13.0,5.0,1.0,172.155,173.70821,161.135,140.7994,9.42,0.9359879178647149,0.8105512111373434,1.1547548199346493,9.564166666666667,0.7222222222222222
Jharkhand,Palamu,PMGSY-I,441.0,92.0,434.0,91.0,7.0,1.0,1579.692,661.90943,1521.767,610.0427,25.06,0.9633314595503427,0.921640744716388,1.0452353208915302,3.5820680272108842,0.9841269841269841
Jharkhand,Pashchimi Singhbhum,PMGSY-III,31.0,2.0,12.0,1.0,19.0,1.0,287.737,167.92703,210.236,186.1852,77.494,0.7306533396817232,1.0,0.6590021403008022,9.28183870967742,0.3870967741935484
Jharkhand,Purbi Singhbhum,PM-JANMAN,8.0,0.0,0.0,0.0,8.0,0.0,31.95,29.51798,0.0,0.0,31.95,0.0,0.0,,3.99375,0.0
Jharkhand,Ranchi,RCPLWEA,1.0,1.0,1.0,0.0,0.0,1.0,5.54,8.2123,5.54,7.6573,0.0,1.0,0.9324184455024779,1.0724798558238544,5.54,1.0
Jharkhand,Sahibganj,PMGSY-III,23.0,6.0,17.0,6.0,6.0,0.0,196.575,140.8152,156.71,150.8516,39.775,0.7972020857179195,1.0,0.7441629465036234,8.546739130434782,0.7391304347826086
Jharkhand,Simdega,PMGSY-I,269.0,6.0,269.0,6.0,0.0,0.0,1035.664,365.31852,1001.908,383.7089,0.0,0.967406417525375,1.0,0.9210406135715696,3.8500520446096655,1.0
Karnataka,Bagalkot,PMGSY-I,99.0,1.0,99.0,1.0,0.0,0.0,456.97,83.132,456.82,85.3671,0.0,0.9996717508808017,1.0,0.9734981274310925,4.615858585858586,1.0
Karnataka,Bagalkot,PMGSY-II,8.0,0.0,8.0,0.0,0.0,0.0,69.78,30.3636,69.6,30.8468,0.0,0.997420464316423,1.0,0.981796361707475,8.7225,1.0
Karnataka,Bangalore R,PMGSY-I,114.0,0.0,114.0,0.0,0.0,0.0,591.9,106.2548,591.9,109.9389,0.0,1.0,1.0,0.966489568296572,5.192105263157894,1.0
Karnataka,Bangalore U,PMGSY-I,62.0,0.0,62.0,0.0,0.0,0.0,330.9,73.1629,330.9,81.0467,0.0,1.0,1.0,0.9027252189169946,5.337096774193548,1.0
Karnataka,Belgaum,PMGSY-III,52.0,1.0,50.0,1.0,2.0,0.0,360.327,219.20854,339.527,200.5601,9.517,0.9422746560762862,0.9149283143804525,1.0298890538919996,6.929365384615385,0.9615384615384616
Karnataka,Bijapur,PMGSY-I,98.0,0.0,98.0,0.0,0.0,0.0,575.32,120.587,575.32,127.2759,0.0,1.0,1.0,0.9474456672472952,5.87061224489796,1.0
Karnataka,Chamarajanagar,PM-JANMAN,5.0,0.0,0.0,0.0,5.0,0.0,5.58,3.8801,0.0,0.0,5.58,0.0,0.0,,1.116,0.0
Karnataka,Chickballapur,PMGSY-III,17.0,0.0,17.0,0.0,0.0,0.0,157.79,85.5812,155.083,86.9357,0.0,0.9828442867101844,1.0,0.9675311002246676,9.281764705882352,1.0
Karnataka,Chitradurga,PMGSY-I,124.0,3.0,124.0,3.0,0.0,0.0,528.6,94.7622,528.6,109.2394,0.0,1.0,1.0,0.8674727250424297,4.262903225806451,1.0
Karnataka,Dakshina Kannada,PMGSY-I,138.0,2.0,138.0,2.0,0.0,0.0,534.93,163.3416,534.93,208.7448,0.0,1.0,1.0,0.7824942226105752,3.876304347826087,1.0
Karnataka,Gulbarga,PMGSY-I,87.0,7.0,87.0,7.0,0.0,0.0,746.158,146.7877,746.158,157.4206,0.0,1.0,1.0,0.9324554727907275,8.576528735632184,1.0
Karnataka,Gulbarga,PMGSY-III,38.0,4.0,36.0,3.0,2.0,1.0,260.944,185.16889,248.397,177.8648,1.165,0.9519168863817523,0.9605544430276598,0.9910077385945122,6.866947368421053,0.9473684210526315
Karnataka,Kolar,PMGSY-III,20.0,0.0,20.0,0.0,0.0,0.0,159.655,95.16425,159.647,92.9519,0.0,0.9999498919545269,0.9767522993140807,1.0237497189991123,7.98275,1.0
Karnataka,Mysore,PMGSY-II,16.0,0.0,16.0,0.0,0.0,0.0,100.12,48.3633,117.13,48.7997,0.0,1.0,1.0,1.1594341204004457,6.2575,1.0
Karnataka,Mysore,PMGSY-III,34.0,2.0,34.0,2.0,0.0,0.0,205.611,135.56569,200.661,133.5538,0.0,0.9759254125508849,0.9851592980495286,0.9906270127918141,6.0473823529411765,1.0
Karnataka,Udupi,PMGSY-II,12.0,4.0,12.0,4.0,0.0,0.0,58.65,43.7056,57.99,42.1541,0.0,0.9887468030690537,0.9645011165617221,1.025138059553278,4.8875,1.0
Karnataka,Uttara Kannada,PMGSY-III,47.0,13.0,44.0,12.0,3.0,1.0,300.7,217.79293,286.738,232.1178,7.5,0.953568340538743,1.0,0.8947200207875943,6.397872340425532,0.9361702127659575
Karnataka,Yadgir,PMGSY-III,18.0,0.0,18.0,0.0,0.0,0.0,130.975,84.04193,129.308,84.0968,0.0,0.9872723802252338,1.0,0.9866282221181124,7.276388888888889,1.0
Kerala,Alappuzha,PMGSY-III,14.0,0.0,4.0,0.0,10.0,0.0,59.983,36.82623,26.903,22.9336,32.747,0.4485104112831969,0.6227517723101169,0.7202073622680089,4.2844999999999995,0.2857142857142857
Kerala,Ernakulam,PMGSY-I,65.0,1.0,65.0,1.0,0.0,0.0,130.695,53.7921,130.318,58.5513,0.0,0.9971154214009719,1.0,0.9160673197613582,2.010692307692308,1.0
Kerala,Ernakulam,PMGSY-II,9.0,1.0,9.0,1.0,0.0,0.0,32.228,29.43626,29.669,22.0616,0.0,0.9205969964006454,0.7494702112292797,1.228330336025876,3.580888888888889,1.0
Kerala,Idukki,PMGSY-I,112.0,0.0,107.0,0.0,5.0,0.0,401.094,219.63918,382.744,236.289,17.993,0.9542501259056482,1.0,0.887010039268918,3.5811964285714284,0.9553571428571429
Kerala,Kannur,PMGSY-II,9.0,2.0,7.0,2.0,2.0,0.0,49.057,50.73585,48.522,44.9606,0.005,0.9890943188535785,0.8861702326855665,1.1161448245176295,5.450777777777778,0.7777777777777778
Kerala,Kannur,PMGSY-III,19.0,0.0,6.0,0.0,13.0,0.0,109.849,107.30278,58.541,41.5325,51.327,0.5329224662946408,0.3870589373360131,1.3768509518538796,5.781526315789474,0.3157894736842105
Kerala,Kasaragod,PMGSY-I,96.0,0.0,96.0,0.0,0.0,0.0,247.091,110.9047,246.73,124.4521,0.0,0.9985389998016925,1.0,0.8898416998291452,2.5738645833333336,1.0
Kerala,Kollam,PMGSY-I,78.0,0.0,78.0,0.0,0.0,0.0,166.137,64.0191,165.962,67.8229,0.0,0.9989466524615227,1.0,0.9429214268130597,2.1299615384615387,1.0
Kerala,Thiruvananthapuram,PMGSY-III,23.0,1.0,11.0,0.0,12.0,1.0,114.005,94.07263,71.57,48.843,41.125,0.6277794833559931,0.5192052140989362,1.2091162921880205,4.956739130434783,0.4782608695652174
Kerala,Wayanad,PMGSY-I,43.0,0.0,43.0,0.0,0.0,0.0,136.004,54.6217,134.354,46.0956,0.0,0.9878680038822389,0.8439063595603945,1.1705895952684093,3.1628837209302323,1.0
Madhya Pradesh,Anuppur,PM-JANMAN,95.0,0.0,5.0,0.0,90.0,0.0,213.845,149.03228,22.689,0.0,190.715,0.10610021277093222,0.0,,2.251,0.05263157894736842
Madhya Pradesh,Balaghat,RCPLWEA,35.0,43.0,16.0,29.0,19.0,14.0,337.47,477.24568,155.358,331.5043,177.55,0.46036092097075293,0.6946198025302188,0.6627523708564662,9.642000000000001,0.45714285714285713
Madhya Pradesh,Betul,PMGSY-I,660.0,38.0,660.0,38.0,0.0,0.0,2682.815,922.72559,2551.232,944.487,0.0,0.9509533829205516,1.0,0.929042984517375,4.064871212121212,1.0
Madhya Pradesh,Chhatarpur,PMGSY-I,485.0,4.0,485.0,4.0,0.0,0.0,1920.965,532.60199,1869.575,512.6195,0.0,0.9732478207567551,0.962481383143161,1.0111861255730832,3.9607525773195875,1.0
Madhya Pradesh,Datia,PM-JANMAN,8.0,0.0,2.0,0.0,6.0,0.0,14.7,10.63225,2.429,0.0,12.2,0.16523809523809524,0.0,,1.8375,0.25
Madhya Pradesh,Dewas,PMGSY-I,374.0,22.0,374.0,22.0,0.0,0.0,1422.735,539.7617,1362.9,514.5918,0.0,0.9579436789001466,0.953368495763964,1.0047989661463654,3.804104278074866,1.0
Madhya Pradesh,Guna,PMGSY-I,322.0,2.0,322.0,0.0,0.0,2.0,1330.761,460.9418,1284.584,418.2637,0.0,0.965300305614607,0.9074110874735161,1.0637960224866445,4.132798136645962,1.0
Madhya Pradesh,Guna,PMGSY-II,6.0,3.0,6.0,3.0,0.0,0.0,82.38,64.37521,80.09,57.459,0.0,0.9722019907744599,0.8925640786259184,1.0892237476900732,13.729999999999999,1.0
Madhya Pradesh,Harda,PMGSY-I,128.0,14.0,128.0,14.0,0.0,0.0,728.87,237.52875,663.859,251.2175,0.0,0.9108057678323982,1.0,0.8611762935544688,5.694296875,1.0
Madhya Pradesh,Harda,PMGSY-III,11.0,9.0,8.0,8.0,3.0,1.0,117.94,84.12113,112.651,66.6992,4.435,0.9551551636425301,0.79289472217028,1.204643109526719,10.72181818181818,0.7272727272727273
Madhya Pradesh,Jabalpur,PMGSY-I,298.0,14.0,298.0,13.0,0.0,1.0,1038.875,365.25971,988.98,356.4708,0.0,0.9519720851883047,0.9759379155177011,0.9754432838930298,3.4861577181208054,1.0
Madhya Pradesh,Khandwa,PMGSY-I,323.0,34.0,323.0,34.0,0.0,0.0,1300.552,455.78852,1185.083,409.7413,0.0,0.9112153916183283,0.8989724006212355,1.0136188730473064,4.026476780185758,1.0
Madhya Pradesh,Khandwa,PMGSY-III,27.0,33.0,15.0,23.0,12.0,10.0,272.342,229.7278,225.846,128.9941,44.77,0.8292734870126532,0.5615084460827118,1.4768673433106274,10.08674074074074,0.5555555555555556
Madhya Pradesh,Khargone,PMGSY-I,479.0,38.0,479.0,37.0,0.0,1.0,2052.005,696.55118,1952.571,640.905,0.0,0.951543003062858,0.9201118573943122,1.0341601354400067,4.283935281837161,1.0
Madhya Pradesh,Khargone,PMGSY-III,20.0,37.0,20.0,24.0,0.0,13.0,343.565,292.1011,341.215,206.7898,0.0,0.9931599551758764,0.7079391347721732,1.402888901593909,17.17825,1.0
Madhya Pradesh,Maihar,PMGSY-I,180.0,0.0,180.0,0.0,0.0,0.0,602.22,161.4493,584.647,143.8753,0.0,0.9708196340207897,0.8911484905787762,1.089402769891098,3.345666666666667,1.0
Madhya Pradesh,Mandla,PMGSY-II,7.0,3.0,7.0,3.0,0.0,0.0,110.23,74.66595,107.63,67.4492,0.0,0.9764129547310169,0.9033461705101189,1.0808845895473682,15.747142857142858,1.0
Madhya Pradesh,Mandla,PMGSY-III,25.0,7.0,24.0,4.0,1.0,3.0,291.573,199.1078,289.694,117.1735,1.1,0.9935556447270496,0.5884927662301528,1.6883056202911446,11.66292,0.96
Madhya Pradesh,Mandla,PM-JANMAN,63.0,0.0,14.0,0.0,49.0,0.0,133.445,87.37034,32.323,0.0,100.255,0.24221964105062013,0.0,,2.118174603174603,0.2222222222222222
Madhya Pradesh,Panna,PMGSY-I,317.0,8.0,317.0,8.0,0.0,0.0,1511.53,484.9912,1421.678,483.1647,0.0,0.9405555959855247,0.9962339522861445,0.9441111636751088,4.7682334384858045,1.0
Madhya Pradesh,Rajgarh,PMGSY-III,14.0,12.0,13.0,10.0,1.0,2.0,232.3,201.83261,225.317,140.6703,0.95,0.9699397331037451,0.6969651732690768,1.391661693157918,16.592857142857145,0.9285714285714286
Madhya Pradesh,Ratlam,PMGSY-I,406.0,20.0,406.0,20.0,0.0,0.0,1441.27,452.61312,1432.071,434.2625,0.0,0.9936174346236305,0.9594562791286297,1.035604702619723,3.5499261083743843,1.0
Madhya Pradesh,Satna,PMGSY-I,264.0,8.0,264.0,8.0,0.0,0.0,1017.53,270.7654,979.771,241.2391,0.0,0.9628915117981779,0.8909524629070037,1.0807439811731943,3.854280303030303,1.0
Madhya Pradesh,Sehore,PMGSY-III,20.0,10.0,20.0,9.0,0.0,1.0,219.53,184.85495,217.098,144.9676,0.0,0.9889217874550176,0.7842235222805773,1.2610203078060744,10.9765,1.0
Madhya Pradesh,Seoni,PMGSY-II,10.0,10.0,10.0,10.0,0.0,0.0,141.22,87.1031,138.426,73.8472,0.0,0.9802152669593541,0.8478136828654779,1.1561682557969335,14.122,1.0
Madhya Pradesh,Sheopur,PMGSY-II,3.0,24.0,3.0,24.0,0.0,0.0,61.2,75.27924,60.62,73.4555,0.0,0.9905228758169934,0.9757736661528463,1.0151154004004825,20.400000000000002,1.0
Madhya Pradesh,Singrauli,PMGSY-II,2.0,0.0,2.0,0.0,0.0,0.0,48.7,31.1032,48.682,28.4263,0.0,0.9996303901437371,0.913934900589007,1.0937654197246451,24.35,1.0
Madhya Pradesh,Singrauli,PM-JANMAN,40.0,0.0,0.0,0.0,40.0,0.0,96.11,68.61853,6.1,0.0,90.01,0.0634689418374779,0.0,,2.40275,0.0
Madhya Pradesh,Tikamgarh,PMGSY-II,7.0,0.0,7.0,0.0,0.0,0.0,67.08,39.42352,66.345,30.0865,0.0,0.9890429338103757,0.7631611789104574,1.2959817154515156,9.582857142857142,1.0
Madhya Pradesh,Umaria,PMGSY-II,4.0,1.0,4.0,1.0,0.0,0.0,49.38,26.49041,49.375,26.0982,0.0,0.9998987444309436,0.9851942646414306,1.0149254622334458,12.345,1.0
Maharashtra,Ahmednagar,PMGSY-III,59.0,4.0,29.0,0.0,30.0,4.0,414.45,321.6229,289.0,234.4621,124.87,0.6973096875377006,0.7289969091131259,0.9565331194422005,7.02457627118644,0.4915254237288136
Maharashtra,Chandrapur,PMGSY-I,108.0,2.0,108.0,2.0,0.0,0.0,642.66,177.0111,639.25,158.5197,0.0,0.9946939283602527,0.8955353647313643,1.1107254582387522,5.950555555555555,1.0
Maharashtra,Gadchiroli,PMGSY-III,23.0,2.0,10.0,0.0,13.0,2.0,152.76,131.61999,91.515,46.7793,59.42,0.599076983503535,0.35541181852391873,1.6855854315469758,6.641739130434782,0.43478260869565216
Maharashtra,Gondia,PMGSY-III,31.0,2.0,31.0,0.0,0.0,2.0,186.55,148.23996,184.344,63.7996,0.0,0.988174752077191,0.430380580243006,2.296048654238157,6.017741935483872,1.0
Maharashtra,Hingoli,PMGSY-I,170.0,20.0,170.0,20.0,0.0,0.0,488.07,101.0282,486.37,98.4918,0.0,0.9965168930686172,0.9748941384682692,1.0221795923753538,2.871,1.0
Maharashtra,Hingoli,PMGSY-III,16.0,3.0,16.0,0.0,0.0,3.0,111.18,86.05522,108.8,94.6343,0.0,0.9785932721712537,1.0,0.8898788211802393,6.94875,1.0
Maharashtra,Kolhapur,PMGSY-III,39.0,0.0,29.0,0.0,10.0,0.0,196.845,144.25181,168.32,125.9336,27.68,0.8550890294394066,0.8730122693087872,0.9794696586755058,5.047307692307692,0.7435897435897436
Maharashtra,Latur,PMGSY-I,196.0,44.0,196.0,44.0,0.0,0.0,617.392,178.2271,617.392,186.0695,0.0,1.0,1.0,0.9578523078742083,3.1499591836734697,1.0
Maharashtra,Latur,PMGSY-II,8.0,16.0,8.0,16.0,0.0,0.0,67.27,74.4051,66.85,65.4157,0.0,0.9937565036420395,0.8791830129923889,1.1303181350828062,8.40875,1.0
Maharashtra,Nagpur,PMGSY-I,150.0,11.0,150.0,11.0,0.0,0.0,642.52,143.4769,621.51,143.1658,0.0,0.9673006287742016,0.9978317067067939,0.9694025778822404,4.2834666666666665,1.0
Maharashtra,Nagpur,PMGSY-II,14.0,4.0,14.0,4.0,0.0,0.0,102.03,67.7418,99.349,51.8516,0.0,0.9737234146819563,0.7654299118122045,1.27212616028632,7.287857142857143,1.0
Maharashtra,Nanded,PMGSY-I,119.0,20.0,119.0,20.0,0.0,0.0,644.39,160.0989,612.78,166.7206,0.0,0.9509458557705737,1.0,0.9131768087952388,5.415042016806723,1.0
Maharashtra,Nashik,PM-JANMAN,3.0,0.0,0.0,0.0,3.0,0.0,3.46,3.3772,0.0,0.0,3.46,0.0,0.0,,1.1533333333333333,0.0
Maharashtra,Parbhani,PMGSY-II,7.0,6.0,7.0,6.0,0.0,0.0,49.38,39.0058,48.58,35.4389,0.0,0.9837991089509922,0.9085546252095841,1.0828177873444327,7.054285714285714,1.0
Maharashtra,Raigad,PMGSY-II,9.0,0.0,9.0,0.0,0.0,0.0,59.569,27.5518,59.122,25.4363,0.0,0.9924960969631855,0.9232173578495778,1.0750405508784806,6.618777777777778,1.0
Maharashtra,Ratnagiri,PMGSY-I,147.0,0.0,147.0,0.0,0.0,0.0,443.973,150.8118,443.715,155.6318,0.0,0.9994188835807583,1.0,0.9684663467672069,3.0202244897959183,1.0
Maharashtra,Satara,PMGSY-I,137.0,2.0,137.0,2.0,0.0,0.0,823.735,193.4119,801.885,180.4212,0.0,0.9734744790496943,0.9328340190029673,1.0435666573247022,6.0126642335766425,1.0
Maharashtra,Satara,PMGSY-II,18.0,0.0,18.0,0.0,0.0,0.0,111.795,57.3397,107.28,51.7698,0.0,0.9596135784247953,0.9028613683015432,1.0628581663982524,6.210833333333333,1.0
Maharashtra,Sindhudurg,PMGSY-II,17.0,3.0,17.0,3.0,0.0,0.0,81.782,53.8889,94.798,52.4985,0.0,1.0,0.9741987682064396,1.1898545390069217,4.810705882352941,1.0
Maharashtra,Solapur,PMGSY-III,46.0,2.0,35.0,0.0,11.0,2.0,309.95,245.77878,263.86,227.2324,42.75,0.8512985965478304,0.9245403529141124,0.9207803573576566,6.738043478260869,0.7608695652173914
Maharashtra,Wardha,PMGSY-III,17.0,17.0,17.0,0.0,0.0,17.0,104.12,112.96683,101.796,85.0522,0.0,0.9776796004610065,0.7528953410483413,1.2985597694092152,6.124705882352941,1.0
Manipur,Churachandpur,PMGSY-II,3.0,0.0,3.0,0.0,0.0,0.0,10.0,8.0534,10.0,6.7823,0.0,1.0,0.8421660416718405,1.1874142989841203,3.3333333333333335,1.0
Manipur,Imphal West,PMGSY-I,206.0,11.0,206.0,9.0,0.0,2.0,396.56,160.95803,386.22,122.9102,0.0,0.9739257615493242,0.763616453307735,1.2754122273434505,1.9250485436893203,1.0
Manipur,Senapati,PMGSY-I,276.0,33.0,264.0,30.0,12.0,3.0,2028.13,881.77681,1970.52,821.6295,33.21,0.9715945230335333,0.9317885100652625,1.0427200083906194,7.348297101449276,0.9565217391304348
Manipur,Senapati,PM-JANMAN,8.0,0.0,0.0,0.0,8.0,0.0,35.22,40.0378,0.0,0.0,35.22,0.0,0.0,,4.4025,0.0
Manipur,Ukhrul,PMGSY-II,3.0,0.0,3.0,0.0,0.0,0.0,39.0,33.217,39.0,27.9998,0.0,1.0,0.8429358461028992,1.1863299023564453,13.0,1.0
Meghalaya,East Garo Hills,PMGSY-I,132.0,22.0,128.0,22.0,4.0,0.0,560.179,412.41858,542.65,446.5766,14.827,0.9687082164808034,1.0,0.8946130788656316,4.243780303030303,0.9696969696969697
Meghalaya,East Khasi Hills,PMGSY-II,18.0,0.0,18.0,0.0,0.0,0.0,106.012,73.62574,105.915,71.7412,0.0,0.9990850092442366,0.9744037886749934,1.0253295613749664,5.889555555555556,1.0
Meghalaya,East Khasi Hills,PMGSY-III,31.0,4.0,14.0,0.0,17.0,4.0,240.852,248.90969,123.356,101.3663,117.491,0.5121651470612658,0.40724127694667084,1.2576454697845745,7.76941935483871,0.45161290322580644
Meghalaya,South Garo Hills,PMGSY-III,6.0,7.0,3.0,0.0,3.0,7.0,40.385,83.90887,19.071,17.0495,21.314,0.47222978828773066,0.2031906757891031,2.3240721379256115,6.730833333333333,0.5
Meghalaya,West Khasi Hills,PMGSY-II,16.0,1.0,16.0,1.0,0.0,0.0,82.75,48.48534,82.75,45.6327,0.0,1.0,0.9411648964408623,1.062513066287991,5.171875,1.0
Mizoram,Aizawl,PMGSY-I,64.0,0.0,64.0,0.0,0.0,0.0,759.82,355.6042,757.82,352.1993,0.0,0.9973677976362822,0.9904250287257574,1.0070098883904994,11.8721875,1.0
Mizoram,Aizawl,PMGSY-II,1.0,0.0,1.0,0.0,0.0,0.0,46.0,76.221,46.0,75.3609,0.0,1.0,0.9887157082693745,1.0114130802577996,46.0,1.0
Mizoram,Champhai,PMGSY-III,4.0,0.0,0.0,0.0,4.0,0.0,94.64,103.35239,16.87,13.9489,77.77,0.1782544378698225,0.13496446477918894,1.3207508966264483,23.66,0.0
Mizoram,Kolasib,PMGSY-III,1.0,0.0,0.0,0.0,1.0,0.0,6.12,4.6329,6.12,0.0,0.0,1.0,0.0,,6.12,0.0
Mizoram,Lawngtlai,PMGSY-I,56.0,0.0,55.0,0.0,1.0,0.0,549.6,437.4462,542.43,410.2618,0.0,0.9869541484716156,0.9378565867071197,1.05235082043501,9.814285714285715,0.9821428571428571
Mizoram,Serchhip,PMGSY-II,1.0,0.0,1.0,0.0,0.0,0.0,16.0,14.2014,15.5,11.0998,0.0,0.96875,0.7815989972819581,1.239446318852592,16.0,1.0
Nagaland,Kohima,PMGSY-I,18.0,1.0,17.0,1.0,1.0,0.0,192.36,67.4258,185.86,70.3045,6.5,0.9662091911000208,1.0,0.9266466254261359,10.686666666666667,0.9444444444444444
Nagaland,Longleng,PMGSY-II,1.0,0.0,1.0,0.0,0.0,0.0,11.4,11.0391,11.4,11.0379,0.0,1.0,0.9998912954860452,1.000108716331911,11.4,1.0
Nagaland,Mon,PMGSY-II,1.0,2.0,1.0,2.0,0.0,0.0,21.0,26.1345,21.0,25.994,0.0,1.0,0.9946239644913811,1.0054050934831116,21.0,1.0
Nagaland,Phek,PMGSY-I,32.0,3.0,32.0,3.0,0.0,0.0,438.9,135.0624,438.9,138.7594,0.0,1.0,1.0,0.9733567599744594,13.715625,1.0
Nagaland,Tseminyu,PMGSY-I,7.0,2.0,7.0,2.0,0.0,0.0,73.0,23.6553,73.0,23.9566,0.0,1.0,1.0,0.9874230900879089,10.428571428571429,1.0
Nagaland,Tuensang,PMGSY-I,45.0,10.0,44.0,10.0,1.0,0.0,584.98,176.1181,582.48,170.1337,2.5,0.9957263496187904,0.9660205282705185,1.0307507143781454,12.999555555555556,0.9777777777777777
Nagaland,Wokha,PMGSY-I,31.0,8.0,29.0,8.0,2.0,0.0,340.96,126.839,333.96,123.2779,7.0,0.9794697325199437,0.9719242504277076,1.0077634466769563,10.998709677419354,0.9354838709677419
Odisha,Bargarh,PMGSY-I,593.0,4.0,593.0,4.0,0.0,0.0,2056.541,714.37148,1945.182,693.789,0.0,0.9458513105257809,0.9711879875159629,0.9739116655932015,3.468028667790894,1.0
Odisha,Bhadrak,PMGSY-I,455.0,5.0,455.0,5.0,0.0,0.0,1670.84,731.4234,1514.227,743.5553,0.0,0.9062669076632114,1.0,0.8914801937535946,3.6721758241758238,1.0
Odisha,Bhadrak,PMGSY-II,15.0,0.0,15.0,0.0,0.0,0.0,83.97,38.5552,83.154,36.2075,0.0,0.9902822436584494,0.9391080839938583,1.054492300233384,5.598,1.0
Odisha,Deogarh,PMGSY-II,4.0,0.0,4.0,0.0,0.0,0.0,35.9,15.437,36.726,14.8763,0.0,1.0,0.9636781758113624,1.0615663841143295,8.975,1.0
Odisha,Deogarh,PM-JANMAN,4.0,0.0,1.0,0.0,3.0,0.0,24.67,22.0606,2.198,0.0,22.67,0.08909606809890555,0.0,,6.1675,0.25
Odisha,Ganjam,PM-JANMAN,14.0,1.0,0.0,0.0,14.0,1.0,46.871,56.1617,0.0,0.0,46.871,0.0,0.0,,3.3479285714285716,0.0
Odisha,Jagatsinghpur,PMGSY-III,40.0,0.0,20.0,0.0,20.0,0.0,238.588,131.20089,205.289,99.4713,33.094,0.8604330477643469,0.7581602533336474,1.134896011734991,5.9647,0.5
Odisha,Jajpur,PMGSY-II,34.0,0.0,34.0,0.0,0.0,0.0,112.007,49.8446,109.56,43.5532,0.0,0.9781531511423392,0.8737797073303828,1.119450523897887,3.294323529411765,1.0
Odisha,Jajpur,PMGSY-III,45.0,0.0,30.0,0.0,15.0,0.0,295.967,197.96155,266.9,173.3148,23.531,0.9017897265573527,0.8754972872257264,1.0300314343805013,6.577044444444444,0.6666666666666666
Odisha,Jharsuguda,PMGSY-III,30.0,6.0,30.0,5.0,0.0,1.0,147.359,91.1303,145.069,78.3231,0.0,0.9844597208178665,0.8594627692435994,1.1454361445863153,4.911966666666667,1.0
Odisha,Kalahandi,PMGSY-II,33.0,8.0,33.0,8.0,0.0,0.0,152.462,106.4189,149.833,92.3227,0.0,0.9827563589615774,0.8675404462929047,1.1328075401683033,4.620060606060606,1.0
Odisha,Kalahandi,PMGSY-III,44.0,13.0,33.0,5.0,11.0,8.0,367.59,255.952,326.588,212.7357,36.637,0.8884572485649774,0.8311546696255548,1.0689433399504789,8.354318181818181,0.75
Odisha,Kandhamal,PMGSY-III,53.0,3.0,49.0,3.0,4.0,0.0,355.132,205.6077,319.252,178.8827,27.08,0.8989671446110179,0.870019459387951,1.0332724571970278,6.7006037735849056,0.9245283018867925
Odisha,Kendrapara,PMGSY-III,40.0,0.0,28.0,0.0,12.0,0.0,255.151,150.9246,222.377,120.2489,27.893,0.871550572014219,0.7967481775668116,1.0938846131733195,6.378775,0.7
Odisha,Keonjhar,PMGSY-II,27.0,2.0,27.0,2.0,0.0,0.0,152.16,66.5337,153.395,64.2132,0.0,1.0,0.9651229376992412,1.044547193920161,5.635555555555555,1.0
Odisha,Keonjhar,PMGSY-III,53.0,4.0,50.0,4.0,3.0,0.0,372.085,234.1436,356.679,222.4912,5.373,0.9585954822150853,0.9502339589892699,1.0087994363353519,7.020471698113207,0.9433962264150944
Odisha,Khurda,PMGSY-I,336.0,6.0,336.0,6.0,0.0,0.0,1104.998,485.3769,1070.264,464.5063,0.0,0.968566458943817,0.9570012499564772,1.0120848420917588,3.288684523809524,1.0
Odisha,Khurda,PMGSY-III,48.0,2.0,47.0,1.0,1.0,1.0,272.285,174.18535,264.237,163.0858,2.247,0.9704427346346659,0.936277362016955,1.0364906533082365,5.672604166666667,0.9791666666666666
Odisha,Koraput,PMGSY-I,904.0,40.0,901.0,40.0,3.0,0.0,3787.363,1917.56035,3635.624,1964.5065,2.707,0.95993544849015,1.0,0.9369957058346099,4.189560840707965,0.9966814159292036
Odisha,Koraput,PMGSY-II,25.0,0.0,25.0,0.0,0.0,0.0,150.14,58.85111,149.548,52.7984,0.0,0.9960570134541096,0.897152152270365,1.1102431298118747,6.005599999999999,1.0
Odisha,Malkangiri,PMGSY-I,461.0,40.0,460.0,37.0,1.0,3.0,2109.2,872.40848,2071.274,1054.3312,4.41,0.9820187748909539,1.0,0.8125734178539715,4.57527114967462,0.9978308026030369
Odisha,Mayurbhanj,PMGSY-II,76.0,3.0,76.0,3.0,0.0,0.0,310.147,146.92307,307.533,157.6336,0.0,0.9915717385626817,1.0,0.9241986730929609,4.080881578947368,1.0
Odisha,Mayurbhanj,PM-JANMAN,2.0,0.0,0.0,0.0,2.0,0.0,10.8,10.4584,0.0,0.0,10.8,0.0,0.0,,5.4,0.0
Odisha,Puri,PMGSY-I,634.0,8.0,634.0,8.0,0.0,0.0,2028.235,1028.8145,1963.892,1028.8642,0.0,0.9682763585087527,1.0,0.9682295852465302,3.1991088328075707,1.0
Odisha,Puri,PMGSY-II,24.0,0.0,24.0,0.0,0.0,0.0,126.72,54.52572,124.129,46.4256,0.0,0.979553345959596,0.8514440524581794,1.1504611995721339,5.28,1.0
Odisha,Rayagada,PM-JANMAN,15.0,0.0,5.0,0.0,10.0,0.0,42.17,40.5036,8.068,0.0,33.9,0.19132084420203935,0.0,,2.8113333333333332,0.3333333333333333
Odisha,Sonepur,PMGSY-II,19.0,1.0,19.0,1.0,0.0,0.0,73.086,36.7171,71.652,33.5135,0.0,0.9803792792053198,0.9127491005553271,1.07409503729869,3.846631578947368,1.0
Odisha,Sonepur,PMGSY-III,30.0,3.0,30.0,2.0,0.0,1.0,191.854,144.2091,184.959,131.9224,0.0,0.9640612132142149,0.914799412797112,1.0538498382574153,6.395133333333334,1.0
Odisha,Sundargarh,PMGSY-II,22.0,4.0,22.0,4.0,0.0,0.0,173.05,90.8182,172.623,79.3507,0.0,0.997532505056342,0.873731256510259,1.1416925944031733,7.865909090909091,1.0
Puducherry,Karaikal,PMGSY-II,10.0,0.0,10.0,0.0,0.0,0.0,15.17,5.6712,14.331,9.1361,0.0,0.9446934739617666,1.0,0.5864149505294349,1.517,1.0
Puducherry,Puducherry,PMGSY-II,21.0,0.0,20.0,0.0,1.0,0.0,51.195,24.39268,48.027,29.7364,2.296,0.9381189569293876,1.0,0.769536175135939,2.4378571428571427,0.9523809523809523
Puducherry,Puducherry,PMGSY-III,33.0,0.0,0.0,0.0,33.0,0.0,90.737,57.09026,0.0,0.0,90.737,0.0,0.0,,2.7496060606060606,0.0
Punjab,Barnala,PMGSY-II,3.0,1.0,3.0,1.0,0.0,0.0,40.45,28.6027,40.45,22.5468,0.0,1.0,0.7882752327577467,1.2685924388383274,13.483333333333334,1.0
Punjab,Barnala,PMGSY-III,9.0,1.0,8.0,0.0,1.0,1.0,115.59,101.43958,99.104,71.8201,16.17,0.8573752054676009,0.7080086490894382,1.210967135175907,12.843333333333334,0.8888888888888888
Punjab,Bathinda,PMGSY-II,6.0,2.0,6.0,2.0,0.0,0.0,78.7,49.7356,77.75,37.1869,0.0,0.9879288437102922,0.7476917942077708,1.3213049164957984,13.116666666666667,1.0
Punjab,Faridkot,PMGSY-III,13.0,0.0,9.0,0.0,4.0,0.0,122.635,103.76198,111.78,86.0608,10.86,0.9114853019121784,0.8294059153458715,1.0989616604459336,9.43346153846154,0.6923076923076923
Punjab,Firozpur,PMGSY-I,45.0,0.0,45.0,0.0,0.0,0.0,372.25,150.1196,372.25,141.0121,0.0,1.0,0.9393317061862676,1.064586656038737,8.272222222222222,1.0
Punjab,Gurdaspur,PMGSY-II,2.0,0.0,2.0,0.0,0.0,0.0,16.18,11.3656,16.18,8.1924,0.0,1.0,0.720806644611811,1.3873346028025977,8.09,1.0
Punjab,Moga,PMGSY-I,27.0,0.0,27.0,0.0,0.0,0.0,294.62,116.9546,294.62,108.2488,0.0,1.0,0.9255625687232482,1.0804239862243277,10.911851851851852,1.0
Punjab,Mohali,PMGSY-I,8.0,0.0,8.0,0.0,0.0,0.0,63.47,28.1931,62.97,25.1317,0.0,0.9921222624862139,0.8914131471884964,1.1129769239048724,7.93375,1.0
Punjab,Mukatsar,PMGSY-III,17.0,1.0,14.0,0.0,3.0,1.0,207.36,174.54428,166.19,125.0391,41.17,0.8014564043209876,0.7163746643545122,1.1187670980005109,12.19764705882353,0.8235294117647058
Punjab,Pathankot,PMGSY-I,25.0,0.0,25.0,0.0,0.0,0.0,109.035,50.9354,108.63,52.1967,0.0,0.9962855963681386,1.0,0.9722109896842077,4.3614,1.0
Punjab,Sangrur,PMGSY-I,52.0,0.0,52.0,0.0,0.0,0.0,499.49,217.7255,498.75,200.7852,0.0,0.9985184888586358,0.9221942308089773,1.0827637557249783,9.605576923076923,1.0
Punjab,Tarn Taran,PMGSY-II,5.0,0.0,5.0,0.0,0.0,0.0,43.56,26.7321,43.66,21.0233,0.0,1.0,0.7864440130030936,1.2744654006412062,8.712,1.0
Punjab,Tarn Taran,PMGSY-III,26.0,10.0,13.0,1.0,13.0,9.0,221.76,206.03385,111.286,80.8768,109.15,0.5018308080808082,0.39254132270012915,1.278415236971542,8.529230769230768,0.5
Rajasthan,Banswara,PMGSY-I,1013.0,0.0,1013.0,0.0,0.0,0.0,2676.71,657.9331,2650.945,560.3327,0.0,0.9903743775007379,0.8516560422328654,1.1628807034635507,2.6423593287265548,1.0
Rajasthan,Baran,PMGSY-II,11.0,0.0,11.0,0.0,0.0,0.0,99.745,45.27195,99.799,40.3299,0.0,1.0,0.8908363788173472,1.1231483180431197,9.067727272727273,1.0
Rajasthan,Baran,PMGSY-III,23.0,0.0,23.0,0.0,0.0,0.0,182.164,96.8485,182.562,84.7107,0.0,1.0,0.8746722974542713,1.145783223434371,7.920173913043477,1.0
Rajasthan,Baran,PM-JANMAN,38.0,0.0,3.0,0.0,35.0,0.0,98.687,68.8659,9.02,0.0,89.667,0.09140008309098463,0.0,,2.5970263157894737,0.07894736842105263
Rajasthan,Barmer,PMGSY-I,907.0,0.0,907.0,0.0,0.0,0.0,4337.705,746.3548,4186.12,661.9552,0.0,0.9650541011894539,0.8869175893288286,1.0880989539510146,4.782475192943771,1.0
Rajasthan,Barmer,PMGSY-II,6.0,0.0,6.0,0.0,0.0,0.0,60.4,15.6465,60.4,10.9194,0.0,1.0,0.6978813153101332,1.4329084015605253,10.066666666666666,1.0
Rajasthan,Bhilwara,PMGSY-I,604.0,0.0,604.0,0.0,0.0,0.0,2288.49,429.6578,2189.428,386.6147,0.0,0.9567129417213971,0.899820042834088,1.063226974482718,3.788890728476821,1.0
Rajasthan,Bikaner,PMGSY-II,9.0,0.0,9.0,0.0,0.0,0.0,84.0,23.6534,84.0,18.4886,0.0,1.0,0.7816466131718908,1.2793505186980085,9.333333333333334,1.0
Rajasthan,Chittaurgarh,PMGSY-II,26.0,0.0,26.0,0.0,0.0,0.0,153.08,60.8213,153.08,39.8578,0.0,1.0,0.6553263412653133,1.5259572781237298,5.8876923076923084,1.0
Rajasthan,Deeg,PMGSY-II,4.0,0.0,4.0,0.0,0.0,0.0,47.8,23.90075,47.8,19.3575,0.0,1.0,0.8099118228507475,1.2347023117654654,11.95,1.0
Rajasthan,Deeg,PMGSY-III,13.0,0.0,13.0,0.0,0.0,0.0,100.57,74.12449,99.87,64.6454,0.0,0.9930396738590038,0.8721193225073117,1.1386511549865108,7.7361538461538455,1.0
Rajasthan,Dholpur,PMGSY-III,25.0,0.0,25.0,0.0,0.0,0.0,241.186,119.52563,240.89,113.1364,0.0,0.9987727314189049,0.9465451050122052,1.0551771131984526,9.64744,1.0
Rajasthan,Dungarpur,PMGSY-I,1001.0,0.0,1001.0,0.0,0.0,0.0,2820.22,766.6567,2691.941,661.5755,0.0,0.9545145414187546,0.8629357833825754,1.106124650060523,2.817402597402597,1.0
Rajasthan,Hanumangarh,PMGSY-II,9.0,0.0,9.0,0.0,0.0,0.0,102.6,35.54673,102.6,29.7621,0.0,1.0,0.8372668878403162,1.194362292983358,11.399999999999999,1.0
Rajasthan,Jalor,PMGSY-II,11.0,0.0,11.0,0.0,0.0,0.0,112.1,37.3423,112.1,28.6429,0.0,1.0,0.7670363100291091,1.303719246305367,10.19090909090909,1.0
Rajasthan,Jhalawar,PMGSY-II,11.0,0.0,11.0,0.0,0.0,0.0,82.2,33.0644,82.2,27.3474,0.0,1.0,0.8270950024800088,1.2090509518272303,7.472727272727273,1.0
Rajasthan,Kotputli Behror,PMGSY-I,235.0,0.0,235.0,0.0,0.0,0.0,664.85,153.6479,646.386,135.4385,0.0,0.9722283221779348,0.8814861771622001,1.102942221179082,2.829148936170213,1.0
Rajasthan,Nagaur,PMGSY-II,9.0,0.0,9.0,0.0,0.0,0.0,87.0,27.5542,87.0,19.1417,0.0,1.0,0.6946926421380406,1.4394855211397108,9.666666666666666,1.0
Rajasthan,Phalodi,PMGSY-II,4.0,0.0,4.0,0.0,0.0,0.0,45.3,14.9643,45.3,10.876,0.0,1.0,0.7267964421991006,1.3759010665685913,11.325,1.0
Rajasthan,Rajsamand,PMGSY-III,23.0,0.0,22.0,0.0,1.0,0.0,245.15,182.49343,244.65,132.2204,0.5,0.9979604323883337,0.7245214252370621,1.3774063783714923,10.658695652173913,0.9565217391304348
Rajasthan,Salumbar,PMGSY-II,4.0,0.0,4.0,0.0,0.0,0.0,44.0,21.9598,44.0,13.1185,0.0,1.0,0.5973870435978469,1.6739566261386594,11.0,1.0
Rajasthan,Sri Ganganagar,PMGSY-II,12.0,0.0,12.0,0.0,0.0,0.0,112.25,39.6163,112.25,29.3472,0.0,1.0,0.7407859896052887,1.3499175389815723,9.354166666666666,1.0
Rajasthan,Tonk,PMGSY-I,267.0,0.0,267.0,0.0,0.0,0.0,1190.87,225.0534,1135.969,211.1968,0.0,0.9538984104058379,0.9384297237899982,1.0164835855298433,4.460187265917603,1.0
Sikkim,South,PMGSY-I,258.0,14.0,257.0,14.0,1.0,0.0,1421.72,594.2179,1408.583,597.3067,0.0,0.9907597839236981,1.0,0.985636354334538,5.510542635658915,0.9961240310077519
Tamil Nadu,Cuddalore,PMGSY-I,244.0,1.0,244.0,1.0,0.0,0.0,482.917,116.79269,468.895,199.877,0.0,0.9709639544683663,1.0,0.567356384853675,1.9791680327868852,1.0
Tamil Nadu,Dharmapuri,PMGSY-III,66.0,3.0,64.0,1.0,2.0,2.0,287.091,175.52903,282.285,162.0241,4.8,0.9832596633123296,0.9230615585353602,1.0652156990184782,4.3498636363636365,0.9696969696969697
Tamil Nadu,Erode,PMGSY-I,230.0,1.0,230.0,1.0,0.0,0.0,513.66,134.35828,506.001,126.0865,0.0,0.9850893587197758,0.9384349070261988,1.0497151708064867,2.233304347826087,1.0
Tamil Nadu,Kallakurichi,PMGSY-II,29.0,3.0,29.0,3.0,0.0,0.0,95.684,48.27062,95.684,53.3121,0.0,1.0,1.0,0.9054346011505832,3.2994482758620687,1.0
Tamil Nadu,Kanniyakumari,PMGSY-II,1.0,0.0,1.0,0.0,0.0,0.0,1.85,0.8478,1.85,0.8683,0.0,1.0,1.0,0.9763906483934124,1.85,1.0
Tamil Nadu,Krishnagiri,PMGSY-III,49.0,8.0,46.0,7.0,3.0,1.0,198.32,148.42358,192.405,125.3261,5.76,0.9701744655102864,0.8443813307831546,1.1489766887792985,4.04734693877551,0.9387755102040817
Tamil Nadu,Madurai,PMGSY-II,36.0,0.0,36.0,0.0,0.0,0.0,125.62,45.16382,125.62,48.7631,0.0,1.0,1.0,0.9261884498729571,3.4894444444444446,1.0
Tamil Nadu,Madurai,PMGSY-III,18.0,0.0,18.0,0.0,0.0,0.0,62.41,39.60853,62.255,37.3037,0.0,0.9975164236500562,0.941809756635755,1.0591485346396192,3.467222222222222,1.0
Tamil Nadu,Nagapattinam,PMGSY-I,193.0,8.0,193.0,8.0,0.0,0.0,438.1,262.27358,435.949,244.6971,0.0,0.9950901620634558,0.932984176294082,1.066567030124847,2.2699481865284974,1.0
Tamil Nadu,Namakkal,PMGSY-II,30.0,0.0,30.0,0.0,0.0,0.0,86.151,31.75087,86.156,33.0551,0.0,1.0,1.0,0.960599506439129,2.8716999999999997,1.0
Tamil Nadu,Perambalur,PMGSY-I,113.0,4.0,113.0,4.0,0.0,0.0,275.685,101.84375,275.395,92.0605,0.0,0.9989480747955093,0.9039386314820498,1.1051060769000292,2.4396902654867256,1.0
Tamil Nadu,Perambalur,PMGSY-III,24.0,2.0,24.0,2.0,0.0,0.0,83.92,53.11626,83.92,49.3385,0.0,1.0,0.9288775226267815,1.0765681972496122,3.4966666666666666,1.0
Tamil Nadu,Ramanathapuram,PMGSY-II,63.0,0.0,63.0,0.0,0.0,0.0,230.991,121.27181,230.991,129.9861,0.0,1.0,1.0,0.9329598318589449,3.66652380952381,1.0
Tamil Nadu,Sivagangai,PMGSY-II,4.0,1.0,4.0,1.0,0.0,0.0,11.955,7.47306,11.955,7.9755,0.0,1.0,1.0,0.9370020688358097,2.98875,1.0
Tamil Nadu,The Nilgiris,PMGSY-III,17.0,0.0,4.0,0.0,13.0,0.0,68.005,70.5887,38.357,34.8941,29.613,0.5640320564664363,0.49432982899529243,1.1410034826601727,4.000294117647059,0.23529411764705882
Tamil Nadu,Theni,PMGSY-I,69.0,2.0,69.0,2.0,0.0,0.0,143.55,47.33271,138.51,33.0193,0.0,0.9648902821316613,0.6976000317750664,1.3831568781275225,2.080434782608696,1.0
Tamil Nadu,Tirupathur,PMGSY-I,83.0,0.0,83.0,0.0,0.0,0.0,150.546,38.27071,150.421,,0.0,0.9991696889987114,,,1.8138072289156626,1.0
Tamil Nadu,Tirupathur,PMGSY-III,29.0,0.0,27.0,0.0,2.0,0.0,104.84,62.34779,104.84,46.2613,0.0,1.0,0.7419878074266946,1.3477310408483982,3.6151724137931036,0.9310344827586207
Tamil Nadu,Tiruppur,PMGSY-I,285.0,2.0,285.0,2.0,0.0,0.0,627.378,136.4948,623.583,27.9211,0.0,0.9939510151774527,0.20455797583497687,3.0,2.201326315789474,1.0
Tamil Nadu,Tiruppur,PMGSY-III,83.0,1.0,80.0,1.0,3.0,0.0,352.71,191.14128,349.214,169.9833,3.51,0.9900881744209125,0.8893071135654215,1.1133253735612643,4.249518072289156,0.963855421686747
Tamil Nadu,Tiruvannamalai,PMGSY-II,27.0,0.0,27.0,0.0,0.0,0.0,97.4,33.20386,97.4,31.5563,0.0,1.0,0.9503804678130796,1.052210176731746,3.6074074074074076,1.0
Tamil Nadu,Tuticorin,PMGSY-I,226.0,6.0,226.0,6.0,0.0,0.0,487.771,117.82051,485.401,91.7046,0.0,0.9951411625537393,0.7783415637905489,1.2785404362929937,2.158278761061947,1.0
Tamil Nadu,Vellore,PMGSY-I,117.0,0.0,117.0,0.0,0.0,0.0,349.742,74.25392,349.683,61.4774,0.0,0.9998313042185382,0.8279347406843977,1.2076209090973102,2.9892478632478636,1.0
Telangana,Bhadradri Kothagudem,PMGSY-II,3.0,1.0,3.0,1.0,0.0,0.0,33.52,31.4236,30.52,21.5232,0.0,0.9105011933174223,0.6849374355579883,1.3293202357609162,11.173333333333334,1.0
Telangana,Jayashankar Bhoopalapally,PMGSY-II,2.0,0.0,2.0,0.0,0.0,0.0,21.95,16.5554,20.345,16.187,0.0,0.926879271070615,0.9777474419222733,0.9479741202373791,10.975,1.0
Telangana,Jogulamba Gadwal,PMGSY-II,2.0,0.0,2.0,0.0,0.0,0.0,22.86,9.1898,21.366,7.2018,0.0,0.9346456692913386,0.7836732028988662,1.1926472231460945,11.43,1.0
Telangana,Kamareddy,PMGSY-I,162.0,8.0,162.0,8.0,0.0,0.0,417.72,78.3256,415.72,14.6649,0.0,0.9952121038015895,0.1872299733420491,3.0,2.5785185185185187,1.0
Telangana,Khammam,PMGSY-II,6.0,1.0,6.0,1.0,0.0,0.0,69.14,49.8709,66.773,35.9228,0.0,0.9657651142609198,0.7203158555390018,1.3407522642108884,11.523333333333333,1.0
Telangana,Mahaboobnagar,PMGSY-II,3.0,0.0,3.0,0.0,0.0,0.0,21.7,13.1705,19.126,9.0315,0.0,0.8813824884792627,0.6857370638927907,1.2853067668179294,7.233333333333333,1.0
Telangana,Mahaboobnagar,PMGSY-III,11.0,9.0,5.0,6.0,6.0,3.0,69.748,70.60881,41.258,46.5272,27.251,0.5915295062224006,0.6589432678443383,0.8976941340603197,6.340727272727273,0.45454545454545453
Telangana,Mahabubabad,PMGSY-II,4.0,0.0,4.0,0.0,0.0,0.0,24.805,12.7995,24.35,11.496,0.0,0.9816569240072567,0.8981600843782961,1.0929643179219626,6.20125,1.0
Telangana,Mancherial,PM-JANMAN,2.0,0.0,0.0,0.0,2.0,0.0,3.25,2.835,0.0,0.0,3.25,0.0,0.0,,1.625,0.0
Telangana,Medchal Malkajgiri,PMGSY-I,15.0,0.0,15.0,0.0,0.0,0.0,24.04,2.5764,24.04,5.6566,0.0,1.0,1.0,0.45546794894459564,1.6026666666666667,1.0
Telangana,Narayanpet,PMGSY-III,8.0,3.0,7.0,1.0,1.0,2.0,48.322,39.08121,38.626,24.6012,8.687,0.7993460535573857,0.6294892097762582,1.2698328122915727,6.04025,0.875
Telangana,Nirmal,PMGSY-II,1.0,0.0,1.0,0.0,0.0,0.0,9.4,2.42,4.71,2.3232,0.0,0.5010638297872341,0.96,0.5219414893617021,9.4,1.0
Telangana,Peddapalli,PMGSY-I,63.0,0.0,63.0,0.0,0.0,0.0,159.708,22.7232,157.155,40.031,0.0,0.9840145766022992,1.0,0.558566111939481,2.535047619047619,1.0
Telangana,Ranga Reddy,PMGSY-III,19.0,4.0,19.0,3.0,0.0,1.0,118.317,88.03751,114.906,85.8283,0.0,0.9711706686275008,0.9749060372107299,0.9961684834838892,6.2272105263157895,1.0
Telangana,Siddipet,PMGSY-II,6.0,1.0,6.0,1.0,0.0,0.0,55.34,30.2683,52.275,27.4082,0.0,0.9446151066136609,0.9055084031808857,1.0431875654553846,9.223333333333334,1.0
Telangana,Suryapet,PMGSY-III,17.0,2.0,12.0,2.0,5.0,0.0,97.085,56.5596,75.199,42.7292,20.08,0.7745686769325849,0.75547210376311,1.0252776681949634,5.7108823529411765,0.7058823529411765
Telangana,Vikarabad,PMGSY-I,84.0,11.0,84.0,11.0,0.0,0.0,263.114,49.4155,250.595,,0.0,0.9524198636332541,,,3.1323095238095235,1.0
Telangana,Vikarabad,PMGSY-II,3.0,0.0,3.0,0.0,0.0,0.0,27.65,16.1464,27.65,14.4262,0.0,1.0,0.8934623197740673,1.1192413802664596,9.216666666666667,1.0
Telangana,Wanaparthy,PMGSY-III,11.0,4.0,5.0,3.0,6.0,1.0,49.94,37.41594,21.096,18.7578,26.92,0.4224269122947537,0.5013317853299957,0.8426094747148263,4.54,0.45454545454545453
Telangana,Warangal,PMGSY-I,86.0,4.0,86.0,4.0,0.0,0.0,191.539,52.7477,191.579,85.6202,0.0,1.0,1.0,0.6161947245272533,2.2271976744186044,1.0
Telangana,Warangal,PMGSY-II,4.0,1.0,4.0,1.0,0.0,0.0,27.51,16.3862,23.9,13.4793,0.0,0.8687749909123954,0.8226007250003052,1.0561320510774812,6.8775,1.0
Telangana,Warangal,PMGSY-III,16.0,7.0,9.0,2.0,7.0,5.0,104.89,104.21227,85.155,71.5182,18.563,0.8118505100581561,0.6862742746127687,1.182982577215566,6.555625,0.5625
Telangana,Warangal Urban,PMGSY-III,5.0,3.0,3.0,1.0,2.0,2.0,34.5,34.8,28.547,29.6727,5.05,0.8274492753623188,0.8526637931034483,0.9704285347342404,6.9,0.6
Tripura,Dhalai,PMGSY-III,12.0,3.0,0.0,0.0,12.0,3.0,106.886,104.16121,0.0,0.0,106.886,0.0,0.0,,8.907166666666667,0.0
Tripura,North Tripura,PMGSY-III,7.0,0.0,2.0,0.0,5.0,0.0,41.024,37.89487,21.105,21.737,19.914,0.514454953198128,0.5736132621645094,0.8968672573169776,5.860571428571428,0.2857142857142857
Tripura,North Tripura,PM-JANMAN,21.0,0.0,0.0,0.0,21.0,0.0,78.631,70.47659,0.0,0.0,78.631,0.0,0.0,,3.7443333333333335,0.0
Tripura,Sepahijala,PMGSY-I,207.0,4.0,207.0,4.0,0.0,0.0,648.341,388.9445,614.046,404.7569,0.0,0.9471034532753598,1.0,0.9101035191307627,3.1320821256038647,1.0
Tripura,Sepahijala,PMGSY-II,4.0,0.0,4.0,0.0,0.0,0.0,24.428,26.37909,24.428,28.9564,0.0,1.0,1.0,0.9109934245969804,6.107,1.0
Tripura,South Tripura,PM-JANMAN,6.0,0.0,0.0,0.0,6.0,0.0,11.237,10.84625,0.0,0.0,11.237,0.0,0.0,,1.8728333333333333,0.0
Tripura,Unakoti,PM-JANMAN,4.0,0.0,0.0,0.0,4.0,0.0,14.021,13.26158,0.0,0.0,14.021,0.0,0.0,,3.50525,0.0
Tripura,West Tripura,PMGSY-II,8.0,0.0,7.0,0.0,1.0,0.0,57.33,54.70353,53.118,48.1199,4.393,0.9265306122448981,0.8796489001715246,1.0532959366677226,7.16625,0.875
Uttar Pradesh,Ayodhya,PMGSY-III,39.0,0.0,39.0,0.0,0.0,0.0,278.575,197.3226,277.43,167.6476,0.0,0.9958897962846631,0.8496117525311344,1.172170457056111,7.142948717948718,1.0
Uttar Pradesh,Badaun,PMGSY-I,250.0,0.0,250.0,0.0,0.0,0.0,596.54,119.03666,587.249,114.3385,0.0,0.9844251852348544,0.9605318227174721,1.0248751389098019,2.38616,1.0
Uttar Pradesh,Badaun,PMGSY-II,9.0,0.0,9.0,0.0,0.0,0.0,70.05,35.45431,69.43,29.5615,0.0,0.9911491791577446,0.8337914346661943,1.1887255468803752,7.783333333333333,1.0
Uttar Pradesh,Baghpat,PMGSY-I,222.0,0.0,222.0,0.0,0.0,0.0,532.58,119.8807,529.97,117.4999,0.0,0.9950993278005182,0.9801402561046106,1.0152621745742387,2.399009009009009,1.0
Uttar Pradesh,Barabanki,PMGSY-I,321.0,0.0,321.0,0.0,0.0,0.0,1100.182,371.3929,1078.765,378.4339,0.0,0.9805332208670929,1.0,0.9622897854662867,3.4273582554517135,1.0
Uttar Pradesh,Barabanki,PMGSY-II,13.0,0.0,13.0,0.0,0.0,0.0,104.86,67.59899,103.25,61.1589,0.0,0.9846461949265688,0.9047309730515205,1.0883303703038998,8.066153846153846,1.0
Uttar Pradesh,Bareilly,PMGSY-III,51.0,0.0,51.0,0.0,0.0,0.0,427.39,266.64227,424.915,226.4575,0.0,0.994209036243244,0.8492933247230456,1.1706309319780128,8.380196078431373,1.0
Uttar Pradesh,Basti,PMGSY-I,272.0,0.0,272.0,0.0,0.0,0.0,785.883,244.2302,775.395,227.4427,0.0,0.9866545020060238,0.9312636193230813,1.0594792726072615,2.8892757352941176,1.0
Uttar Pradesh,Bulandshahr,PMGSY-I,315.0,0.0,315.0,0.0,0.0,0.0,754.485,163.9748,744.607,157.2351,0.0,0.9869076257314592,0.9588979526122307,1.0292102752361965,2.3951904761904763,1.0
Uttar Pradesh,Bulandshahr,PMGSY-II,13.0,0.0,13.0,0.0,0.0,0.0,88.285,39.91807,88.18,37.1407,0.0,0.9988106699892395,0.9304232394001013,1.0735014213888634,6.791153846153846,1.0
Uttar Pradesh,Etah,PMGSY-II,14.0,0.0,14.0,0.0,0.0,0.0,105.27,59.27319,105.27,48.2012,0.0,1.0,0.8132040809681409,1.2297036173373277,7.519285714285714,1.0
Uttar Pradesh,Etah,PMGSY-III,35.0,0.0,35.0,0.0,0.0,0.0,251.245,164.66377,250.331,119.3614,0.0,0.996362116659038,0.7248795530431497,1.3745209289959484,7.178428571428571,1.0
Uttar Pradesh,Fatehpur,PMGSY-I,278.0,0.0,278.0,0.0,0.0,0.0,665.035,185.3795,649.31,175.8554,0.0,0.9763546279519123,0.9486237690791053,1.029232726162583,2.392212230215827,1.0
Uttar Pradesh,Firozabad,PMGSY-I,233.0,0.0,233.0,0.0,0.0,0.0,630.325,145.113,621.425,132.606,0.0,0.9858802998453178,0.9138119947902669,1.0788655713274935,2.7052575107296137,1.0
Uttar Pradesh,G.B. Nagar,PMGSY-III,4.0,0.0,4.0,0.0,0.0,0.0,33.65,19.19977,31.948,12.771,0.0,0.9494205052005944,0.6651642181130295,1.4273475321537246,8.4125,1.0
Uttar Pradesh,Gonda,PMGSY-III,66.0,0.0,66.0,0.0,0.0,0.0,460.485,334.92296,459.02,337.1275,0.0,0.9968185717232917,1.0,0.9903001879838847,6.977045454545455,1.0
Uttar Pradesh,Hapur,PMGSY-III,13.0,0.0,13.0,0.0,0.0,0.0,95.33,66.6637,92.575,58.4761,0.0,0.971100388125459,0.8771805345337867,1.107070152487583,7.333076923076923,1.0
Uttar Pradesh,J.B.F.Nagar,PMGSY-I,187.0,0.0,187.0,0.0,0.0,0.0,512.96,120.0831,505.117,112.9559,0.0,0.9847103087960074,0.9406477680872662,1.046842763257004,2.743101604278075,1.0
Uttar Pradesh,Jaunpur,PMGSY-I,271.0,0.0,271.0,0.0,0.0,0.0,717.962,179.1209,713.434,163.0094,0.0,0.9936932595318415,0.910052372447883,1.0919077732405433,2.6493062730627304,1.0
Uttar Pradesh,Jaunpur,PMGSY-II,13.0,0.0,13.0,0.0,0.0,0.0,100.77,47.16149,96.605,40.6712,0.0,0.9586682544408058,0.8623815744583133,1.1116520607979976,7.751538461538461,1.0
Uttar Pradesh,Kanpur Dehat,PMGSY-I,270.0,0.0,270.0,0.0,0.0,0.0,751.791,173.9928,747.12,163.5418,0.0,0.9937868370331647,0.939934296131794,1.057293941845718,2.7844111111111114,1.0
Uttar Pradesh,Kanpur Dehat,PMGSY-III,33.0,0.0,23.0,0.0,10.0,0.0,238.679,199.11752,178.607,117.6668,50.705,0.748314682062519,0.5909414701428582,1.2663093045096603,7.23269696969697,0.696969696969697
Uttar Pradesh,Kasganj,PMGSY-II,14.0,0.0,14.0,0.0,0.0,0.0,109.075,60.18487,108.975,51.3523,0.0,0.9990831996332797,0.8532426837509162,1.1709250119101382,7.791071428571429,1.0
Uttar Pradesh,Kasganj,PMGSY-III,12.0,0.0,12.0,0.0,0.0,0.0,90.35,55.0185,87.7,43.4667,0.0,0.9706696181516327,0.790037896343957,1.2286367814045143,7.529166666666666,1.0
Uttar Pradesh,Kaushambi,PMGSY-I,119.0,0.0,119.0,0.0,0.0,0.0,377.975,108.3417,374.955,103.5433,0.0,0.9920100535749717,0.9557104974354288,1.0379817489050815,3.176260504201681,1.0
Uttar Pradesh,Kaushambi,PMGSY-II,18.0,0.0,18.0,0.0,0.0,0.0,120.515,84.9463,119.265,76.4863,0.0,0.9896278471559556,0.9004076693157913,1.0990886471546402,6.695277777777778,1.0
Uttar Pradesh,Mahoba,PMGSY-II,11.0,0.0,11.0,0.0,0.0,0.0,99.5,52.5926,99.5,48.3865,0.0,1.0,0.9200248704190324,1.0869271387680448,9.045454545454545,1.0
Uttar Pradesh,Mainpuri,PMGSY-I,243.0,0.0,242.0,0.0,1.0,0.0,480.101,104.4497,474.093,89.4605,1.0,0.9874859664945501,0.856493604098432,1.1529402692201118,1.975724279835391,0.9958847736625515
Uttar Pradesh,Mirzapur,PMGSY-I,287.0,0.0,287.0,0.0,0.0,0.0,834.627,217.1968,800.673,188.5854,0.0,0.9593183541869602,0.8682696982644311,1.1048621829191145,2.908108013937282,1.0
Uttar Pradesh,Mirzapur,PMGSY-II,14.0,0.0,14.0,0.0,0.0,0.0,114.45,43.4263,114.15,35.114,0.0,0.9973787680209699,0.8085883439298305,1.233481505772884,8.175,1.0
Uttar Pradesh,Moradabad,PMGSY-I,221.0,0.0,221.0,0.0,0.0,0.0,583.48,157.0073,567.097,152.6761,0.0,0.9719219167752108,0.9724140215136494,0.9994939349623192,2.6401809954751134,1.0
Uttar Pradesh,Pilibhit,PMGSY-I,201.0,0.0,201.0,0.0,0.0,0.0,652.975,146.95,640.109,144.1701,0.0,0.9802963360006126,0.9810826811840763,0.9991984924425384,3.24863184079602,1.0
Uttar Pradesh,Pilibhit,PMGSY-II,11.0,1.0,11.0,1.0,0.0,0.0,77.75,40.98453,75.76,40.1661,0.0,0.9744051446945339,0.9800307579469619,0.9942597584751187,7.068181818181818,1.0
Uttar Pradesh,Pratapgarh,PMGSY-III,70.0,0.0,70.0,0.0,0.0,0.0,485.09,430.01389,483.519,377.7959,0.0,0.9967614257148159,0.8785667365303014,1.1345312590040655,6.929857142857142,1.0
Uttar Pradesh,Saharanpur,PMGSY-I,289.0,0.0,289.0,0.0,0.0,0.0,882.485,186.1605,868.598,168.2767,0.0,0.9842637551913063,0.9039334337842883,1.0888675187847823,3.0535813148788926,1.0
Uttar Pradesh,Saharanpur,PMGSY-III,38.0,0.0,38.0,0.0,0.0,0.0,280.52,167.3443,271.789,135.1198,0.0,0.9688756594895195,0.807435927007971,1.1999412301107018,7.382105263157894,1.0
Uttar Pradesh,Shamli,PMGSY-II,10.0,0.0,10.0,0.0,0.0,0.0,105.3,50.71296,105.3,46.6157,0.0,1.0,0.9192068457451507,1.08789442183642,10.53,1.0
Uttar Pradesh,Shamli,PMGSY-III,17.0,0.0,17.0,0.0,0.0,0.0,149.55,100.38982,149.138,90.5477,0.0,0.9972450685389501,0.9019609757244311,1.1056410370060517,8.797058823529412,1.0
Uttar Pradesh,Shrawasti,PMGSY-II,9.0,0.0,9.0,0.0,0.0,0.0,95.565,66.9524,92.706,60.9933,0.0,0.9700831894522054,0.9109949755348576,1.0648611853019894,10.618333333333332,1.0
Uttar Pradesh,Siddharathnagar,PMGSY-I,270.0,0.0,270.0,0.0,0.0,0.0,814.687,265.9776,796.061,244.5343,0.0,0.977137231844868,0.9193793011140788,1.0628227442806246,3.0173592592592593,1.0
Uttar Pradesh,Siddharathnagar,PMGSY-II,17.0,0.0,17.0,0.0,0.0,0.0,110.4,74.0974,110.3,63.3838,0.0,0.9990942028985507,0.8554119307829965,1.1679685154543442,6.4941176470588236,1.0
Uttar Pradesh,Sultanpur,PMGSY-III,40.0,0.0,37.0,0.0,3.0,0.0,261.285,209.16106,251.533,170.8739,9.14,0.9626767705761906,0.8169489100887134,1.1783806290550685,6.532125000000001,0.925
Uttar Pradesh,Varanasi,PMGSY-I,282.0,0.0,282.0,0.0,0.0,0.0,658.588,129.20441,635.728,114.0043,0.0,0.965289376666444,0.8823561053372714,1.0939907037844683,2.335418439716312,1.0
Uttarakhand,Bageshwar,PMGSY-I,181.0,51.0,181.0,49.0,0.0,2.0,1495.507,764.22853,1449.526,744.8626,0.0,0.9692539051973679,0.9746595040098804,0.9944538592295328,8.262469613259668,1.0
Uttarakhand,Bageshwar,PMGSY-III,12.0,0.0,2.0,0.0,10.0,0.0,105.73,83.11198,64.9,47.5082,40.83,0.6138276742646364,0.5716167512794185,1.0738447970440674,8.810833333333333,0.16666666666666666
Uttarakhand,Dehradun,PMGSY-I,131.0,4.0,129.0,4.0,2.0,0.0,1223.048,525.4957,1202.193,534.2589,12.85,0.9829483389041149,1.0,0.9668254949356111,9.336244274809161,0.9847328244274809
Uttarakhand,Dehradun,PMGSY-II,10.0,0.0,10.0,0.0,0.0,0.0,51.747,29.3604,51.497,29.1802,0.0,0.9951688020561579,0.9938624814375826,1.0013143876974666,5.1747,1.0
Uttarakhand,Haridwar,PMGSY-I,68.0,0.0,68.0,0.0,0.0,0.0,181.711,33.4022,181.71,28.3885,0.0,0.9999944967558375,0.8498991084419589,1.1766037719336293,2.6722205882352945,1.0
Uttarakhand,Nainital,PMGSY-I,135.0,26.0,135.0,23.0,0.0,3.0,1136.293,518.7988,1135.014,486.8524,0.0,0.9988744100333277,0.938422371061768,1.064418795667842,8.416985185185185,1.0
Uttarakhand,Rudraprayag,PMGSY-III,7.0,0.0,0.0,0.0,7.0,0.0,92.025,86.61822,55.7,48.7299,36.325,0.6052703069817984,0.5625825605744381,1.07587818997406,13.146428571428572,0.0
Uttarakhand,Tehri,PMGSY-II,13.0,1.0,13.0,0.0,0.0,1.0,120.233,84.8196,119.808,82.4062,0.0,0.9964651967429907,0.9715466708166509,1.0256483056088228,9.248692307692307,1.0
Uttarakhand,Udham Singh Nagar,PMGSY-I,34.0,0.0,34.0,0.0,0.0,0.0,87.36,27.5101,87.01,28.6638,0.0,0.9959935897435898,1.0,0.9559054714729076,2.5694117647058823,1.0
Uttarakhand,Udham Singh Nagar,PMGSY-III,5.0,0.0,0.0,0.0,5.0,0.0,24.589,18.835,6.627,3.1299,17.962,0.26951075684249054,0.16617467480753917,1.621852169439378,4.9178,0.0
West Bengal,Alipurduar,PMGSY-I,127.0,1.0,127.0,1.0,0.0,0.0,679.888,265.03637,675.665,238.0762,0.0,0.9937886828418797,0.8982774703713307,1.106327071112077,5.353448818897638,1.0
West Bengal,Alipurduar,PMGSY-III,13.0,0.0,0.0,0.0,13.0,0.0,100.301,85.8944,0.0,18.0567,100.301,0.0,0.21021975821473807,0.0,7.715461538461539,0.0
West Bengal,Jhargram,PMGSY-I,342.0,1.0,342.0,1.0,0.0,0.0,1682.226,867.33017,1673.013,797.6782,0.0,0.9945233280189462,0.9196938231723221,1.0813634961562675,4.918789473684211,1.0
West Bengal,Kalimpong,PMGSY-II,6.0,2.0,6.0,1.0,0.0,1.0,65.472,89.1983,65.257,85.7693,0.0,0.9967161534701859,0.9615575633167897,1.0365642073804926,10.911999999999999,1.0
West Bengal,Nadia,PMGSY-I,249.0,1.0,249.0,1.0,0.0,0.0,1683.342,766.74,1668.023,707.9647,0.0,0.9908996508136789,0.9233438975402353,1.0731642386476052,6.760409638554218,1.0
West Bengal,Paschim Burdwan,PMGSY-II,4.0,0.0,4.0,0.0,0.0,0.0,36.12,22.78042,35.679,17.8088,0.0,0.9877906976744187,0.7817590720452038,1.2635487492204012,9.03,1.0
West Bengal,Paschim Medinipur,PMGSY-II,19.0,4.0,19.0,4.0,0.0,0.0,169.63,165.81221,169.39,133.7978,0.0,0.9985851559276071,0.8069236879479503,1.237521181794851,8.927894736842106,1.0
West Bengal,Purba Burdwan,PMGSY-I,253.0,4.0,253.0,4.0,0.0,0.0,1349.102,543.36375,1319.389,495.9742,0.0,0.9779757201456968,0.9127848517682676,1.0714197526954352,5.332418972332016,1.0
West Bengal,Purulia,PMGSY-II,18.0,0.0,18.0,0.0,0.0,0.0,143.66,112.21407,142.905,82.0457,0.0,0.9947445357093136,0.7311534106195416,1.3605141154527591,7.981111111111111,1.0
West Bengal,Siliguri M.P.,PMGSY-II,8.0,0.0,8.0,0.0,0.0,0.0,35.022,24.46831,34.852,19.3307,0.0,0.9951459082862201,0.7900300429412576,1.2596304623825727,4.37775,1.0
West Bengal,Siliguri M.P.,PMGSY-III,7.0,0.0,1.0,0.0,6.0,0.0,44.827,28.08356,7.914,7.5552,36.908,0.1765453855935039,0.26902572181019785,0.6562397989514908,6.4038571428571425,0.14285714285714285
West Bengal,South 24-Parganas,PMGSY-III,47.0,0.0,6.0,0.0,41.0,0.0,320.352,226.43533,40.123,31.3087,280.229,0.12524660373589053,0.13826773410315432,0.9058266886940564,6.816,0.1276595744680851
Andhra Pradesh,Alluri Sitharama Raju,RCPLWEA,124.0,34.0,101.0,26.0,23.0,8.0,1084.885,827.64173,794.164,552.2787,268.01,0.732025975103352,0.6672919936021108,1.097009977823652,8.74907258064516,0.8145161290322581
Andhra Pradesh,Anantapur,PMGSY-I,207.0,22.0,207.0,21.0,0.0,1.0,862.65,214.7772,854.249,213.899,0.0,0.9902614038138295,0.9959111116077498,0.9943270963361382,4.167391304347826,1.0
Andhra Pradesh,Annamayya,PMGSY-I,144.0,6.0,144.0,6.0,0.0,0.0,495.735,106.8891,479.78,101.3144,0.0,0.9678154659243345,0.9478459450028114,1.021068319199766,3.442604166666667,1.0
Andhra Pradesh,Bapatla,PMGSY-II,6.0,0.0,6.0,0.0,0.0,0.0,53.43,28.7436,53.763,24.3953,0.0,1.0,0.8487211066115586,1.185586697254414,8.905,1.0
Andhra Pradesh,Bapatla,PMGSY-III,12.0,3.0,8.0,0.0,4.0,3.0,82.069,87.31,54.998,42.4646,25.81,0.6701434159061277,0.48636582292979036,1.3778587727840135,6.839083333333334,0.6666666666666666
Andhra Pradesh,East Godavari,PMGSY-II,6.0,0.0,6.0,0.0,0.0,0.0,42.9,18.4807,41.22,15.4279,0.0,0.9608391608391609,0.8348114519471665,1.1509654768128053,7.1499999999999995,1.0
Andhra Pradesh,Kakinada,PMGSY-I,121.0,1.0,121.0,1.0,0.0,0.0,278.7,48.8651,267.2,40.8587,0.0,0.9587369931826336,0.8361530008124408,1.1466047389067373,2.3033057851239667,1.0
Andhra Pradesh,Kakinada,PM-JANMAN,3.0,0.0,0.0,0.0,3.0,0.0,19.15,16.103,0.0,0.0,19.15,0.0,0.0,,6.383333333333333,0.0
Andhra Pradesh,Krishna,PMGSY-II,8.0,0.0,8.0,0.0,0.0,0.0,58.52,46.9895,57.715,41.1926,0.0,0.986244019138756,0.8766341416699476,1.1250349173715808,7.315,1.0
Andhra Pradesh,Ntr,PMGSY-II,4.0,0.0,4.0,0.0,0.0,0.0,36.15,18.471,35.164,15.2381,0.0,0.9727247579529738,0.8249742840127767,1.1790970661794697,9.0375,1.0
Andhra Pradesh,Prakasam,PMGSY-II,9.0,0.0,9.0,0.0,0.0,0.0,61.404,30.9533,59.156,27.2731,0.0,0.9633900071656569,0.8811047610432491,1.0933887203435153,6.822666666666667,1.0
Andhra Pradesh,Srikakulam,PMGSY-III,16.0,10.0,16.0,1.0,0.0,9.0,121.865,133.01448,118.387,77.3338,0.0,0.9714602223772207,0.5813938452415106,1.6709159037858008,7.6165625,1.0
Andhra Pradesh,Vizianagaram,PMGSY-I,176.0,3.0,174.0,3.0,2.0,0.0,519.45,119.6766,503.29,120.4434,16.1,0.9688901722976224,1.0,0.9627217563934067,2.9514204545454548,0.9886363636363636
Andhra Pradesh,Vizianagaram,PMGSY-II,11.0,0.0,11.0,0.0,0.0,0.0,80.5,40.985,79.69,34.0148,0.0,0.9899378881987577,0.8299329022813224,1.1927926769472725,7.318181818181818,1.0
Arunachal Pradesh,Anjaw,PMGSY-I,26.0,9.0,23.0,8.0,3.0,1.0,354.135,292.5651,296.395,215.4681,57.74,0.8369548336086521,0.7364791630990847,1.1364270376459376,13.620576923076923,0.8846153846153846
Arunachal Pradesh,Kurung Kumey,PMGSY-III,6.0,2.0,3.0,0.0,3.0,2.0,50.5,46.1188,40.5,19.0094,10.0,0.801980198019802,0.4121833178660329,1.9456881519898392,8.416666666666666,0.5
Arunachal Pradesh,Lepa Rada,PMGSY-II,6.0,0.0,6.0,0.0,0.0,0.0,21.5,20.5254,21.3,19.0232,0.0,0.9906976744186047,0.9268126321533319,1.06892983549096,3.5833333333333335,1.0
Arunachal Pradesh,Lohit,PMGSY-II,2.0,0.0,2.0,0.0,0.0,0.0,15.64,9.0112,15.64,7.7549,0.0,1.0,0.8605846058238636,1.1620007994945132,7.82,1.0
Arunachal Pradesh,Lohit,PMGSY-III,7.0,6.0,1.0,1.0,6.0,5.0,54.01,85.4743,8.0,41.4094,46.01,0.14812071838548418,0.4844660909770539,0.3057401150341804,7.715714285714285,0.14285714285714285
Arunachal Pradesh,Lower Subansiri,PMGSY-II,5.0,0.0,5.0,0.0,0.0,0.0,28.14,30.5272,28.14,30.1846,0.0,1.0,0.9887772216253046,1.0113501586901932,5.628,1.0
Arunachal Pradesh,Lower Subansiri,PMGSY-III,12.0,3.0,8.0,2.0,4.0,1.0,83.17,79.9842,60.85,84.5573,21.78,0.7316340026451845,1.0,0.6920651486550891,6.930833333333333,0.6666666666666666
Arunachal Pradesh,Namsai,PMGSY-I,39.0,1.0,39.0,1.0,0.0,0.0,209.16,97.9754,209.16,97.1079,0.0,1.0,0.9911457365828565,1.0089333617553258,5.363076923076923,1.0
Arunachal Pradesh,Pakke kessang,PMGSY-I,16.0,3.0,16.0,3.0,0.0,0.0,184.28,123.1649,184.28,124.052,0.0,1.0,1.0,0.9928489665624093,11.5175,1.0
Arunachal Pradesh,Pakke kessang,PMGSY-II,1.0,0.0,1.0,0.0,0.0,0.0,15.6,8.6733,15.6,7.7458,0.0,1.0,0.8930626174581763,1.119742311962612,15.6,1.0
Arunachal Pradesh,Tawang,PMGSY-I,59.0,5.0,59.0,5.0,0.0,0.0,608.374,454.0604,602.472,509.5775,0.0,0.9902987307149878,1.0,0.8824083437513227,10.31142372881356,1.0
Arunachal Pradesh,Upper Subansiri,PMGSY-III,9.0,5.0,3.0,2.0,6.0,3.0,63.3,76.2592,50.7,59.7151,12.2,0.8009478672985783,0.7830543724560446,1.0228508970410457,7.033333333333333,0.3333333333333333
Arunachal Pradesh,West Siang,PMGSY-I,58.0,6.0,57.0,6.0,1.0,0.0,417.79,264.6555,399.43,263.6697,18.5,0.9560544771296584,0.9962751577050164,0.9596289436062936,7.203275862068966,0.9827586206896551
Arunachal Pradesh,West Siang,PMGSY-II,4.0,0.0,4.0,0.0,0.0,0.0,21.05,17.2134,21.05,16.0836,0.0,1.0,0.9343650876642616,1.0702454674326642,5.2625,1.0
Assam,Baksa,PMGSY-II,8.0,4.0,8.0,4.0,0.0,0.0,55.431,41.1995,55.431,40.2588,0.0,1.0,0.9771671986310514,1.023366319910181,6.928875,1.0
Assam,Cachar,PMGSY-III,35.0,5.0,29.0,3.0,6.0,2.0,185.869,137.10955,162.083,113.4925,23.76,0.8720281488575287,0.8277505104494909,1.0534915265518758,5.310542857142857,0.8285714285714286
Assam,Darrang,PMGSY-I,237.0,45.0,237.0,45.0,0.0,0.0,826.613,541.39573,824.636,602.1804,0.0,0.9976083124751243,1.0,0.896908767848535,3.4878185654008442,1.0
Assam,Darrang,PMGSY-II,9.0,3.0,9.0,3.0,0.0,0.0,47.702,40.5783,47.702,42.76,0.0,1.0,1.0,0.9489780168381664,5.300222222222222,1.0
Assam,Dibrugarh,PMGSY-II,16.0,4.0,16.0,4.0,0.0,0.0,179.97,139.6455,179.92,143.5531,0.0,0.9997221759182086,1.0,0.9725091489991242,11.248125,1.0
Assam,Dibrugarh,PMGSY-III,29.0,3.0,25.0,3.0,4.0,0.0,188.897,107.55336,162.64,88.9363,23.645,0.8609983218367682,0.8269039665520446,1.0412313360001009,6.5136896551724135,0.8620689655172413
Assam,Goalpara,PMGSY-I,375.0,69.0,375.0,69.0,0.0,0.0,1064.279,694.17209,1060.507,768.416,0.0,0.9964558165668965,1.0,0.9001788312306083,2.838077333333333,1.0
Assam,Goalpara,PMGSY-III,20.0,0.0,19.0,0.0,1.0,0.0,143.229,112.62448,142.249,106.8463,0.56,0.9931578102199973,0.9486951682263038,1.0468671534153815,7.16145,0.95
Assam,Golaghat,PMGSY-II,9.0,0.0,9.0,0.0,0.0,0.0,88.092,59.8113,88.092,63.9656,0.0,1.0,1.0,0.9350541541078329,9.788,1.0
Assam,Jorhat,PMGSY-II,10.0,1.0,10.0,1.0,0.0,0.0,61.25,53.6937,61.25,54.5213,0.0,1.0,1.0,0.984820611394079,6.125,1.0
Assam,Karimganj,PMGSY-III,23.0,0.0,17.0,0.0,6.0,0.0,145.542,111.22492,117.849,90.3879,27.605,0.809725027827019,0.8126587099365862,0.9963900194833375,6.327913043478261,0.7391304347826086
Assam,Sonitpur,PMGSY-II,20.0,4.0,20.0,4.0,0.0,0.0,180.67,130.875,180.62,136.9289,0.0,0.9997232523385179,1.0,0.9555234917523148,9.0335,1.0
Assam,Sonitpur,PMGSY-III,44.0,4.0,39.0,4.0,5.0,0.0,280.333,172.96644,246.043,151.139,33.575,0.877681186303432,0.8738053462856725,1.0044355874385922,6.371204545454546,0.8863636363636364
Bihar,Bhagalpur,PMGSY-III,8.0,4.0,8.0,2.0,0.0,2.0,60.813,61.31584,60.475,59.7489,0.0,0.9944419778665745,0.9744447764231885,1.0205216364510548,7.601625,1.0
Bihar,Chapra(Saran),PMGSY-III,29.0,2.0,19.0,0.0,10.0,2.0,205.306,152.30697,149.928,94.1559,53.216,0.730266041908176,0.6181982347885983,1.1812813444184307,7.07951724137931,0.6551724137931034
Bihar,Darbhanga,PMGSY-I,471.0,31.0,464.0,30.0,7.0,1.0,1521.72,984.1863,1241.698,615.05,2.736,0.8159832295034567,0.6249324949961201,1.3057141947923874,3.230828025477707,0.9851380042462845
Bihar,Gaya,PMGSY-III,23.0,3.0,22.0,3.0,1.0,0.0,174.673,104.35383,153.781,77.0177,5.222,0.8803936498485743,0.7380438264700012,1.1928744855971762,7.594478260869566,0.9565217391304348
Bihar,Gopalganj,PMGSY-I,273.0,3.0,273.0,3.0,0.0,0.0,1150.732,636.65499,1137.65,615.0024,0.0,0.988631584069966,0.9659900725823259,1.0234386585641753,4.215135531135531,1.0
Bihar,Gopalganj,PMGSY-II,5.0,0.0,5.0,0.0,0.0,0.0,27.145,13.59418,27.145,14.1035,0.0,1.0,1.0,0.9638869784096146,5.429,1.0
Bihar,Kaimur (Bhabhua),PMGSY-II,5.0,0.0,5.0,0.0,0.0,0.0,41.47,25.4849,40.77,23.0513,0.0,0.9831203279479143,0.9045081597338032,1.0869115080589729,8.294,1.0
Bihar,Kishanganj,PMGSY-II,25.0,41.0,25.0,41.0,0.0,0.0,263.67,256.1152,260.965,278.6794,0.0,0.9897409640838926,1.0,0.9096033110611657,10.546800000000001,1.0
Bihar,Kishanganj,PMGSY-III,60.0,108.0,24.0,32.0,36.0,76.0,511.419,800.10631,260.566,399.1047,242.954,0.5094961274414912,0.49881458877633394,1.0214138457565178,8.52365,0.4
Bihar,Lakhisarai,PMGSY-I,202.0,10.0,192.0,10.0,10.0,0.0,534.825,205.25149,480.872,187.0906,33.421,0.8991202729864909,0.9115188396439899,0.9863979041153538,2.6476485148514852,0.9504950495049505
Bihar,Munger,PMGSY-II,3.0,0.0,3.0,0.0,0.0,0.0,23.4,11.3956,23.4,12.4103,0.0,1.0,1.0,0.9182372706542147,7.8,1.0
Bihar,Muzaffarpur,PMGSY-III,40.0,15.0,38.0,3.0,2.0,12.0,290.767,269.73708,276.085,214.5742,9.97,0.9495059618182256,0.7954938935351417,1.1936055946308535,7.269175,0.95
Bihar,Nalanda,PMGSY-I,431.0,9.0,430.0,9.0,1.0,0.0,1285.064,563.77684,1264.156,510.2949,0.9,0.9837299932143456,0.9051363301834109,1.0868307462755462,2.9815870069605572,0.9976798143851509
Bihar,Nawada,PMGSY-III,2.0,0.0,2.0,0.0,0.0,0.0,15.775,10.59852,15.333,6.4936,0.0,0.9719809825673534,0.6126893188860331,1.5864173776271633,7.8875,1.0
Bihar,Patna,PMGSY-III,13.0,1.0,12.0,0.0,1.0,1.0,85.585,62.87895,78.36,53.9798,6.22,0.9155810013436935,0.858471714301845,1.0665243666045454,6.583461538461538,0.9230769230769231
Bihar,Sheikhpura,PMGSY-II,5.0,1.0,5.0,1.0,0.0,0.0,18.25,7.24144,18.171,8.038,0.0,0.9956712328767123,1.0,0.8970009321476411,3.65,1.0
Bihar,Sitamarhi,PMGSY-I,649.0,111.0,643.0,110.0,6.0,1.0,1753.831,1382.8775,1696.858,1210.2332,8.705,0.9675151140560294,0.8751557531307002,1.1055347697766158,2.7023590138674884,0.9907550077041603
Bihar,Siwan,PMGSY-II,14.0,0.0,14.0,0.0,0.0,0.0,77.452,36.19232,77.254,34.9717,0.0,0.9974435779579611,0.9662740603531356,1.0322574297331695,5.532285714285714,1.0
Bihar,Siwan,PMGSY-III,5.0,0.0,5.0,0.0,0.0,0.0,27.355,16.78689,27.036,14.0995,0.0,0.9883385121549991,0.8399113832282216,1.1767176060363582,5.471,1.0
Chhattisgarh,Bastar,PMGSY-II,5.0,0.0,5.0,0.0,0.0,0.0,94.35,48.2962,93.05,50.364,0.0,0.9862215156332804,1.0,0.9457301160219213,18.869999999999997,1.0
Chhattisgarh,Bastar,RCPLWEA,51.0,1.0,51.0,1.0,0.0,0.0,479.475,303.27069,475.58,207.4498,0.0,0.9918765316231294,0.6840417054480273,1.4500234762345072,9.401470588235295,1.0
Chhattisgarh,Bemetra,PMGSY-I,149.0,1.0,149.0,1.0,0.0,0.0,643.02,173.8472,622.989,178.6295,0.0,0.9688485583652142,1.0,0.9429103764822108,4.315570469798658,1.0
Chhattisgarh,Bemetra,PMGSY-III,21.0,5.0,21.0,2.0,0.0,3.0,148.44,116.25624,149.15,98.4174,0.0,1.0,0.8465558493892457,1.1869070163091466,7.0685714285714285,1.0
Chhattisgarh,Bilaspur,PM-JANMAN,33.0,11.0,7.0,0.0,26.0,11.0,134.45,136.52212,50.92,0.0,83.33,0.37872815172926744,0.0,,4.074242424242424,0.21212121212121213
Chhattisgarh,Dantewada,PMGSY-II,1.0,0.0,1.0,0.0,0.0,0.0,21.2,14.4226,21.2,15.3682,0.0,1.0,1.0,0.9384703478611678,21.2,1.0
Chhattisgarh,Durg,PMGSY-I,96.0,0.0,96.0,0.0,0.0,0.0,375.0,103.6962,354.46,94.6991,0.0,0.9452266666666667,0.9132359720028314,1.03503004222849,3.90625,1.0
Chhattisgarh,Durg,PMGSY-II,7.0,0.0,7.0,0.0,0.0,0.0,69.425,40.3848,68.995,36.8385,0.0,0.9938062657544113,0.9121872585725324,1.0894761535143598,9.917857142857143,1.0
Chhattisgarh,Gaurella Pendra Marwahi,PMGSY-I,150.0,2.0,150.0,2.0,0.0,0.0,627.45,158.5502,599.16,159.7764,0.0,0.9549127420511593,1.0,0.9475842880097418,4.183000000000001,1.0
Chhattisgarh,Jashpur,PMGSY-I,379.0,18.0,379.0,18.0,0.0,0.0,1922.406,662.97695,1837.145,636.6611,0.0,0.955648806755701,0.9603065385606544,0.9951497447763559,5.072311345646438,1.0
Chhattisgarh,Kanker,PMGSY-I,498.0,28.0,491.0,28.0,7.0,0.0,2116.309,840.3478,2070.71,910.5589,19.05,0.9784535245089445,1.0,0.903007226356623,4.249616465863454,0.9859437751004017
Chhattisgarh,Kanker,PMGSY-II,4.0,0.0,4.0,0.0,0.0,0.0,57.6,29.874,57.4,34.788,0.0,0.9965277777777777,1.0,0.8557626432486297,14.4,1.0
Chhattisgarh,Kawardha,PMGSY-III,27.0,0.0,27.0,0.0,0.0,0.0,282.102,171.06871,279.842,138.8372,0.0,0.9919887133022808,0.8115873440560812,1.222282137058231,10.44822222222222,1.0
Chhattisgarh,Korba,PMGSY-I,395.0,9.0,395.0,9.0,0.0,0.0,1749.245,576.5879,1721.57,541.0504,0.0,0.9841788886062273,0.9383658588742496,1.0488221404249929,4.42846835443038,1.0
Chhattisgarh,Korba,PMGSY-II,9.0,0.0,9.0,0.0,0.0,0.0,113.93,79.16499,113.43,70.3586,0.0,0.9956113402966734,0.8887590335071096,1.1202264086902347,12.658888888888889,1.0
Chhattisgarh,Mungeli,PMGSY-I,165.0,0.0,165.0,0.0,0.0,0.0,724.402,222.918,698.381,233.7562,0.0,0.964079337163619,1.0,0.9193794118908488,4.390315151515152,1.0
Chhattisgarh,Mungeli,PMGSY-II,6.0,0.0,6.0,0.0,0.0,0.0,65.62,53.4757,65.62,47.6639,0.0,1.0,0.8913188607161757,1.1219329513531204,10.936666666666667,1.0
Chhattisgarh,Mungeli,PMGSY-III,13.0,1.0,13.0,0.0,0.0,1.0,133.81,101.17747,135.001,92.8284,0.0,1.0,0.9174809372086493,1.0996421169667472,10.293076923076923,1.0
Chhattisgarh,Mungeli,PM-JANMAN,4.0,0.0,2.0,0.0,2.0,0.0,11.25,7.33941,3.9,0.0,7.35,0.3466666666666667,0.0,,2.8125,0.5
Chhattisgarh,Narayanpur,PMGSY-I,94.0,1.0,93.0,1.0,1.0,0.0,344.835,191.55853,337.585,192.648,6.9,0.9789754520277814,1.0,0.9734391143252321,3.6684574468085103,0.9893617021276596
Chhattisgarh,Raigarh,PMGSY-II,14.0,0.0,14.0,0.0,0.0,0.0,178.596,110.8773,173.9,91.1443,0.0,0.973706018051916,0.8220284945611049,1.1845161384238807,12.756857142857143,1.0
Chhattisgarh,Raipur,PMGSY-I,85.0,1.0,85.0,1.0,0.0,0.0,371.155,114.48731,353.042,104.6007,0.0,0.9511982864301977,0.913644490380637,1.0411032917562006,4.366529411764706,1.0
Chhattisgarh,Sukma,RCPLWEA,46.0,0.0,13.0,0.0,33.0,0.0,452.555,257.6045,185.025,137.0647,267.53,0.40884533371634385,0.5320741679590225,0.7683991412036205,9.838152173913043,0.2826086956521739
Chhattisgarh,Sukma,PMGSY-III,6.0,0.0,6.0,0.0,0.0,0.0,77.05,42.1025,76.35,32.5968,0.0,0.990914990266061,0.7742248085030581,1.2798801838731664,12.841666666666667,1.0
Chhattisgarh,Surguja,PMGSY-II,6.0,0.0,6.0,0.0,0.0,0.0,81.95,49.1598,81.735,42.852,0.0,0.9973764490543013,0.8716878425054617,1.1441899271963887,13.658333333333333,1.0
Chhattisgarh,Surguja,PMGSY-III,16.0,4.0,16.0,4.0,0.0,0.0,184.854,108.7031,183.049,93.5863,0.0,0.9902355372347906,0.8609349687359421,1.1501862198589663,11.553375,1.0
Gujarat,Amreli,PMGSY-III,8.0,0.0,8.0,0.0,0.0,0.0,69.903,39.7798,70.017,36.3576,0.0,1.0,0.9139714126265088,1.0959104600617382,8.737875,1.0
Gujarat,Anand,PMGSY-I,245.0,0.0,245.0,0.0,0.0,0.0,523.83,103.4697,524.25,108.0646,0.0,1.0,1.0,0.958247757764525,2.138081632653061,1.0
Gujarat,Anand,PMGSY-II,7.0,0.0,7.0,0.0,0.0,0.0,55.56,35.7655,55.421,33.2326,0.0,0.9974982001439884,0.9291803553703987,1.0735248484093878,7.937142857142858,1.0
Gujarat,Arvalli,PMGSY-I,196.0,1.0,196.0,1.0,0.0,0.0,517.8,132.5029,513.42,139.2369,0.0,0.9915411355735806,1.0,0.9435866205926203,2.6418367346938774,1.0
Gujarat,Arvalli,PMGSY-II,1.0,0.0,1.0,0.0,0.0,0.0,9.0,4.9002,9.0,4.2387,0.0,1.0,0.8650055099791845,1.156062000141553,9.0,1.0
Gujarat,Arvalli,PMGSY-III,9.0,15.0,9.0,10.0,0.0,5.0,105.14,127.47171,105.14,89.5543,0.0,1.0,0.7025425484603603,1.4234013330459845,11.682222222222222,1.0
Gujarat,Banaskantha,PMGSY-I,221.0,0.0,221.0,0.0,0.0,0.0,581.105,167.7729,571.986,169.3812,0.0,0.9843074831570886,1.0,0.9749613353841271,2.6294343891402714,1.0
Gujarat,Bharuch,PMGSY-I,44.0,0.0,44.0,0.0,0.0,0.0,168.47,41.534,166.88,48.5185,0.0,0.9905621178844898,1.0,0.8479653535087524,3.828863636363636,1.0
Gujarat,Bharuch,PMGSY-II,4.0,0.0,4.0,0.0,0.0,0.0,44.6,25.132,44.6,20.8079,0.0,1.0,0.8279444532866465,1.20781049505236,11.15,1.0
Gujarat,Kheda,PMGSY-I,206.0,0.0,206.0,0.0,0.0,0.0,391.38,73.4151,389.05,80.8753,0.0,0.9940467065256273,1.0,0.9023526140150279,1.8999029126213591,1.0
Gujarat,Mahisagar,PMGSY-III,11.0,1.0,11.0,1.0,0.0,0.0,96.96,60.61125,96.16,61.5828,0.0,0.9917491749174918,1.0,0.9761030219187473,8.814545454545454,1.0
Gujarat,Morbi,PMGSY-II,1.0,4.0,1.0,4.0,0.0,0.0,17.4,10.6342,16.11,8.789,0.0,0.9258620689655173,0.8264843617761561,1.1202414852421327,17.4,1.0
Gujarat,Morbi,PMGSY-III,9.0,2.0,9.0,0.0,0.0,2.0,86.278,55.81509,86.27,39.4777,0.0,0.9999072764783605,0.7072943893846628,1.413707349422448,9.586444444444446,1.0
Gujarat,Narmada,PMGSY-I,74.0,3.0,74.0,3.0,0.0,0.0,271.39,78.4196,271.07,85.5156,0.0,0.998820885073142,1.0,0.9159397148483056,3.6674324324324323,1.0
Gujarat,Navsari,PMGSY-I,222.0,0.0,222.0,0.0,0.0,0.0,448.7,105.8405,448.645,104.1331,0.0,0.9998774236683753,0.9838681790052012,1.0162717374184835,2.0211711711711713,1.0
Gujarat,Panchmahals,PMGSY-III,11.0,8.0,11.0,0.0,0.0,8.0,101.73,108.88015,101.53,86.4742,0.0,0.9980340115993316,0.7942145560967724,1.256630219048421,9.248181818181818,1.0
Gujarat,Vadodara,PMGSY-III,8.0,0.0,8.0,0.0,0.0,0.0,83.465,52.2316,81.941,48.1604,0.0,0.9817408494578566,0.922054848023036,1.0647315087196738,10.433125,1.0
Haryana,Hisar,PMGSY-I,29.0,0.0,29.0,0.0,0.0,0.0,374.19,72.6718,373.615,70.1549,0.0,0.9984633474972607,0.9653662080752092,1.0342845431559513,12.903103448275862,1.0
Haryana,Jind,PMGSY-III,19.0,0.0,19.0,0.0,0.0,0.0,246.687,125.83535,243.951,108.7085,0.0,0.9889090223643726,0.8638947640706685,1.144710054387455,12.983526315789474,1.0
Haryana,Kaithal,PMGSY-I,20.0,0.0,20.0,0.0,0.0,0.0,281.71,103.4395,279.57,91.5525,0.0,0.9924035355507437,0.8850825845059189,1.1212552963119646,14.0855,1.0
Haryana,Kaithal,PMGSY-II,3.0,0.0,3.0,0.0,0.0,0.0,40.73,32.2339,40.36,28.8621,0.0,0.9909157868892708,0.8953958410245115,1.1066790144518266,13.576666666666666,1.0
Haryana,Karnal,PMGSY-III,10.0,0.0,10.0,0.0,0.0,0.0,63.88,34.53308,61.406,28.7263,0.0,0.9612711333750782,0.8318487664581323,1.1555840101416557,6.388,1.0
Haryana,Palwal,PMGSY-II,5.0,0.0,5.0,0.0,0.0,0.0,51.47,57.6741,51.03,41.7525,0.0,0.9914513308723528,0.7239384749827045,1.3695242967933696,10.294,1.0
Haryana,Palwal,PMGSY-III,12.0,0.0,12.0,0.0,0.0,0.0,105.821,48.82524,103.103,43.1292,0.0,0.974315117037261,0.8833382078613438,1.1029921590238716,8.818416666666666,1.0
Haryana,Panchkula,PMGSY-II,1.0,0.0,1.0,0.0,0.0,0.0,6.4,4.1956,6.4,3.9212,0.0,1.0,0.9345981504433216,1.0699785779863307,6.4,1.0
Haryana,Panipat,PMGSY-I,23.0,0.0,23.0,0.0,0.0,0.0,247.775,90.7737,247.77,82.915,0.0,0.9999798204015741,0.9134253643951937,1.0947581043621344,10.772826086956522,1.0
Haryana,Panipat,PMGSY-III,11.0,0.0,11.0,0.0,0.0,0.0,80.7,42.35507,79.542,36.2714,0.0,0.9856505576208179,0.8563650113197783,1.1509701407601796,7.336363636363637,1.0
Haryana,Rewari,PMGSY-I,22.0,0.0,22.0,0.0,0.0,0.0,238.406,84.1866,238.318,70.4965,0.0,0.9996308817731098,0.837383859188992,1.1937546572025575,10.836636363636364,1.0
Haryana,Rewari,PMGSY-II,4.0,0.0,4.0,0.0,0.0,0.0,31.567,23.3616,30.526,18.717,0.0,0.967022523521399,0.801186562564208,1.2069879460115143,7.89175,1.0
Haryana,Sonepat,PMGSY-III,14.0,0.0,14.0,0.0,0.0,0.0,130.849,61.02902,128.771,56.3865,0.0,0.9841190991142462,0.9239293044522097,1.0651454547139,9.346357142857142,1.0
Haryana,Yamuna Nagar,PMGSY-I,16.0,0.0,16.0,0.0,0.0,0.0,192.87,66.2875,192.87,66.1965,0.0,1.0,0.9986271921553839,1.0013746950367466,12.054375,1.0
Himachal Pradesh,Hamirpur,PMGSY-I,151.0,6.0,151.0,6.0,0.0,0.0,759.038,227.8936,753.124,219.0402,0.0,0.9922085587282851,0.9611511687910499,1.0323127005882953,5.026741721854305,1.0
Himachal Pradesh,Hamirpur,PMGSY-II,9.0,0.0,9.0,0.0,0.0,0.0,80.406,64.7617,80.406,62.1372,0.0,1.0,0.9594745042208589,1.0422371783730198,8.934000000000001,1.0
Himachal Pradesh,Hamirpur,PMGSY-III,21.0,6.0,0.0,0.0,21.0,6.0,177.91,210.67995,116.47,87.6674,61.44,0.6546568489685797,0.41611648379449495,1.5732538230614561,8.471904761904762,0.0
Himachal Pradesh,Kangra,PMGSY-I,779.0,18.0,778.0,17.0,1.0,1.0,3190.634,949.49646,3135.685,838.4927,14.4,0.9827780309493348,0.8830919706641139,1.112882987952267,4.095807445442875,0.9987163029525032
Himachal Pradesh,Kinnaur,PMGSY-III,2.0,0.0,0.0,0.0,2.0,0.0,22.69,21.62738,21.675,16.1437,1.015,0.9552666372851476,0.7464473274155261,1.2797508976187648,11.345,0.0
Himachal Pradesh,Lahul And Spiti,PMGSY-I,27.0,0.0,27.0,0.0,0.0,0.0,287.435,41.1428,286.43,39.6189,0.0,0.9965035573260042,0.9629607124454338,1.0348330357065019,10.645740740740742,1.0
Himachal Pradesh,Lahul And Spiti,PMGSY-II,2.0,0.0,2.0,0.0,0.0,0.0,31.115,31.4474,30.8,34.2168,0.0,0.9898762654668167,1.0,0.909758798912849,15.5575,1.0
Himachal Pradesh,Mandi,PMGSY-III,29.0,1.0,6.0,0.0,23.0,1.0,362.1,383.21903,104.83,136.1849,256.765,0.28950566141949735,0.35537092195030084,0.8146577098392568,12.486206896551725,0.20689655172413793
Himachal Pradesh,Shimla,PMGSY-I,484.0,8.0,469.0,8.0,15.0,0.0,3605.742,1335.84816,3498.395,1385.0837,61.332,0.9702288738351218,1.0,0.93574016927029,7.449880165289256,0.96900826446281
Himachal Pradesh,Una,PMGSY-I,181.0,23.0,181.0,23.0,0.0,0.0,988.735,382.4297,985.008,358.3812,0.0,0.9962305369992971,0.9371165471719376,1.063080723529806,5.4626243093922655,1.0
Jammu And Kashmir,Anantnag,PMGSY-II,8.0,0.0,7.0,0.0,1.0,0.0,38.0,46.4836,35.393,35.3668,2.0,0.9313947368421053,0.7608446850071853,1.2241588266247918,4.75,0.875
Jammu And Kashmir,Baramula,PMGSY-II,14.0,0.0,13.0,0.0,1.0,0.0,87.95,110.6091,86.976,80.9236,0.4,0.9889255258669698,0.7316179229376244,1.3516966914864423,6.2821428571428575,0.9285714285714286
Jammu And Kashmir,Budgam,PMGSY-II,6.0,0.0,6.0,0.0,0.0,0.0,45.1,51.6965,42.25,36.3514,0.0,0.9368070953436807,0.7031694602149081,1.3322636268323804,7.516666666666667,1.0
Jammu And Kashmir,Doda,PMGSY-II,6.0,0.0,5.0,0.0,1.0,0.0,41.5,38.3902,38.9,32.9975,1.9,0.9373493975903614,0.8595292548619179,1.0905380966246987,6.916666666666667,0.8333333333333334
Jammu And Kashmir,Kathua,PMGSY-III,12.0,13.0,11.0,5.0,1.0,8.0,86.407,119.8515,77.405,98.6626,8.8,0.8958186258057796,0.8232070520602579,1.0882057236557865,7.200583333333333,0.9166666666666666
Jammu And Kashmir,Kathua,,15.0,0.0,0.0,0.0,15.0,0.0,129.569,,0.0,0.0,129.569,0.0,,,8.637933333333333,0.0
Jammu And Kashmir,Kulgam,PMGSY-III,6.0,3.0,6.0,0.0,0.0,3.0,41.137,43.38224,40.98,37.5764,0.0,0.9961834844543841,0.8661701193852599,1.1501014202168478,6.856166666666667,1.0
Jammu And Kashmir,Poonch,PMGSY-III,3.0,11.0,2.0,0.0,1.0,11.0,86.4,202.74419,76.0,95.2952,9.4,0.8796296296296295,0.47002678597103076,1.8714457471022596,28.8,0.6666666666666666
Jammu And Kashmir,Ramban,PMGSY-I,88.0,18.0,84.0,17.0,4.0,1.0,787.775,488.2015,773.01,533.993,8.895,0.9812573387071182,1.0,0.8971115813181504,8.951988636363636,0.9545454545454546
Jammu And Kashmir,Reasi,PMGSY-II,5.0,0.0,5.0,0.0,0.0,0.0,36.95,47.2833,36.025,35.2418,0.0,0.9749661705006765,0.7453329188106583,1.3080948739745029,7.390000000000001,1.0
Jammu And Kashmir,Samba,PMGSY-II,4.0,1.0,4.0,1.0,0.0,0.0,10.1,9.6632,10.1,7.1517,0.0,1.0,0.7400964483814886,1.3511752450466321,2.525,1.0
Jammu And Kashmir,Samba,PMGSY-III,6.0,3.0,5.0,0.0,1.0,3.0,22.305,75.529,19.12,56.7311,3.175,0.8572069042815513,0.7511167895775133,1.1412431677418786,3.7175,0.8333333333333334
Jammu And Kashmir,Udhampur,,20.0,0.0,0.0,0.0,20.0,0.0,133.931,,0.0,0.0,133.931,0.0,,,6.69655,0.0
Jharkhand,Bokaro,PMGSY-I,366.0,11.0,366.0,11.0,0.0,0.0,1218.381,423.87659,1159.405,353.3851,0.0,0.9515947802862978,0.8336980817930992,1.141414141483484,3.328909836065574,1.0
Jharkhand,Bokaro,RCPLWEA,13.0,12.0,13.0,8.0,0.0,4.0,91.075,110.99275,91.071,105.6373,0.0,0.9999560801537194,0.9517495512094258,1.05065043517282,7.005769230769231,1.0
Jharkhand,Chatra,PMGSY-III,22.0,11.0,19.0,2.0,3.0,9.0,183.866,144.75469,167.703,143.6187,12.13,0.9120935898969902,0.9921523095382953,0.9193080347930038,8.357545454545455,0.8636363636363636
Jharkhand,Deoghar,PMGSY-I,177.0,30.0,177.0,30.0,0.0,0.0,587.009,258.17225,556.692,221.8802,0.0,0.9483534324005254,0.859426991088314,1.1034717808892662,3.3164350282485877,1.0
Jharkhand,Deoghar,PMGSY-II,8.0,0.0,8.0,0.0,0.0,0.0,78.895,41.2617,78.178,34.1931,0.0,0.9909119716078332,0.8286885901453407,1.1957591589791778,9.861875,1.0
Jharkhand,Deoghar,PMGSY-III,18.0,2.0,14.0,2.0,4.0,0.0,160.47,105.2488,117.603,94.3989,41.37,0.7328659562535053,0.8969118887816298,0.8170991659493271,8.915,0.7777777777777778
Jharkhand,Garhwa,PMGSY-I,298.0,40.0,298.0,40.0,0.0,0.0,1165.382,429.49684,1148.542,381.7784,0.0,0.9855498025540123,0.8888968775649199,1.108733563395866,3.9106778523489933,1.0
Jharkhand,Garhwa,PMGSY-III,35.0,25.0,5.0,10.0,30.0,15.0,278.995,260.79578,88.647,162.2901,190.185,0.3177368770049643,0.6222880600291922,0.5105945259339524,7.971285714285714,0.14285714285714285
Jharkhand,Giridih,RCPLWEA,27.0,15.0,22.0,14.0,5.0,1.0,137.608,130.42188,110.658,109.2079,26.647,0.8041538282657985,0.8373433966754659,0.9603632529480246,5.096592592592593,0.8148148148148148
Jharkhand,Giridih,PMGSY-III,29.0,5.0,7.0,5.0,22.0,0.0,258.785,167.36601,220.557,156.1715,38.151,0.852278918793593,0.9331135993503102,0.9133710186916156,8.923620689655174,0.2413793103448276
Jharkhand,Godda,PM-JANMAN,34.0,0.0,0.0,0.0,34.0,0.0,97.425,87.8306,0.0,0.0,97.425,0.0,0.0,,2.865441176470588,0.0
Jharkhand,Gumla,PM-JANMAN,34.0,0.0,3.0,0.0,31.0,0.0,124.449,115.53022,11.41,0.0,113.039,0.09168414370545364,0.0,,3.6602647058823528,0.08823529411764706
Jharkhand,Hazaribagh,RCPLWEA,14.0,6.0,14.0,6.0,0.0,0.0,123.328,108.07188,123.328,93.9569,0.0,1.0,0.8693926671766977,1.1502282429496926,8.809142857142858,1.0
Jharkhand,Hazaribagh,PM-JANMAN,3.0,0.0,0.0,0.0,3.0,0.0,7.325,7.1579,0.0,0.0,7.325,0.0,0.0,,2.441666666666667,0.0
Jharkhand,Jamtara,PM-JANMAN,4.0,0.0,0.0,0.0,4.0,0.0,11.645,9.6589,0.0,0.0,11.645,0.0,0.0,,2.91125,0.0
Jharkhand,Khunti,PMGSY-II,11.0,0.0,11.0,0.0,0.0,0.0,136.355,89.8822,135.975,69.6886,0.0,0.9972131568332662,0.7753326020057364,1.2861746742669389,12.39590909090909,1.0
Jharkhand,Khunti,RCPLWEA,53.0,13.0,50.0,13.0,3.0,0.0,333.312,316.83841,330.99,300.6139,1.0,0.9930335541474654,0.9487924775282138,1.04662882312738,6.288905660377359,0.9433962264150944
Jharkhand,Koderma,PMGSY-I,78.0,6.0,78.0,6.0,0.0,0.0,398.911,143.08113,380.066,121.5654,0.0,0.9527588860673182,0.8496256634260576,1.1213866613037358,5.11424358974359,1.0
Jharkhand,Lohardaga,PMGSY-I,122.0,8.0,122.0,8.0,0.0,0.0,532.271,184.77132,518.791,183.4775,0.0,0.9746745548789998,0.9929977228067646,0.9815476234165238,4.3628770491803275,1.0
Jharkhand,Lohardaga,PMGSY-III,10.0,1.0,3.0,0.0,7.0,1.0,85.5,47.69468,47.815,32.3367,37.685,0.5592397660818713,0.6779938559185218,0.8248448878998075,8.55,0.3
Jharkhand,Lohardaga,PM-JANMAN,6.0,0.0,0.0,0.0,6.0,0.0,12.58,12.35974,0.0,0.0,12.58,0.0,0.0,,2.0966666666666667,0.0
Jharkhand,Pakur,PMGSY-I,164.0,10.0,162.0,10.0,2.0,0.0,699.33,257.0937,680.765,231.8872,0.0,0.973453162312499,0.9019559794736316,1.07926903803065,4.264207317073171,0.9878048780487805
Jharkhand,Palamu,RCPLWEA,14.0,10.0,9.0,8.0,5.0,2.0,110.547,141.3135,85.504,127.5626,23.94,0.773462870996047,0.9026922410102362,0.8568400567290091,7.896214285714286,0.6428571428571429
Jharkhand,Palamu,PMGSY-III,25.0,13.0,1.0,2.0,24.0,11.0,223.406,175.30965,107.29,131.2087,116.116,0.4802467256922375,0.7484396894295322,0.6416638941987244,8.93624,0.04
Jharkhand,Pashchimi Singhbhum,PMGSY-I,467.0,40.0,462.0,34.0,5.0,6.0,2203.987,909.47745,2160.394,873.4257,10.47,0.9802208452227711,0.9603599297596659,1.0206806998580995,4.719458244111349,0.9892933618843683
Jharkhand,Purbi Singhbhum,PMGSY-I,668.0,5.0,668.0,5.0,0.0,0.0,1952.658,645.03775,1875.058,585.323,0.0,0.9602592978391505,0.9074244104317926,1.0582251114252226,2.923140718562874,1.0
Jharkhand,Ramgarh,PMGSY-I,112.0,9.0,112.0,9.0,0.0,0.0,398.595,142.54375,383.529,109.2116,0.0,0.9622022353516727,0.7661619678168984,1.2558731388003654,3.558883928571429,1.0
Jharkhand,Ranchi,PMGSY-I,403.0,12.0,403.0,12.0,0.0,0.0,1134.065,446.65972,1111.493,392.1997,0.0,0.9800963789553507,0.8780726858468456,1.1161904871350254,2.8140570719602978,1.0
Jharkhand,Ranchi,PMGSY-III,22.0,2.0,10.0,2.0,12.0,0.0,203.407,130.5189,143.657,83.7923,59.75,0.7062539637278953,0.6419936116531781,1.1000950023618494,9.245772727272728,0.45454545454545453
Jharkhand,Sahibganj,PMGSY-I,119.0,1.0,119.0,1.0,0.0,0.0,449.62,177.78706,428.877,155.8556,0.0,0.9538654864107469,0.8766419783307065,1.0880901325614005,3.7783193277310927,1.0
Jharkhand,Sahibganj,PMGSY-II,8.0,0.0,8.0,0.0,0.0,0.0,56.4,38.0902,56.4,34.1855,0.0,1.0,0.897488067796966,1.1142209416272983,7.05,1.0
Karnataka,Bangalore R,PMGSY-II,12.0,0.0,12.0,0.0,0.0,0.0,69.68,25.1195,68.603,25.6851,0.0,0.984543628013777,1.0,0.9628634369300518,5.8066666666666675,1.0
Karnataka,Bangalore R,PMGSY-III,16.0,0.0,16.0,0.0,0.0,0.0,105.25,63.27428,101.89,58.5535,0.0,0.9680760095011877,0.925391802166694,1.04612555161452,6.578125,1.0
Karnataka,Bellary,PMGSY-I,103.0,6.0,103.0,6.0,0.0,0.0,613.73,117.3064,613.73,125.0896,0.0,1.0,1.0,0.9377790000127907,5.958543689320389,1.0
Karnataka,Bellary,PMGSY-II,8.0,2.0,8.0,2.0,0.0,0.0,70.02,31.8604,68.31,30.1544,0.0,0.9755784061696658,0.946453905161266,1.030772233966785,8.7525,1.0
Karnataka,Bidar,PMGSY-II,10.0,0.0,10.0,0.0,0.0,0.0,70.02,34.0262,69.48,33.7712,0.0,0.9922879177377893,0.9925057749616472,0.9997804977770872,7.002,1.0
Karnataka,Chickmagalur,PMGSY-I,118.0,1.0,118.0,1.0,0.0,0.0,572.31,122.8202,572.31,139.3843,0.0,1.0,1.0,0.8811623690760007,4.850084745762711,1.0
Karnataka,Davanagere,PMGSY-I,161.0,0.0,161.0,0.0,0.0,0.0,625.34,131.3145,622.735,160.5346,0.0,0.9958342661592093,1.0,0.8145750432838995,3.884099378881988,1.0
Karnataka,Hassan,PMGSY-III,43.0,2.0,42.0,2.0,1.0,0.0,222.345,160.76095,218.376,156.0841,2.17,0.9821493624772314,0.9709080470101725,1.0115781463565736,5.170813953488372,0.9767441860465116
Karnataka,Kolar,PMGSY-II,10.0,0.0,10.0,0.0,0.0,0.0,64.99,24.0913,64.95,24.9098,0.0,0.9993845206954918,1.0,0.9665461907936355,6.499,1.0
Karnataka,Mysore,PM-JANMAN,16.0,1.0,0.0,0.0,16.0,1.0,33.405,26.77325,0.0,0.0,33.405,0.0,0.0,,2.0878125,0.0
Karnataka,Raichur,PMGSY-I,138.0,4.0,138.0,4.0,0.0,0.0,763.582,148.9996,763.582,159.5051,0.0,1.0,1.0,0.9341369022056347,5.533202898550725,1.0
Karnataka,Yadgir,PMGSY-II,5.0,0.0,5.0,0.0,0.0,0.0,38.448,18.1973,37.73,17.3365,0.0,0.9813254265501455,0.9526962791183309,1.030050655239579,7.6896,1.0
Kerala,Alappuzha,PMGSY-II,11.0,0.0,9.0,0.0,2.0,0.0,25.124,18.12222,20.102,11.6237,4.96,0.8001114472217801,0.6414059646113998,1.2474337492426237,2.284,0.8181818181818182
Kerala,Ernakulam,PMGSY-III,26.0,1.0,8.0,0.0,18.0,1.0,146.379,118.90189,71.108,49.2087,74.057,0.48578006408023017,0.41385969558599955,1.1737795906711714,5.629961538461538,0.3076923076923077
Kerala,Idukki,PMGSY-II,12.0,0.0,11.0,0.0,1.0,0.0,58.557,52.115,58.06,43.2253,0.45,0.9915125433338456,0.8294214717451789,1.1954266643804292,4.8797500000000005,0.9166666666666666
Kerala,Kottayam,PMGSY-II,13.0,0.0,12.0,0.0,1.0,0.0,42.982,32.1583,41.428,25.9922,1.253,0.9638453306035084,0.808257899204871,1.192497260529959,3.3063076923076924,0.9230769230769231
Kerala,Kottayam,PMGSY-III,23.0,1.0,9.0,0.0,14.0,1.0,101.052,87.39754,72.469,54.702,28.544,0.7171456279935082,0.6258986236912388,1.1457855966580337,4.393565217391305,0.391304347826087
Kerala,Malappuram,PMGSY-I,136.0,0.0,136.0,0.0,0.0,0.0,344.148,149.7968,338.265,162.9113,0.0,0.9829056103769307,1.0,0.9037808619568501,2.5305,1.0
Kerala,Palakkad,PMGSY-III,25.0,2.0,4.0,0.0,21.0,2.0,135.815,132.32241,62.508,39.6212,73.197,0.4602437138754924,0.29942925011719485,1.5370699879699652,5.4326,0.16
Kerala,Thiruvananthapuram,PMGSY-I,175.0,0.0,174.0,0.0,1.0,0.0,282.963,127.6997,280.467,141.342,2.31,0.9911790587461964,1.0,0.8955106652528736,1.6169314285714287,0.9942857142857143
Ladakh,Kargil,PMGSY-I,88.0,2.0,83.0,2.0,5.0,0.0,624.385,488.9227,594.99,442.2754,13.5,0.9529216749281293,0.9045916665354257,1.0534274304977924,7.09528409090909,0.9431818181818182
Ladakh,Leh,PMGSY-III,28.0,0.0,0.0,0.0,28.0,0.0,246.195,244.06395,67.67,57.2895,178.525,0.27486342127175617,0.23473151196643338,1.1709694150952414,8.79267857142857,0.0
Madhya Pradesh,Alirajpur,PMGSY-III,21.0,20.0,21.0,13.0,0.0,7.0,205.02,189.05843,200.374,131.7002,0.0,0.9773387962150033,0.6966110953105873,1.4029905678996575,9.762857142857143,1.0
Madhya Pradesh,Anuppur,PMGSY-I,269.0,6.0,269.0,6.0,0.0,0.0,1093.975,308.0774,1065.674,294.2849,0.0,0.9741301218035148,0.955230406384889,1.0197855044105564,4.06682156133829,1.0
Madhya Pradesh,Balaghat,PM-JANMAN,52.0,0.0,9.0,0.0,43.0,0.0,121.45,91.67759,25.311,0.0,95.92,0.20840675174969123,0.0,,2.335576923076923,0.17307692307692307
Madhya Pradesh,Barwani,PMGSY-II,11.0,18.0,11.0,18.0,0.0,0.0,104.689,90.48632,104.694,70.5735,0.0,1.0,0.7799355747918579,1.2822184201260263,9.517181818181818,1.0
Madhya Pradesh,Betul,PMGSY-II,16.0,7.0,16.0,7.0,0.0,0.0,193.142,143.43732,188.772,131.6025,0.0,0.9773741599444967,0.9174913474401222,1.0652679860921332,12.071375,1.0
Madhya Pradesh,Betul,PMGSY-III,35.0,26.0,26.0,12.0,9.0,14.0,378.413,351.13862,361.647,239.281,8.678,0.9556939111499869,0.6814431292120474,1.402455861951467,10.8118,0.7428571428571429
Madhya Pradesh,Bhind,PMGSY-II,5.0,0.0,5.0,0.0,0.0,0.0,66.78,51.2411,66.528,53.8182,0.0,0.9962264150943397,1.0,0.9485218264172823,13.356,1.0
Madhya Pradesh,Bhopal,PMGSY-II,2.0,1.0,2.0,1.0,0.0,0.0,51.23,42.4647,50.202,36.7711,0.0,0.9799336326371267,0.8659215772158992,1.1316655669763973,25.615,1.0
Madhya Pradesh,Burhanpur,PMGSY-III,10.0,13.0,8.0,9.0,2.0,4.0,80.375,74.8902,70.411,38.5717,9.218,0.8760311041990669,0.5150433568076999,1.7008880759647347,8.0375,0.8
Madhya Pradesh,Chhatarpur,PMGSY-II,17.0,5.0,17.0,5.0,0.0,0.0,121.83,74.59624,121.967,67.8781,0.0,1.0,0.9099399648025156,1.1002094165497371,7.166470588235294,1.0
Madhya Pradesh,Chhindwara,PMGSY-III,26.0,41.0,19.0,22.0,7.0,19.0,370.391,335.29599,345.761,228.9137,22.865,0.9335027038993928,0.6827212577162047,1.3673262599469747,14.245807692307693,0.7307692307692307
Madhya Pradesh,Damoh,PMGSY-I,290.0,5.0,290.0,5.0,0.0,0.0,1032.78,327.17,1006.959,304.0001,0.0,0.974998547609365,0.9291808539902802,1.049309769376247,3.5613103448275862,1.0
Madhya Pradesh,Damoh,PMGSY-II,6.0,4.0,5.0,4.0,1.0,0.0,138.571,79.7324,136.31,71.5239,2.2,0.983683454691097,0.897049380176691,1.096576706287163,23.095166666666668,0.8333333333333334
Madhya Pradesh,Dhar,PMGSY-III,46.0,75.0,46.0,59.0,0.0,16.0,540.855,569.03278,534.237,408.852,0.0,0.9877638183986465,0.7185034225972008,1.3747517232807887,11.757717391304348,1.0
Madhya Pradesh,Gwalior,PMGSY-I,183.0,5.0,183.0,5.0,0.0,0.0,641.945,208.9239,615.651,179.8316,0.0,0.9590401046818651,0.86075168996941,1.1141890464553699,3.5078961748633883,1.0
Madhya Pradesh,Gwalior,PMGSY-III,16.0,8.0,14.0,5.0,2.0,3.0,159.66,141.10122,149.524,98.5869,7.75,0.9365150945759739,0.698696297594025,1.3403750639596672,9.97875,0.875
Madhya Pradesh,Hoshangabad,PMGSY-III,25.0,15.0,21.0,10.0,4.0,5.0,270.328,199.08407,250.794,145.2338,14.708,0.9277396348140039,0.7295099000135973,1.2717300132550797,10.81312,0.84
Madhya Pradesh,Jabalpur,PMGSY-III,29.0,7.0,25.0,2.0,4.0,5.0,266.125,188.65052,242.792,127.1613,19.995,0.9123231564114608,0.6740575112117368,1.3534796975578531,9.176724137931034,0.8620689655172413
Madhya Pradesh,Katni,PMGSY-II,7.0,2.0,7.0,2.0,0.0,0.0,85.295,49.5771,83.757,42.2851,0.0,0.9819684623952166,0.8529159632168885,1.1513074027734094,12.185,1.0
Madhya Pradesh,Katni,PMGSY-III,25.0,3.0,23.0,1.0,2.0,2.0,229.589,155.29346,223.001,123.2109,1.046,0.9713052454603661,0.7934068826852076,1.2242208463998685,9.18356,0.92
Madhya Pradesh,Maihar,PMGSY-III,10.0,2.0,10.0,2.0,0.0,0.0,112.535,69.8265,110.129,52.8118,0.0,0.9786199848935887,0.7563289009187056,1.293907959493374,11.253499999999999,1.0
Madhya Pradesh,Maihar,PM-JANMAN,1.0,0.0,0.0,0.0,1.0,0.0,2.85,2.43826,0.22,0.0,2.63,0.07719298245614035,0.0,,2.85,0.0
Madhya Pradesh,Morena,PMGSY-I,480.0,0.0,480.0,0.0,0.0,0.0,1710.924,422.0238,1531.952,346.5039,0.0,0.895394535350489,0.8210529832677683,1.0905441592658776,3.564425,1.0
Madhya Pradesh,Morena,PMGSY-II,8.0,2.0,8.0,2.0,0.0,0.0,102.088,70.2807,101.687,56.8822,0.0,0.996072016299663,0.8093573342325845,1.2306949899257014,12.761,1.0
Madhya Pradesh,Narsinghpur,PM-JANMAN,6.0,0.0,0.0,0.0,6.0,0.0,64.2,68.80444,0.0,0.0,64.2,0.0,0.0,,10.700000000000001,0.0
Madhya Pradesh,Neemuch,PMGSY-II,3.0,2.0,3.0,2.0,0.0,0.0,56.46,42.4354,56.064,38.7124,0.0,0.9929861849096705,0.9122666453008573,1.0884823971418933,18.82,1.0
Madhya Pradesh,Niwari,PMGSY-I,120.0,3.0,120.0,3.0,0.0,0.0,444.855,129.7898,448.172,113.8069,0.0,1.0,0.8768555002010943,1.1489422851933822,3.707125,1.0
Madhya Pradesh,Niwari,PMGSY-II,3.0,0.0,3.0,0.0,0.0,0.0,20.59,11.70144,19.951,8.8303,0.0,0.9689655172413794,0.7546336177427735,1.2840211388139664,6.863333333333333,1.0
Madhya Pradesh,Pandhurna,PMGSY-I,99.0,0.0,99.0,0.0,0.0,0.0,374.621,104.0227,360.837,96.0098,0.0,0.9632054796714546,0.9229696979601567,1.0435938274032426,3.7840505050505047,1.0
Madhya Pradesh,Pandhurna,PMGSY-III,4.0,2.0,3.0,2.0,1.0,0.0,65.15,49.4737,54.804,33.6728,10.04,0.8411972371450498,0.6806202083126995,1.2359275068109288,16.2875,0.75
Madhya Pradesh,Panna,PMGSY-II,5.0,2.0,5.0,2.0,0.0,0.0,57.4,44.7128,55.681,40.1113,0.0,0.9700522648083624,0.897087634860711,1.0813350079883561,11.48,1.0
Madhya Pradesh,Raisen,PMGSY-I,334.0,6.0,334.0,5.0,0.0,1.0,1377.255,454.32818,1305.349,481.7185,0.0,0.9477903510969282,1.0,0.8938993732551861,4.123517964071857,1.0
Madhya Pradesh,Raisen,PMGSY-II,11.0,9.0,11.0,9.0,0.0,0.0,104.255,87.05899,101.989,77.3582,0.0,0.9782648314229534,0.8885722198247419,1.1009401482480536,9.477727272727272,1.0
Madhya Pradesh,Ratlam,PMGSY-II,5.0,7.0,5.0,7.0,0.0,0.0,93.925,86.37772,94.187,76.223,0.0,1.0,0.8824382028143368,1.1363849122545953,18.785,1.0
Madhya Pradesh,Sagar,PMGSY-I,519.0,24.0,519.0,22.0,0.0,2.0,1912.948,638.57422,1853.515,573.6503,0.0,0.9689311993844056,0.8983298762045233,1.0785917568256502,3.68583429672447,1.0
Madhya Pradesh,Seoni,PMGSY-I,803.0,13.0,803.0,13.0,0.0,0.0,2999.1,866.4368,2891.903,836.075,0.0,0.9642569437497915,0.9649578595922982,0.9992736306196803,3.7348692403486923,1.0
Madhya Pradesh,Seoni,PM-JANMAN,2.0,0.0,0.0,0.0,2.0,0.0,2.675,1.69749,0.0,0.0,2.675,0.0,0.0,,1.3375,0.0
Madhya Pradesh,Shahdol,PM-JANMAN,42.0,0.0,9.0,0.0,33.0,0.0,84.779,58.64244,27.353,0.0,57.274,0.32263886103870065,0.0,,2.018547619047619,0.21428571428571427
Madhya Pradesh,Shajapur,PMGSY-II,5.0,7.0,5.0,7.0,0.0,0.0,79.146,51.0444,78.981,49.5073,0.0,0.9979152452429686,0.9698870003369615,1.0288984643533416,15.8292,1.0
Madhya Pradesh,Sheopur,PMGSY-III,15.0,18.0,14.0,17.0,1.0,1.0,162.54,159.64219,154.761,124.4008,4.99,0.9521410114433371,0.7792476412407021,1.221872176510355,10.836,0.9333333333333333
Madhya Pradesh,Shivpuri,PMGSY-III,25.0,11.0,24.0,8.0,1.0,3.0,340.067,276.18536,333.653,194.7953,0.37,0.9811390108419812,0.7053063927791103,1.3910819764102957,13.60268,0.96
Madhya Pradesh,Sidhi,PM-JANMAN,77.0,0.0,0.0,0.0,77.0,0.0,218.839,159.1708,26.491,0.0,192.348,0.12105246322639017,0.0,,2.842064935064935,0.0
Madhya Pradesh,Vidisha,PMGSY-I,369.0,4.0,369.0,4.0,0.0,0.0,1416.114,443.6099,1377.771,389.903,0.0,0.9729237900338532,0.8789321428579481,1.106938457012484,3.837707317073171,1.0
Madhya Pradesh,Vidisha,PM-JANMAN,57.0,0.0,0.0,0.0,57.0,0.0,105.58,76.98807,4.65,0.0,100.93,0.04404243227884069,0.0,,1.8522807017543859,0.0
Maharashtra,Aurangabad,PMGSY-III,27.0,15.0,17.0,0.0,10.0,15.0,192.031,187.14919,154.252,135.781,35.826,0.8032661393212555,0.7255227767750424,1.1071549578247333,7.112259259259259,0.6296296296296297
Maharashtra,Bhandara,PMGSY-I,137.0,8.0,137.0,8.0,0.0,0.0,502.25,98.1209,499.299,95.0626,0.0,0.9941244400199104,0.9688313091298592,1.0261068471380925,3.6660583941605838,1.0
Maharashtra,Bhandara,PMGSY-II,10.0,0.0,10.0,0.0,0.0,0.0,66.61,36.1044,65.785,32.312,0.0,0.9876144723014562,0.894960171059483,1.1035289661352035,6.661,1.0
Maharashtra,Buldhana,PMGSY-III,19.0,9.0,13.0,0.0,6.0,9.0,100.34,94.41716,89.309,82.0808,9.673,0.890063783137333,0.8693419713111472,1.023836203139868,5.281052631578947,0.6842105263157895
Maharashtra,Chandrapur,PMGSY-II,15.0,1.0,15.0,1.0,0.0,0.0,99.04,63.6278,98.053,53.3742,0.0,0.9900343295638125,0.8388503138565219,1.180227643966942,6.602666666666667,1.0
Maharashtra,Dhule,PMGSY-III,13.0,7.0,10.0,0.0,3.0,7.0,125.075,110.2362,93.457,64.8646,24.265,0.7472076753947631,0.5884146949913005,1.2698657626247936,9.621153846153847,0.7692307692307693
Maharashtra,Gadchiroli,PMGSY-II,10.0,0.0,10.0,0.0,0.0,0.0,63.85,37.1005,63.622,25.7138,0.0,0.9964291307752545,0.693084998854463,1.4376723380568928,6.385,1.0
Maharashtra,Jalna,PMGSY-III,26.0,20.0,21.0,0.0,5.0,20.0,149.075,164.24508,137.589,139.3419,9.35,0.9229515344625189,0.8483779240145276,1.087901403769571,5.733653846153846,0.8076923076923077
Maharashtra,Nanded,PMGSY-II,15.0,5.0,15.0,5.0,0.0,0.0,107.23,64.4296,107.03,53.6438,0.0,0.9981348503217383,0.8325955771881248,1.1988231473588646,7.148666666666667,1.0
Maharashtra,Palghar,PMGSY-I,186.0,1.0,186.0,1.0,0.0,0.0,371.319,132.5923,357.308,119.3815,0.0,0.9622669456720501,0.9003652549959538,1.0687517541715605,1.9963387096774194,1.0
Maharashtra,Pune,PMGSY-III,47.0,1.0,12.0,0.0,35.0,1.0,302.635,256.12758,138.186,173.4737,163.415,0.45660944702364237,0.6772941047582615,0.6741671658084408,6.439042553191489,0.2553191489361702
Maharashtra,Satara,PMGSY-III,56.0,0.0,17.0,0.0,39.0,0.0,304.79,232.9597,179.097,139.5207,123.725,0.5876078611503002,0.5989048749633521,0.9811372151316297,5.442678571428572,0.30357142857142855
Maharashtra,Sindhudurg,PMGSY-I,133.0,7.0,133.0,7.0,0.0,0.0,472.33,167.5529,462.475,170.2412,0.0,0.9791353502847586,1.0,0.9636737019753571,3.5513533834586464,1.0
Maharashtra,Solapur,PMGSY-I,288.0,16.0,288.0,16.0,0.0,0.0,1243.14,288.6699,1236.577,315.087,0.0,0.9947206267998776,1.0,0.9113225993654387,4.316458333333333,1.0
Maharashtra,Wardha,PMGSY-I,137.0,9.0,137.0,9.0,0.0,0.0,976.956,240.7053,959.839,,0.0,0.9824792518803304,,,7.131065693430657,1.0
Maharashtra,Washim,PMGSY-II,6.0,1.0,6.0,1.0,0.0,0.0,39.38,24.2801,39.38,21.3985,0.0,1.0,0.8813184459701565,1.1346636446479894,6.5633333333333335,1.0
Maharashtra,Yavatmal,PMGSY-I,147.0,37.0,147.0,37.0,0.0,0.0,913.3,230.781,918.3,567.0564,0.0,1.0,1.0,0.4092087590338371,6.212925170068027,1.0
Maharashtra,Yavatmal,PMGSY-II,13.0,5.0,13.0,5.0,0.0,0.0,82.94,49.785,82.94,52.8659,0.0,1.0,1.0,0.9417223578904358,6.38,1.0
Maharashtra,Yavatmal,PMGSY-III,30.0,26.0,28.0,0.0,2.0,26.0,240.7,229.27766,234.854,202.0686,3.35,0.9757125051931866,0.8813270337807879,1.107094719434052,8.023333333333333,0.9333333333333333
Manipur,Bishnupur,PMGSY-I,149.0,7.0,147.0,6.0,2.0,1.0,362.089,161.94646,389.07,145.587,0.0,1.0,0.898982293283842,1.1952569447191597,2.4301275167785237,0.9865771812080537
Manipur,Bishnupur,PMGSY-III,10.0,0.0,0.0,0.0,10.0,0.0,67.334,52.87731,0.0,0.2834,67.334,0.0,0.005359576725820583,0.0,6.7334000000000005,0.0
Manipur,Chandel,PMGSY-I,218.0,15.0,195.0,10.0,23.0,5.0,1606.94,684.57053,1550.492,628.5127,33.43,0.9648723661119892,0.9181124112952979,1.0509305333872148,7.371284403669725,0.8944954128440367
Manipur,Chandel,PMGSY-II,3.0,0.0,1.0,0.0,2.0,0.0,13.68,12.0844,10.0,7.3919,3.68,0.7309941520467836,0.6116894508622687,1.1950412926303322,4.56,0.3333333333333333
Manipur,Churachandpur,PMGSY-III,3.0,0.0,0.0,0.0,3.0,0.0,22.14,18.76678,0.0,0.161,22.14,0.0,0.008578989043405422,0.0,7.38,0.0
Manipur,Imphal East,PMGSY-III,25.0,0.0,0.0,0.0,25.0,0.0,170.11,143.55361,0.0,0.5644,170.11,0.0,0.003931632231331556,0.0,6.8044,0.0
Manipur,Tamenglong,PMGSY-I,175.0,24.0,139.0,16.0,36.0,8.0,1697.24,796.65261,1610.025,666.0035,88.18,0.9486136315429757,0.836002407624071,1.1347020330227844,9.698514285714285,0.7942857142857143
Meghalaya,East Garo Hills,PMGSY-II,12.0,0.0,12.0,0.0,0.0,0.0,49.9,37.62681,48.905,38.7953,0.0,0.9800601202404811,1.0,0.9505413267294167,4.158333333333333,1.0
Meghalaya,East Garo Hills,PMGSY-III,15.0,8.0,0.0,0.0,15.0,8.0,93.738,114.14796,7.5,9.6967,86.238,0.0800102413108878,0.08494851769580464,0.9418674213645434,6.2492,0.0
Meghalaya,East Khasi Hills,PMGSY-I,191.0,3.0,190.0,3.0,1.0,0.0,742.539,365.36525,733.579,348.7814,0.975,0.9879332937394534,0.9546102153940476,1.0349075233095537,3.8876387434554975,0.9947643979057592
Meghalaya,Jaintia,PMGSY-II,10.0,1.0,10.0,0.0,0.0,1.0,58.889,39.38488,55.465,36.6595,0.0,0.9418567134778991,0.9308013633658399,1.0118772388472685,5.8889000000000005,1.0
Meghalaya,Ribhoi,PMGSY-II,6.0,0.0,6.0,0.0,0.0,0.0,36.298,21.58507,36.298,20.2853,0.0,1.0,0.9397838413310681,1.0640744775773592,6.049666666666667,1.0
Meghalaya,South Garo Hills,PMGSY-II,10.0,6.0,7.0,6.0,3.0,0.0,57.631,60.78697,55.181,70.7654,2.45,0.9574881574152799,1.0,0.8224754456296142,5.7631,0.7
Mizoram,Mamit,PMGSY-II,1.0,0.0,1.0,0.0,0.0,0.0,9.75,9.919,9.75,10.029,0.0,1.0,1.0,0.9890318077575032,9.75,1.0
Nagaland,Phek,PMGSY-II,1.0,1.0,0.0,1.0,1.0,0.0,17.0,19.0824,6.0,15.734,11.0,0.35294117647058826,0.8245294092986207,0.42805165284621544,17.0,0.0
Nagaland,Tseminyu,PMGSY-II,1.0,0.0,1.0,0.0,0.0,0.0,19.0,17.4991,19.0,15.9156,0.0,1.0,0.9095096319239275,1.0994935786272588,19.0,1.0
Nagaland,Zunheboto,PMGSY-II,1.0,0.0,1.0,0.0,0.0,0.0,18.0,16.6787,18.0,16.6788,0.0,1.0,1.0,0.9999940043648226,18.0,1.0
Odisha,Angul,PMGSY-III,31.0,2.0,31.0,2.0,0.0,0.0,236.845,154.8914,228.715,137.6693,0.0,0.9656737528763537,0.8888117739267641,1.0864772285925217,7.64016129032258,1.0
Odisha,Balangir,PMGSY-III,56.0,22.0,47.0,14.0,9.0,8.0,391.311,267.13396,357.321,241.108,22.629,0.9131381433182304,0.9025733755453631,1.011705162216295,6.987696428571428,0.8392857142857143
Odisha,Bargarh,PMGSY-II,23.0,0.0,23.0,0.0,0.0,0.0,143.675,56.40737,140.469,48.4113,0.0,0.9776857490864798,0.8582442329787756,1.139169611071139,6.246739130434783,1.0
Odisha,Bargarh,PMGSY-III,49.0,10.0,45.0,8.0,4.0,2.0,366.35,246.97481,333.871,224.0502,23.089,0.9113443428415449,0.9071783474598077,1.0045922561901994,7.476530612244899,0.9183673469387755
Odisha,Gajapati,PM-JANMAN,9.0,1.0,0.0,0.0,9.0,1.0,38.05,39.4394,0.19,0.0,37.86,0.004993429697766097,0.0,,4.227777777777778,0.0
Odisha,Jajpur,PMGSY-I,448.0,18.0,448.0,18.0,0.0,0.0,1564.9,729.37584,1499.873,715.1697,0.0,0.9584465461051824,0.9805228810430573,0.9774851404646564,3.4930803571428575,1.0
Odisha,Kalahandi,PMGSY-I,747.0,58.0,747.0,58.0,0.0,0.0,3325.484,1409.96473,3150.211,1413.0032,0.0,0.947293987882666,1.0,0.9452569618070266,4.4517858099062915,1.0
Odisha,Kalahandi,PM-JANMAN,10.0,2.0,0.0,0.0,10.0,2.0,19.75,24.7942,0.0,0.0,19.75,0.0,0.0,,1.975,0.0
Odisha,Kandhamal,PMGSY-II,27.0,0.0,27.0,0.0,0.0,0.0,144.974,58.3083,142.047,49.4905,0.0,0.9798101728585816,0.8487728162199891,1.1543844879742586,5.369407407407407,1.0
Odisha,Koraput,PMGSY-III,66.0,2.0,63.0,2.0,3.0,0.0,449.21,264.73846,443.872,232.8425,1.72,0.988116916364284,0.8795189788442527,1.123474240047368,6.806212121212121,0.9545454545454546
Odisha,Malkangiri,PM-JANMAN,1.0,0.0,0.0,0.0,1.0,0.0,9.5,8.6044,0.0,0.0,9.5,0.0,0.0,,9.5,0.0
Odisha,Nayagarh,PMGSY-I,351.0,11.0,350.0,11.0,1.0,0.0,1251.285,627.21815,1202.438,603.8598,2.9,0.9609625305186269,0.9627588104712849,0.9981342368066425,3.56491452991453,0.9971509971509972
Odisha,Nuapara,PMGSY-II,8.0,0.0,8.0,0.0,0.0,0.0,59.371,19.6178,59.292,16.837,0.0,0.9986693840427144,0.8582511800507703,1.1636096835703011,7.421375,1.0
Odisha,Puri,PMGSY-III,40.0,1.0,28.0,0.0,12.0,1.0,293.841,174.94112,264.231,147.8308,25.652,0.8992312168825998,0.845031745538156,1.0641389765894855,7.346025,0.7
Odisha,Rayagada,PMGSY-I,602.0,21.0,602.0,21.0,0.0,0.0,3094.46,1241.08408,2942.946,1280.1645,0.0,0.951037014535654,1.0,0.9220040848117012,5.1402990033222595,1.0
Odisha,Sambalpur,PMGSY-II,9.0,1.0,9.0,1.0,0.0,0.0,85.98,41.51148,85.892,41.1928,0.0,0.9989765061642242,0.9923230874929055,1.0067048915370178,9.553333333333335,1.0
Odisha,Sundargarh,PMGSY-III,72.0,7.0,69.0,6.0,3.0,1.0,495.054,308.58704,474.974,265.1273,7.018,0.959438768295984,0.859165375188796,1.116710235308486,6.87575,0.9583333333333334
Puducherry,Karaikal,PMGSY-III,8.0,0.0,0.0,0.0,8.0,0.0,17.025,9.93598,0.0,0.0,17.025,0.0,0.0,,2.128125,0.0
Punjab,Barnala,PMGSY-I,19.0,0.0,19.0,0.0,0.0,0.0,191.51,89.8188,191.51,85.5467,0.0,1.0,0.9524364609636291,1.0499388053542684,10.079473684210527,1.0
Punjab,Bathinda,PMGSY-III,17.0,6.0,11.0,1.0,6.0,5.0,155.735,135.95946,111.275,81.5962,44.46,0.7145150415770379,0.600150956763141,1.1905588644408884,9.160882352941178,0.6470588235294118
Punjab,Fazilka,PMGSY-III,13.0,2.0,9.0,1.0,4.0,1.0,138.86,120.0087,101.07,76.4758,34.86,0.7278553939219357,0.6372521325537233,1.1421780434145101,10.681538461538462,0.6923076923076923
Punjab,Gurdaspur,PMGSY-I,122.0,0.0,122.0,0.0,0.0,0.0,416.23,126.356,406.8,107.6597,0.0,0.9773442567811066,0.8520347272784831,1.1470709179928376,3.41172131147541,1.0
Punjab,Hoshiarpur,PMGSY-II,2.0,0.0,2.0,0.0,0.0,0.0,25.6,18.2157,25.6,13.5352,0.0,1.0,0.7430513238579907,1.3458020568591524,12.8,1.0
Punjab,Hoshiarpur,PMGSY-III,21.0,1.0,13.0,0.0,8.0,1.0,286.665,234.4038,189.19,123.0401,97.475,0.659968953307868,0.5249065928112087,1.257307418779624,13.650714285714287,0.6190476190476191
Punjab,Jalandhar,PMGSY-I,56.0,0.0,56.0,0.0,0.0,0.0,340.12,121.8067,340.12,105.1702,0.0,1.0,0.8634188431342446,1.1581864444490932,6.073571428571428,1.0
Punjab,Kapurthala,PMGSY-III,10.0,0.0,4.0,0.0,6.0,0.0,83.46,56.04457,36.395,22.6555,47.065,0.4360771627126768,0.4042407676604531,1.0787560226458037,8.346,0.4
Punjab,Ludhiana,PMGSY-I,66.0,0.0,66.0,0.0,0.0,0.0,531.994,251.5569,531.995,241.9727,0.0,1.0,0.9619004686414883,1.0396105546478953,8.060515151515151,1.0
Punjab,Ludhiana,PMGSY-II,12.0,0.0,12.0,0.0,0.0,0.0,132.74,83.1042,132.56,83.1156,0.0,0.9986439656471296,1.0,0.9985069932712054,11.061666666666667,1.0
Punjab,Mansa,PMGSY-III,6.0,1.0,6.0,0.0,0.0,1.0,47.35,38.4315,47.35,33.4994,0.0,1.0,0.8716651704981591,1.1472295026179573,7.891666666666667,1.0
Punjab,Mohali,PMGSY-III,4.0,0.0,3.0,0.0,1.0,0.0,31.94,25.61566,24.104,16.288,7.8,0.7546649968691296,0.635861031884402,1.1868395121378124,7.985,0.75
Punjab,Patiala,PMGSY-III,17.0,7.0,13.0,5.0,4.0,2.0,121.712,119.44707,98.66,93.9672,22.39,0.8106020770343104,0.7866848471042447,1.030402555760549,7.159529411764706,0.7647058823529411
Rajasthan,Ajmer,PMGSY-I,219.0,0.0,219.0,0.0,0.0,0.0,846.855,136.9286,803.86,117.0762,0.0,0.9492297973088664,0.8550164100122254,1.1101889813966188,3.866917808219178,1.0
Rajasthan,Alwar,PMGSY-I,315.0,0.0,315.0,0.0,0.0,0.0,928.18,199.1915,912.885,176.5123,0.0,0.9835215152233403,0.8861437360529943,1.1098893725797576,2.9466031746031742,1.0
Rajasthan,Alwar,PMGSY-III,26.0,0.0,26.0,0.0,0.0,0.0,210.542,120.14714,207.155,94.9976,0.0,0.9839129484853378,0.7906771646832377,1.2443927717066605,8.09776923076923,1.0
Rajasthan,Balotra,PMGSY-II,5.0,2.0,5.0,2.0,0.0,0.0,51.24,20.95518,52.74,15.1681,0.0,1.0,0.7238353476324232,1.4219725633052738,10.248000000000001,1.0
Rajasthan,Balotra,PMGSY-III,13.0,0.0,13.0,0.0,0.0,0.0,152.55,59.1128,148.05,41.6567,0.0,0.9705014749262537,0.7046984747804198,1.3771868531837772,11.734615384615385,1.0
Rajasthan,Beawar,PMGSY-II,5.0,0.0,5.0,0.0,0.0,0.0,55.1,20.3931,55.1,17.627,0.0,1.0,0.8643609848429125,1.1569240369887106,11.02,1.0
Rajasthan,Bharatpur,PMGSY-II,7.0,0.0,7.0,0.0,0.0,0.0,69.2,39.93924,69.2,30.9691,0.0,1.0,0.7754053407125424,1.28964806855866,9.885714285714286,1.0
Rajasthan,Bhilwara,PMGSY-III,30.0,0.0,30.0,0.0,0.0,0.0,253.947,148.16272,253.206,119.7457,0.0,0.9970820683055913,0.8082039800565216,1.233701012256659,8.4649,1.0
Rajasthan,Bikaner,PMGSY-III,26.0,0.0,25.0,0.0,1.0,0.0,278.86,122.69569,263.21,94.0978,15.0,0.9438786487843361,0.7669201746206408,1.2307391043027762,10.725384615384616,0.9615384615384616
Rajasthan,Bundi,PMGSY-III,23.0,5.0,23.0,2.0,0.0,3.0,177.383,130.0819,171.57,104.8368,0.0,0.9672291031271316,0.8059291876886793,1.200141548292901,7.7123043478260875,1.0
Rajasthan,Chittaurgarh,PMGSY-I,299.0,0.0,299.0,0.0,0.0,0.0,1303.87,249.648,1273.47,224.7355,0.0,0.976684792195541,0.9002094949689162,1.0849527778300823,4.360769230769231,1.0
Rajasthan,Churu,PMGSY-II,6.0,0.0,6.0,0.0,0.0,0.0,78.425,24.593,78.425,18.37,0.0,1.0,0.7469605172203473,1.3387588459444746,13.070833333333333,1.0
Rajasthan,Didwana Kuchaman,PMGSY-I,408.0,0.0,408.0,0.0,0.0,0.0,1425.96,246.0818,1350.96,212.9428,0.0,0.9474038542455608,0.8653333972687132,1.0948425858009063,3.495,1.0
Rajasthan,Didwana Kuchaman,PMGSY-II,10.0,0.0,10.0,0.0,0.0,0.0,106.0,46.3672,106.0,31.6625,0.0,1.0,0.6828641798512742,1.4644200552704303,10.6,1.0
Rajasthan,Dungarpur,PMGSY-III,25.0,2.0,25.0,1.0,0.0,1.0,267.22,177.40371,267.22,128.0398,0.0,1.0,0.7217425159823322,1.3855356693778025,10.6888,1.0
Rajasthan,Jaipur,PMGSY-I,667.0,0.0,667.0,0.0,0.0,0.0,2337.743,504.0394,2277.758,450.0756,0.0,0.974340635390631,0.8929373378350979,1.0911635051042812,3.504862068965517,1.0
Rajasthan,Jaisalmer,PMGSY-II,4.0,0.0,4.0,0.0,0.0,0.0,42.4,10.556,44.3,7.3494,0.0,1.0,0.696229632436529,1.5006705720040807,10.6,1.0
Rajasthan,Jhunjhunun,PMGSY-II,16.0,0.0,16.0,0.0,0.0,0.0,112.0,73.1196,112.7,53.9314,0.0,1.0,0.7375778860934686,1.3642627022476705,7.0,1.0
Rajasthan,Jhunjhunun,PMGSY-III,29.0,0.0,29.0,0.0,0.0,0.0,213.025,128.0034,213.025,94.3531,0.0,1.0,0.7371140141589989,1.3566422300910093,7.345689655172414,1.0
Rajasthan,Jodhpur,PMGSY-III,29.0,0.0,29.0,0.0,0.0,0.0,331.57,195.23565,330.8,139.2133,0.0,0.9976777151129476,0.7130526622571237,1.3991641402121142,11.43344827586207,1.0
Rajasthan,Karauli,PMGSY-I,284.0,3.0,284.0,3.0,0.0,0.0,980.215,212.9042,886.365,183.1236,0.0,0.9042556990048102,0.8601220642899483,1.0513108970774925,3.4514612676056338,1.0
Rajasthan,Kota,PMGSY-I,162.0,0.0,162.0,0.0,0.0,0.0,718.34,168.1016,685.71,170.7161,0.0,0.954575827602528,1.0,0.939956594259763,4.434197530864198,1.0
Rajasthan,Kota,PMGSY-III,18.0,2.0,13.0,2.0,5.0,0.0,138.302,92.218,113.29,63.2687,23.162,0.8191493976948997,0.6860775553579561,1.1939603493769946,7.683444444444444,0.7222222222222222
Rajasthan,Nagaur,PMGSY-I,496.0,0.0,496.0,0.0,0.0,0.0,2278.645,366.0061,2191.9,313.3039,0.0,0.9619313232205983,0.8560073179108217,1.1237419389921752,4.594042338709677,1.0
Rajasthan,Pali,PMGSY-I,249.0,0.0,249.0,0.0,0.0,0.0,1100.43,204.174,1042.736,179.7651,0.0,0.947571403905746,0.8804504981045578,1.0762347297726411,4.419397590361446,1.0
Rajasthan,Pali,PMGSY-II,11.0,1.0,11.0,1.0,0.0,0.0,118.5,63.8277,118.5,50.2365,0.0,1.0,0.78706423700055,1.2705443253411364,10.772727272727273,1.0
Rajasthan,Phalodi,PMGSY-I,382.0,0.0,382.0,0.0,0.0,0.0,2164.96,348.9677,2108.81,312.4522,0.0,0.9740641859433892,0.8953613758522637,1.0879006088644498,5.667434554973822,1.0
Rajasthan,Phalodi,PMGSY-III,16.0,0.0,16.0,0.0,0.0,0.0,192.9,101.7562,193.35,77.4751,0.0,1.0,0.7613796505765741,1.3164691414736045,12.05625,1.0
Rajasthan,Pratapgarh,PMGSY-I,452.0,0.0,452.0,0.0,0.0,0.0,1436.095,326.7776,1393.137,281.9479,0.0,0.9700869371455231,0.8628128121388982,1.124330704757031,3.1772013274336284,1.0
Rajasthan,Rajsamand,PMGSY-I,369.0,0.0,369.0,0.0,0.0,0.0,1338.56,306.3419,1347.99,270.2181,0.0,1.0,0.8820801202839049,1.141670536379825,3.627533875338753,1.0
Rajasthan,Sawaimadhopur,PMGSY-II,10.0,0.0,10.0,0.0,0.0,0.0,71.051,26.2554,70.651,22.0179,0.0,0.9943702410944251,0.8386046299047053,1.1857438006363263,7.1051,1.0
Rajasthan,Sikar,PMGSY-I,495.0,0.0,495.0,0.0,0.0,0.0,1814.625,365.8853,1757.388,313.1222,0.0,0.9684579458565818,0.8557933319540305,1.1316493243121029,3.665909090909091,1.0
Rajasthan,Sirohi,PMGSY-I,203.0,2.0,203.0,2.0,0.0,0.0,817.661,238.6425,800.411,204.7766,0.0,0.9789032374052328,0.8580894015106277,1.1407939961522864,4.0278866995073885,1.0
Rajasthan,Sri Ganganagar,PMGSY-I,148.0,1.0,148.0,1.0,0.0,0.0,873.39,188.1861,853.89,161.9032,0.0,0.9776732044104008,0.8603355933302194,1.1363858615054931,5.901283783783784,1.0
Rajasthan,Tonk,PMGSY-II,10.0,0.0,10.0,0.0,0.0,0.0,84.075,40.187,84.075,32.0331,0.0,1.0,0.7971010525791923,1.254546078899638,8.4075,1.0
Rajasthan,Tonk,PMGSY-III,32.0,0.0,32.0,0.0,0.0,0.0,239.343,139.19612,241.1,108.6966,0.0,1.0,0.7808881454454334,1.2899938806885225,7.47946875,1.0
Sikkim,East,PMGSY-I,175.0,21.0,168.0,19.0,7.0,2.0,705.099,355.3692,673.593,340.5543,14.767,0.9553169129441397,0.958311243630568,0.9968754090006455,4.029137142857143,0.96
Sikkim,Soreng,PMGSY-I,171.0,10.0,166.0,10.0,5.0,0.0,753.756,359.6555,744.064,361.2059,0.375,0.9871417275617043,1.0,0.9829046302872366,4.407929824561403,0.9707602339181286
Sikkim,West Sikkim,PMGSY-II,9.0,0.0,8.0,0.0,1.0,0.0,27.18,23.2758,26.48,20.5029,0.7,0.9742457689477557,0.8808676823138195,1.1060069389634721,3.02,0.8888888888888888
Tamil Nadu,Coimbatore,PM-JANMAN,2.0,0.0,0.0,0.0,2.0,0.0,7.75,5.9392,0.0,0.0,7.75,0.0,0.0,,3.875,0.0
Tamil Nadu,Cuddalore,PMGSY-II,27.0,0.0,27.0,0.0,0.0,0.0,87.289,37.9344,87.289,38.6719,0.0,1.0,1.0,0.9809293052578227,3.232925925925926,1.0
Tamil Nadu,Dharmapuri,PMGSY-I,234.0,3.0,234.0,3.0,0.0,0.0,407.352,142.64677,406.367,116.9368,0.0,0.9975819438716393,0.8197647938330465,1.2169124014306074,1.7408205128205128,1.0
Tamil Nadu,Dindigul,PMGSY-I,274.0,0.0,274.0,0.0,0.0,0.0,604.428,151.42387,594.451,131.858,0.0,0.9834934847492175,0.8707874128431667,1.1294300655289211,2.205941605839416,1.0
Tamil Nadu,Kanchipuram,PMGSY-II,14.0,5.0,14.0,5.0,0.0,0.0,49.11,25.4898,49.29,26.8983,0.0,1.0,1.0,0.9511094109130547,3.507857142857143,1.0
Tamil Nadu,Kanchipuram,PMGSY-III,12.0,0.0,11.0,0.0,1.0,0.0,37.838,21.92361,33.811,15.3426,4.02,0.8935725989745757,0.6998208780397024,1.2768590178069557,3.153166666666667,0.9166666666666666
Tamil Nadu,Kanniyakumari,PMGSY-I,106.0,0.0,106.0,0.0,0.0,0.0,140.055,29.9809,135.943,18.8029,0.0,0.9706401056727715,0.6271626268724422,1.5476689204412506,1.3212735849056605,1.0
Tamil Nadu,Karur,PMGSY-I,181.0,0.0,181.0,0.0,0.0,0.0,475.43,116.62593,474.355,106.3399,0.0,0.9977388890057421,0.9118032327802231,1.0942480275744235,2.6266850828729282,1.0
Tamil Nadu,Madurai,PMGSY-I,280.0,0.0,280.0,0.0,0.0,0.0,511.653,124.11849,512.083,36.0835,0.0,1.0,0.29071816777661413,3.0,1.827332142857143,1.0
Tamil Nadu,Perambalur,PMGSY-II,12.0,0.0,12.0,0.0,0.0,0.0,43.84,15.9089,43.84,15.3482,0.0,1.0,0.9647555770669248,1.036531971175773,3.6533333333333338,1.0
Tamil Nadu,Ramanathapuram,PMGSY-III,64.0,4.0,64.0,0.0,0.0,4.0,282.344,196.38698,277.423,174.9796,0.0,0.9825709064120364,0.8909938937907188,1.102780740989935,4.411625,1.0
Tamil Nadu,Sivagangai,PMGSY-I,209.0,0.0,209.0,0.0,0.0,0.0,433.688,107.15013,431.905,273.4849,0.0,0.9958887495157809,1.0,0.39018464630461636,2.0750622009569377,1.0
Tamil Nadu,Tenkasi,PMGSY-III,16.0,0.0,16.0,0.0,0.0,0.0,64.615,30.9733,64.61,20.3619,0.0,0.9999226185870155,0.6574016975911511,1.5210222642425906,4.0384375,1.0
Tamil Nadu,Thanjavur,PMGSY-II,22.0,0.0,22.0,0.0,0.0,0.0,87.974,43.71158,87.974,45.8812,0.0,1.0,1.0,0.9527122219994245,3.998818181818182,1.0
Tamil Nadu,Theni,PMGSY-III,6.0,1.0,6.0,1.0,0.0,0.0,19.2,14.12334,18.962,12.7935,0.0,0.9876041666666667,0.9058409696289971,1.0902621980888734,3.1999999999999997,1.0
Tamil Nadu,Tiruppur,PMGSY-II,18.0,0.0,18.0,0.0,0.0,0.0,51.063,20.64843,51.063,21.4199,0.0,1.0,1.0,0.963983491986424,2.8368333333333333,1.0
Tamil Nadu,Tiruvarur,PMGSY-III,99.0,21.0,54.0,4.0,45.0,17.0,401.411,382.67215,254.264,247.3519,146.391,0.633425591226947,0.6463807204156352,0.9799574325478677,4.054656565656566,0.5454545454545454
Tamil Nadu,Tuticorin,PMGSY-II,14.0,0.0,14.0,0.0,0.0,0.0,56.3,20.98946,55.93,22.3365,0.0,0.9934280639431616,1.0,0.9335177226070527,4.021428571428571,1.0
Tamil Nadu,Vellore,PM-JANMAN,1.0,0.0,0.0,0.0,1.0,0.0,1.69,1.42053,0.0,0.0,1.69,0.0,0.0,,1.69,0.0
Tamil Nadu,Villupuram,PMGSY-II,46.0,0.0,46.0,0.0,0.0,0.0,143.063,56.50137,142.868,59.5999,0.0,0.998636964134682,1.0,0.9467189811769886,3.110065217391304,1.0
Tamil Nadu,Virudhunagar,PMGSY-II,36.0,0.0,36.0,0.0,0.0,0.0,136.746,47.95317,136.746,49.144,0.0,1.0,1.0,0.9757685577079602,3.7985,1.0
Telangana,Bhadradri Kothagudem,PMGSY-I,168.0,24.0,167.0,24.0,1.0,0.0,712.02,251.4457,675.957,135.5522,4.35,0.949351141821859,0.5390913425841046,1.761020938068114,4.238214285714285,0.9940476190476191
Telangana,Jagitial,PMGSY-II,3.0,0.0,3.0,0.0,0.0,0.0,22.83,11.44,21.717,10.3955,0.0,0.9512483574244416,0.9086975524475525,1.0468261467880922,7.609999999999999,1.0
Telangana,Jangoan,PMGSY-III,13.0,0.0,10.0,0.0,3.0,0.0,137.128,98.54163,111.367,100.6272,23.714,0.8121390233942012,1.0,0.795306866849845,10.548307692307691,0.7692307692307693
Telangana,Jayashankar Bhoopalapally,RCPLWEA,11.0,4.0,3.0,2.0,8.0,2.0,78.7,94.07464,35.797,53.7559,42.523,0.454853875476493,0.5714175467479864,0.7960096396498972,7.154545454545455,0.2727272727272727
Telangana,Komrambheem Asifabad,PM-JANMAN,8.0,0.0,0.0,0.0,8.0,0.0,19.85,19.73805,1.0,0.0,18.85,0.05037783375314861,0.0,,2.48125,0.0
Telangana,Mancherial,PMGSY-II,1.0,0.0,1.0,0.0,0.0,0.0,5.35,2.645,5.35,1.9849,0.0,1.0,0.7504347826086957,1.332560834298957,5.35,1.0
Telangana,Medchal Malkajgiri,PMGSY-II,2.0,1.0,2.0,1.0,0.0,0.0,15.59,14.3107,12.282,10.2042,0.0,0.7878127004490058,0.713046881005122,1.1048540025004985,7.795,1.0
Telangana,Medchal Malkajgiri,PMGSY-III,3.0,0.0,2.0,0.0,1.0,0.0,19.0,12.84368,15.789,10.9334,2.338,0.831,0.8512669266129334,0.9761920427314468,6.333333333333333,0.6666666666666666
Telangana,Mulugu,PMGSY-I,68.0,4.0,68.0,4.0,0.0,0.0,215.437,89.7022,212.933,99.296,0.0,0.9883771125665507,1.0,0.8928819028648409,3.1681911764705886,1.0
Telangana,Mulugu,PMGSY-II,2.0,0.0,2.0,0.0,0.0,0.0,12.6,9.5286,12.57,8.3201,0.0,0.9976190476190476,0.873171294838696,1.142523870763916,6.3,1.0
Telangana,Nagarkurnool,PMGSY-II,3.0,0.0,3.0,0.0,0.0,0.0,35.165,18.185,34.405,15.9254,0.0,0.978387601308119,0.8757437448446522,1.117207638727325,11.721666666666666,1.0
Telangana,Nizamabad,PMGSY-II,6.0,4.0,6.0,4.0,0.0,0.0,60.15,49.2662,61.01,46.307,0.0,1.0,0.9399344784050729,1.0791152071376757,10.025,1.0
Telangana,Peddapalli,PMGSY-III,9.0,2.0,6.0,0.0,3.0,2.0,48.181,31.19386,41.383,31.3649,5.527,0.8589070380440423,1.0,0.8542232207901358,5.3534444444444444,0.6666666666666666
Telangana,Rajanna Sircilla,PMGSY-II,2.0,0.0,2.0,0.0,0.0,0.0,23.18,14.2471,21.224,12.9352,0.0,0.9156169111302848,0.9079181026314127,1.008479628808544,11.59,1.0
Telangana,Sangareddy,PMGSY-II,5.0,0.0,5.0,0.0,0.0,0.0,35.75,22.3813,34.782,18.0143,0.0,0.9729230769230768,0.8048817539642469,1.2087776522839333,7.15,1.0
Tripura,Dhalai,PMGSY-I,177.0,5.0,163.0,3.0,14.0,2.0,827.804,548.78394,706.504,476.4238,61.418,0.8534677290759649,0.8681445743474199,0.9830940079508215,4.6768587570621465,0.9209039548022598
Tripura,Dhalai,PMGSY-II,4.0,1.0,3.0,0.0,1.0,1.0,47.662,70.73037,15.159,35.1477,32.164,0.3180521169904746,0.49692515393316905,0.6400402846849026,11.9155,0.75
Tripura,Dhalai,PM-JANMAN,9.0,0.0,0.0,0.0,9.0,0.0,50.983,47.64226,0.0,0.0,50.983,0.0,0.0,,5.664777777777777,0.0
Tripura,Gomati,PMGSY-I,186.0,11.0,186.0,11.0,0.0,0.0,796.534,498.7943,765.916,482.446,0.0,0.9615609628716415,0.9672243648333592,0.9941446864164827,4.282440860215054,1.0
Tripura,North Tripura,PMGSY-I,121.0,8.0,111.0,5.0,10.0,3.0,485.811,323.1304,438.308,277.4315,42.397,0.9022191757700011,0.8585744331081199,1.0508339649759697,4.01496694214876,0.9173553719008265
Tripura,Unakoti,PMGSY-III,6.0,0.0,0.0,0.0,6.0,0.0,41.55,37.37701,0.0,0.0,41.55,0.0,0.0,,6.925,0.0
Uttar Pradesh,Aligarh,PMGSY-III,38.0,0.0,38.0,0.0,0.0,0.0,335.29,229.302,334.62,172.3126,0.0,0.998001729845805,0.7514657525882897,1.32807347029238,8.823421052631579,1.0
Uttar Pradesh,Amethi,PMGSY-I,227.0,0.0,227.0,0.0,0.0,0.0,694.668,223.5321,687.159,215.5701,0.0,0.9891905197878699,0.9643809546816765,1.0257258969971907,3.0602114537444933,1.0
Uttar Pradesh,Ayodhya,PMGSY-I,246.0,0.0,246.0,0.0,0.0,0.0,821.71,249.8483,817.005,240.9513,0.0,0.9942741356439619,0.9643903920899202,1.030987185064423,3.3402845528455285,1.0
Uttar Pradesh,Azamgarh,PMGSY-II,15.0,0.0,15.0,0.0,0.0,0.0,113.7,60.2784,111.54,54.9629,0.0,0.9810026385224274,0.9118175001327176,1.0758760808820182,7.58,1.0
Uttar Pradesh,Bahraich,PMGSY-I,260.0,0.0,260.0,0.0,0.0,0.0,938.632,325.7493,921.943,312.4871,0.0,0.9822198689156134,0.9592870959354325,1.0239060580272046,3.6101230769230765,1.0
Uttar Pradesh,Balrampur,PMGSY-I,195.0,0.0,195.0,0.0,0.0,0.0,607.479,189.1193,599.137,179.4222,0.0,0.986267838065184,0.9487249582670833,1.0395719322770591,3.1152769230769235,1.0
Uttar Pradesh,Balrampur,PMGSY-III,32.0,0.0,32.0,0.0,0.0,0.0,217.102,163.43264,217.047,152.3576,0.0,0.9997466628589327,0.9322348338740658,1.0724193374155626,6.7844375,1.0
Uttar Pradesh,Basti,PMGSY-II,13.0,0.0,13.0,0.0,0.0,0.0,93.78,55.17578,92.875,47.7588,0.0,0.9903497547451482,0.8655754390785232,1.1441518671087267,7.213846153846154,1.0
Uttar Pradesh,Bulandshahr,PMGSY-III,42.0,0.0,42.0,0.0,0.0,0.0,296.13,183.67973,287.691,158.8821,0.0,0.9715023807111741,0.8649952828218987,1.1231302644123262,7.050714285714285,1.0
Uttar Pradesh,Chitrakoot,PMGSY-I,108.0,0.0,108.0,0.0,0.0,0.0,410.745,120.0661,403.403,126.7396,0.0,0.9821251628139114,1.0,0.9304111580826464,3.8031944444444443,1.0
Uttar Pradesh,Deoria,PMGSY-III,68.0,0.0,53.0,0.0,15.0,0.0,489.307,488.18066,399.169,318.2705,88.676,0.8157843644174311,0.651952291596312,1.2512945731350595,7.195691176470588,0.7794117647058824
Uttar Pradesh,Etawah,PMGSY-III,25.0,0.0,25.0,0.0,0.0,0.0,181.12,127.73929,179.67,100.1738,0.0,0.99199425795053,0.784205078954173,1.2649679077231526,7.244800000000001,1.0
Uttar Pradesh,Farrukhabad,PMGSY-I,214.0,0.0,214.0,0.0,0.0,0.0,442.285,129.7255,424.764,114.2146,0.0,0.9603852719400386,0.880432914114804,1.0908102781523332,2.0667523364485985,1.0
Uttar Pradesh,Farrukhabad,PMGSY-II,10.0,0.0,10.0,0.0,0.0,0.0,91.3,55.02389,90.594,49.8256,0.0,0.9922672508214676,0.9055266721418642,1.095790197404604,9.129999999999999,1.0
Uttar Pradesh,Fatehpur,PMGSY-III,59.0,0.0,36.0,0.0,23.0,0.0,466.05,442.89172,303.547,239.3102,161.64,0.6513185280549297,0.5403356829520317,1.2053961057995692,7.899152542372882,0.6101694915254238
Uttar Pradesh,Firozabad,PMGSY-II,15.0,0.0,15.0,0.0,0.0,0.0,108.25,77.283,103.32,61.2354,0.0,0.9544572748267898,0.7923527813361282,1.2045862617119967,7.216666666666667,1.0
Uttar Pradesh,Firozabad,PMGSY-III,28.0,0.0,28.0,0.0,0.0,0.0,200.245,140.0833,200.322,107.6043,0.0,1.0,0.7681450965247105,1.3023379742681886,7.151607142857143,1.0
Uttar Pradesh,Ghaziabad,PMGSY-II,11.0,0.0,11.0,0.0,0.0,0.0,112.855,53.45658,112.005,44.5876,0.0,0.9924682114217358,0.8340900222199026,1.1898814096592536,10.259545454545455,1.0
Uttar Pradesh,Ghazipur,PMGSY-II,12.0,0.0,12.0,0.0,0.0,0.0,89.9,40.2722,89.475,36.448,0.0,0.9952725250278085,0.9050411946702689,1.0996985892895332,7.491666666666667,1.0
Uttar Pradesh,Hamirpur,PMGSY-II,9.0,0.0,9.0,0.0,0.0,0.0,96.9,42.4343,96.9,36.4839,0.0,1.0,0.8597738150505605,1.1630965987737056,10.766666666666667,1.0
Uttar Pradesh,Hapur,PMGSY-II,10.0,0.0,10.0,0.0,0.0,0.0,89.1,44.40788,87.035,35.877,0.0,0.9768237934904602,0.8078971569910566,1.2090942331429366,8.91,1.0
Uttar Pradesh,Hathras,PMGSY-II,15.0,0.0,15.0,0.0,0.0,0.0,109.65,66.9426,108.885,49.7447,0.0,0.9930232558139535,0.7430948304965748,1.336334496029751,7.3100000000000005,1.0
Uttar Pradesh,Hathras,PMGSY-III,20.0,0.0,20.0,0.0,0.0,0.0,180.19,150.75601,177.344,117.5216,0.0,0.9842055607969366,0.7795483576409326,1.2625330438452043,9.0095,1.0
Uttar Pradesh,Jalaun,PMGSY-I,178.0,0.0,178.0,0.0,0.0,0.0,548.53,139.047,533.757,134.3715,0.0,0.9730680181576212,0.966374679065352,1.0069262360006606,3.081629213483146,1.0
Uttar Pradesh,Jalaun,PMGSY-II,12.0,0.0,12.0,0.0,0.0,0.0,113.8,72.8806,114.1,62.0542,0.0,1.0,0.8514501801576826,1.1775629710721902,9.483333333333333,1.0
Uttar Pradesh,Jaunpur,PMGSY-III,57.0,0.0,57.0,0.0,0.0,0.0,374.87,265.2944,371.095,232.3508,0.0,0.9899298423453464,0.8758224824949188,1.1302859450757359,6.576666666666667,1.0
Uttar Pradesh,Jhansi,PMGSY-I,131.0,0.0,131.0,0.0,0.0,0.0,498.815,156.5845,481.231,141.9012,0.0,0.9647484538355904,0.9062276278942041,1.0645762986473617,3.8077480916030533,1.0
Uttar Pradesh,Jhansi,PMGSY-III,30.0,0.0,28.0,0.0,2.0,0.0,231.45,188.97608,218.906,125.8099,6.4,0.945802549146684,0.6657451038247804,1.420667675530683,7.715,0.9333333333333333
Uttar Pradesh,Kasganj,PMGSY-I,114.0,0.0,114.0,0.0,0.0,0.0,368.925,116.5174,364.388,111.4347,0.0,0.9877021074744188,0.9563781890086803,1.0327526482993163,3.236184210526316,1.0
Uttar Pradesh,Lalitpur,PMGSY-I,139.0,0.0,139.0,0.0,0.0,0.0,603.97,176.035,603.114,181.2625,0.0,0.9985827110618077,1.0,0.9697841944239174,4.345107913669065,1.0
Uttar Pradesh,Lucknow,PMGSY-I,286.0,0.0,286.0,0.0,0.0,0.0,704.295,173.87,690.081,161.0642,0.0,0.9798181159883288,0.9263484212342554,1.0577209325653418,2.4625699300699297,1.0
Uttar Pradesh,Maharajganj,PMGSY-I,227.0,0.0,227.0,0.0,0.0,0.0,726.6,207.5332,716.644,196.601,0.0,0.9862978254885769,0.9473231270948456,1.0411419264229884,3.2008810572687225,1.0
Uttar Pradesh,Maharajganj,PMGSY-II,16.0,0.0,16.0,0.0,0.0,0.0,104.45,66.1358,105.2,58.6796,0.0,1.0,0.8872592453708884,1.1351591706468669,6.528125,1.0
Uttar Pradesh,Muzaffarnagar,PMGSY-III,25.0,0.0,25.0,0.0,0.0,0.0,234.3,146.4625,236.288,132.4218,0.0,1.0,0.9041345054194758,1.1154146229790878,9.372,1.0
Uttar Pradesh,Rae Bareli,PMGSY-I,259.0,0.0,259.0,0.0,0.0,0.0,860.477,259.3289,842.455,258.1429,0.0,0.9790558027698592,0.9954266570366821,0.9835539322248433,3.3223050193050194,1.0
Uttar Pradesh,Rampur,PMGSY-II,13.0,0.0,13.0,0.0,0.0,0.0,100.8,52.66694,100.7,46.2817,0.0,0.9990079365079365,0.878761895033203,1.1368357482890064,7.753846153846154,1.0
Uttar Pradesh,Rampur,PMGSY-III,26.0,0.0,26.0,0.0,0.0,0.0,167.12,94.59272,160.89,76.8543,0.0,0.9627213977979894,0.8124758438070075,1.1849231028050977,6.427692307692308,1.0
Uttar Pradesh,S.R. Nagar(Bhadohi),PMGSY-II,13.0,0.0,13.0,0.0,0.0,0.0,102.7,48.1293,100.295,46.89,0.0,0.9765822784810126,0.974250612412813,1.002393291868121,7.9,1.0
Uttar Pradesh,Sambhal,PMGSY-II,14.0,0.0,14.0,0.0,0.0,0.0,108.672,56.49558,108.359,49.2546,0.0,0.9971197732626619,0.8718310352774501,1.1437075911679837,7.7622857142857145,1.0
Uttar Pradesh,Shahjahanpur,PMGSY-III,52.0,0.0,49.0,0.0,3.0,0.0,373.55,272.22879,365.745,232.1468,4.326,0.9791058760540757,0.8527635890384702,1.1481562869705333,7.183653846153846,0.9423076923076923
Uttar Pradesh,Shrawasti,PMGSY-I,163.0,0.0,163.0,0.0,0.0,0.0,478.9,169.204,470.436,152.8417,0.0,0.9823261641261224,0.9032983853809602,1.0874880106332003,2.9380368098159506,1.0
Uttar Pradesh,Shrawasti,PMGSY-III,20.0,0.0,20.0,0.0,0.0,0.0,111.432,78.57414,109.781,71.0568,0.0,0.9851837892167421,0.9043280651878595,1.0894097254540986,5.5716,1.0
Uttar Pradesh,Sultanpur,PMGSY-II,7.0,0.0,7.0,0.0,0.0,0.0,93.55,70.7646,92.3,59.7019,0.0,0.9866381614110101,0.843669009646066,1.1694611869469074,13.364285714285714,1.0
Uttarakhand,Chamoli,PMGSY-III,20.0,4.0,10.0,0.0,10.0,4.0,220.664,211.85847,161.769,133.3388,58.894,0.7331010042417432,0.6293767721441582,1.1648046713643685,11.033199999999999,0.5
Uttarakhand,Champawat,PMGSY-I,130.0,13.0,124.0,13.0,6.0,0.0,1170.72,546.743,1137.975,517.8722,21.875,0.9720300328003278,0.947194934365872,1.026219627590262,9.005538461538462,0.9538461538461539
Uttarakhand,Champawat,PMGSY-III,8.0,0.0,0.0,0.0,8.0,0.0,85.362,67.91754,54.25,34.0894,31.112,0.635528689580844,0.501923361770759,1.2661867089404495,10.67025,0.0
Uttarakhand,Haridwar,PMGSY-II,5.0,0.0,5.0,0.0,0.0,0.0,31.637,11.6719,31.637,11.4635,0.0,1.0,0.9821451520318027,1.0181794390892835,6.3274,1.0
Uttarakhand,Nainital,PMGSY-II,7.0,1.0,6.0,1.0,1.0,0.0,59.05,32.2919,56.775,28.0793,1.95,0.9614733276883997,0.8695462329562522,1.1057184669981457,8.435714285714285,0.8571428571428571
Uttarakhand,Uttarkashi,PMGSY-I,177.0,26.0,160.0,24.0,17.0,2.0,1360.523,700.28381,1306.908,672.7039,33.505,0.960592360437861,0.9606160964937915,0.9999752907992931,7.686570621468926,0.903954802259887
Uttarakhand,Uttarkashi,PMGSY-III,25.0,0.0,1.0,0.0,24.0,0.0,238.812,206.9279,71.31,57.9029,167.502,0.2986030852720969,0.2798216190276903,1.0671194252598046,9.552480000000001,0.04
West Bengal,Birbhum,PMGSY-III,34.0,0.0,12.0,0.0,22.0,0.0,271.26,182.4646,88.48,63.285,182.536,0.32618152326181526,0.34683439965889273,0.9404532064368779,7.978235294117646,0.35294117647058826
West Bengal,Dakshin Dinajpur,PMGSY-III,16.0,0.0,0.0,0.0,16.0,0.0,140.085,79.93224,2.625,18.2155,137.46,0.018738622978905665,0.22788677009426986,0.0822277790463837,8.7553125,0.0
West Bengal,Darjeeling,PMGSY-I,155.0,3.0,155.0,3.0,0.0,0.0,768.321,527.6137,762.216,508.7473,0.0,0.992054102386893,0.964242020250801,1.0288434662169752,4.956909677419355,1.0
West Bengal,Hooghly,PMGSY-II,15.0,0.0,15.0,0.0,0.0,0.0,96.426,74.68126,96.426,64.3534,0.0,1.0,0.86170747520864,1.160486625415285,6.4284,1.0
West Bengal,Howrah,PMGSY-I,325.0,0.0,325.0,0.0,0.0,0.0,1187.83,605.22187,1180.421,570.9688,0.0,0.9937625754527164,0.9434041106280578,1.053379526607249,3.6548615384615384,1.0
West Bengal,Jalpaiguri,PMGSY-I,154.0,2.0,154.0,2.0,0.0,0.0,945.253,392.79428,928.005,348.2809,0.0,0.9817530333148903,0.8866750809100375,1.1072297558055535,6.138006493506494,1.0
West Bengal,Jhargram,PMGSY-III,9.0,0.0,1.0,0.0,8.0,0.0,103.375,100.6439,10.169,19.5051,93.206,0.09837001209189843,0.1938031018273338,0.5075770777886714,11.48611111111111,0.1111111111111111
West Bengal,Maldah,PMGSY-III,32.0,0.0,11.0,0.0,21.0,0.0,241.086,154.71073,95.908,65.5103,143.906,0.3978165467924309,0.4234373401250191,0.9394933065538724,7.5339375,0.34375
West Bengal,Nadia,PMGSY-III,24.0,1.0,9.0,0.0,15.0,1.0,138.848,106.38457,65.027,43.3007,74.008,0.46833227702235536,0.40702049178748384,1.1506356227068881,5.785333333333334,0.375
West Bengal,Paschim Burdwan,PMGSY-I,66.0,1.0,66.0,1.0,0.0,0.0,273.207,104.43723,257.604,89.0336,0.0,0.9428894574443554,0.8525082482559142,1.1060179879471497,4.1395,1.0
West Bengal,Purba Burdwan,PMGSY-II,9.0,0.0,9.0,0.0,0.0,0.0,119.24,98.5914,119.655,89.0774,0.0,1.0,0.9035007110153624,1.110658091884762,13.248888888888889,1.0
West Bengal,Purulia,PMGSY-III,24.0,0.0,5.0,0.0,19.0,0.0,187.967,114.75549,29.788,17.5374,156.453,0.15847462586517846,0.15282406096649495,1.0369743145349497,7.831958333333334,0.20833333333333334
West Bengal,Uttardinajpur,PMGSY-II,10.0,0.0,10.0,0.0,0.0,0.0,81.437,68.09995,78.597,60.6663,0.0,0.9651264167393199,0.8908420637606929,1.0833866697594356,8.143699999999999,1.0
Andaman And Nicobar,North and Middle Andaman,PMGSY-I,32.0,0.0,32.0,0.0,0.0,0.0,60.169,24.6908,59.19,20.2901,0.0,0.9837291628579501,0.821767621948256,1.197089221555984,1.88028125,1.0
Andaman And Nicobar,South Andaman,PMGSY-III,8.0,0.0,0.0,0.0,8.0,0.0,27.896,34.2347,0.0,0.0,27.896,0.0,0.0,,3.487,0.0
Andhra Pradesh,Anakapalli,PMGSY-I,195.0,8.0,195.0,8.0,0.0,0.0,483.715,158.0745,465.672,140.341,0.0,0.9626991100131277,0.8878155553235975,1.0843458466575708,2.4805897435897433,1.0
Andhra Pradesh,Anakapalli,PMGSY-III,15.0,4.0,13.0,1.0,2.0,3.0,104.105,69.76811,86.604,53.4612,11.83,0.8318908794006051,0.7662698616889579,1.0856369550630767,6.940333333333333,0.8666666666666667
Andhra Pradesh,Anantapur,PMGSY-II,8.0,0.0,8.0,0.0,0.0,0.0,75.02,29.9953,74.961,27.1823,0.0,0.9992135430551853,0.9062186409204109,1.1026186153490762,9.3775,1.0
Andhra Pradesh,Annamayya,PMGSY-III,55.0,1.0,38.0,0.0,17.0,1.0,412.738,234.54631,264.077,127.8183,140.537,0.6398175113510266,0.544959756561508,1.1740637792926867,7.504327272727273,0.6909090909090909
Andhra Pradesh,East Godavari,PMGSY-I,104.0,2.0,104.0,2.0,0.0,0.0,252.056,54.527,249.354,43.5468,0.0,0.9892801599644524,0.79862820254186,1.238724298510607,2.4236153846153847,1.0
Andhra Pradesh,Eluru,PM-JANMAN,7.0,0.0,0.0,0.0,7.0,0.0,34.868,26.36,0.0,0.0,34.868,0.0,0.0,,4.981142857142857,0.0
Andhra Pradesh,Kurnool,PMGSY-II,9.0,1.0,9.0,1.0,0.0,0.0,65.66,28.5085,65.021,26.8076,0.0,0.9902680475175145,0.9403370924461125,1.0530989955330974,7.295555555555556,1.0
Andhra Pradesh,Nandyal,PM-JANMAN,1.0,0.0,0.0,0.0,1.0,0.0,7.11,4.4,0.0,0.0,7.11,0.0,0.0,,7.11,0.0
Andhra Pradesh,Nellore,PMGSY-I,227.0,39.0,227.0,39.0,0.0,0.0,901.696,250.6012,862.573,239.3714,0.0,0.9566117627226914,0.9551885625447922,1.0014899677756899,3.972229074889868,1.0
Andhra Pradesh,Nellore,PMGSY-III,20.0,2.0,18.0,0.0,2.0,2.0,194.37,122.57004,175.752,104.0325,11.098,0.9042136132119154,0.8487596153187189,1.065335339821008,9.7185,0.9
Andhra Pradesh,Ntr,PMGSY-III,6.0,2.0,4.0,0.0,2.0,2.0,47.028,28.8447,28.135,15.6739,17.338,0.5982606107000086,0.5433892534850423,1.1009798351054005,7.838,0.6666666666666666
Andhra Pradesh,Parvathipuram Manyam,PMGSY-II,3.0,0.0,3.0,0.0,0.0,0.0,24.49,14.53,23.08,12.0531,0.0,0.9424254797876684,0.829532002752925,1.1360929737009418,8.163333333333332,1.0
Andhra Pradesh,Parvathipuram Manyam,PMGSY-III,9.0,0.0,9.0,0.0,0.0,0.0,63.085,42.31,60.676,39.457,0.0,0.9618134263295554,0.9325691325927676,1.0313588480625362,7.009444444444444,1.0
Andhra Pradesh,Prakasam,PMGSY-I,147.0,27.0,147.0,27.0,0.0,0.0,637.849,205.5158,620.485,199.8045,0.0,0.9727772560590359,0.972209922546101,1.000583550424428,4.339108843537415,1.0
Andhra Pradesh,Sri Sathya Sai,PMGSY-I,412.0,13.0,412.0,13.0,0.0,0.0,1306.855,311.3505,1272.137,304.013,0.0,0.9734339310788113,0.9764333122959493,0.9969282272743385,3.1719781553398056,1.0
Andhra Pradesh,Sri Sathya Sai,PMGSY-III,11.0,3.0,10.0,0.0,1.0,3.0,121.535,70.68048,112.695,51.2735,4.5,0.9272637511827868,0.7254265958578662,1.2782323621402858,11.048636363636364,0.9090909090909091
Andhra Pradesh,Srikakulam,PMGSY-I,211.0,7.0,211.0,7.0,0.0,0.0,561.36,123.0353,560.68,120.4759,0.0,0.9987886561208492,0.9791978399695046,1.0200070050725958,2.660473933649289,1.0
Andhra Pradesh,Srikakulam,PMGSY-II,8.0,0.0,8.0,0.0,0.0,0.0,63.04,32.9494,60.214,23.9706,0.0,0.9551713197969544,0.7274973140633821,1.3129551152043655,7.88,1.0
Andhra Pradesh,Srikakulam,RCPLWEA,12.0,1.0,10.0,1.0,2.0,0.0,68.146,54.8566,63.047,49.2557,1.678,0.9251753587884834,0.8978992500446619,1.0303776940925888,5.678833333333333,0.8333333333333334
Andhra Pradesh,Vizianagaram,PMGSY-III,20.0,1.0,19.0,1.0,1.0,0.0,151.508,85.8204,136.752,69.995,7.44,0.9026058029939014,0.8155986222390015,1.1066789207123053,7.5754,0.95
Andhra Pradesh,West Godavari,PMGSY-II,12.0,0.0,12.0,0.0,0.0,0.0,72.265,44.5357,71.335,35.3485,0.0,0.9871306995087524,0.7937115617358659,1.2436894548315187,6.022083333333334,1.0
Andhra Pradesh,West Godavari,PMGSY-III,7.0,1.0,4.0,0.0,3.0,1.0,45.09,50.4731,19.657,15.4769,24.651,0.43595032157906405,0.30663660444870633,1.4217165049908094,6.441428571428572,0.5714285714285714
Andhra Pradesh,Y S R Kadapa,PMGSY-I,151.0,8.0,151.0,8.0,0.0,0.0,467.465,129.9053,447.208,125.7078,0.0,0.9566662744804425,0.9676880004126083,0.9886102484194634,3.0957947019867547,1.0
Arunachal Pradesh,Dibang Valley,PMGSY-II,9.0,0.0,9.0,0.0,0.0,0.0,51.81,46.95383,51.81,46.6464,0.0,1.0,0.993452504300501,1.0065906479385334,5.756666666666667,1.0
Arunachal Pradesh,Kra Daadi,PMGSY-III,10.0,4.0,0.0,0.0,10.0,4.0,74.4,84.56496,21.3,39.4697,53.1,0.28629032258064513,0.46673823295133116,0.6133851961737574,7.44,0.0
Arunachal Pradesh,Longding,PMGSY-II,3.0,0.0,3.0,0.0,0.0,0.0,13.7,13.372,13.7,11.7885,0.0,1.0,0.8815809153454981,1.1343258260168807,4.566666666666666,1.0
Arunachal Pradesh,Lower Dibang Valley,PMGSY-II,4.0,0.0,4.0,0.0,0.0,0.0,18.0,8.82247,18.0,7.9,0.0,1.0,0.8954408459309016,1.1167683544303797,4.5,1.0
Arunachal Pradesh,Lower Dibang Valley,PMGSY-III,4.0,5.0,3.0,0.0,1.0,5.0,21.23,44.10177,16.05,18.4948,5.18,0.7560056523787094,0.41936638824246736,1.802733060098287,5.3075,0.75
Arunachal Pradesh,Lower Siang,PMGSY-I,44.0,18.0,44.0,18.0,0.0,0.0,276.1,242.9949,266.99,244.5489,0.0,0.9670047084389713,1.0,0.9608598216007392,6.275,1.0
Arunachal Pradesh,Namsai,PMGSY-III,10.0,2.0,1.0,0.0,9.0,2.0,64.22,40.1367,7.07,10.4337,57.15,0.11009031454375584,0.25995410683987474,0.42349903943455963,6.422,0.1
Arunachal Pradesh,Papum Pare,PMGSY-I,86.0,26.0,86.0,26.0,0.0,0.0,761.99,634.5073,755.51,668.5941,0.0,0.9914959513904382,1.0,0.9409467105343557,8.860348837209303,1.0
Arunachal Pradesh,Shi Yomi,PMGSY-II,1.0,0.0,1.0,0.0,0.0,0.0,7.18,3.7164,5.295,3.0357,0.0,0.7374651810584958,0.8168388763319341,0.9028282105892526,7.18,1.0
Arunachal Pradesh,Siang,PMGSY-I,57.0,1.0,56.0,1.0,1.0,0.0,467.5,305.1432,442.27,289.3251,28.1,0.9460320855614973,0.9481617155486344,0.9977539380126682,8.201754385964913,0.9824561403508771
Arunachal Pradesh,Tirap,PMGSY-I,91.0,5.0,90.0,5.0,1.0,0.0,577.61,303.2083,572.34,303.6669,2.75,0.9908761967417462,1.0,0.9893797681753607,6.347362637362638,0.989010989010989
Arunachal Pradesh,Tirap,PMGSY-II,2.0,0.0,2.0,0.0,0.0,0.0,11.0,8.2416,11.0,7.9419,0.0,1.0,0.9636357018054748,1.0377365617799266,5.5,1.0
Arunachal Pradesh,Tirap,PMGSY-III,5.0,0.0,3.0,0.0,2.0,0.0,52.42,40.65915,29.5,27.2612,22.92,0.562762304463945,0.6704813061758547,0.8393407829275751,10.484,0.6
Arunachal Pradesh,Upper Subansiri,PMGSY-II,4.0,1.0,4.0,1.0,0.0,0.0,38.37,52.2119,38.37,49.6861,0.0,1.0,0.9516240550525839,1.0508351430279292,9.5925,1.0
Arunachal Pradesh,West Kameng,PMGSY-I,84.0,11.0,82.0,10.0,2.0,1.0,775.769,451.7983,768.405,467.6346,3.84,0.9905074835421368,1.0,0.956964256283892,9.235345238095238,0.9761904761904762
Arunachal Pradesh,West Kameng,PMGSY-III,10.0,0.0,3.0,0.0,7.0,0.0,72.3,53.7646,31.004,31.4494,41.1,0.42882434301521444,0.5849462285593122,0.7331004493718736,7.2299999999999995,0.3
Assam,Bongaigaon,PMGSY-I,214.0,39.0,214.0,39.0,0.0,0.0,624.338,417.70806,624.08,433.6468,0.0,0.9995867622986269,1.0,0.9628468312955164,2.917467289719626,1.0
Assam,Bongaigaon,PMGSY-III,10.0,0.0,10.0,0.0,0.0,0.0,64.54,37.19961,64.54,36.9375,0.0,1.0,0.9929539583882734,1.0070960406091372,6.454000000000001,1.0
Assam,Dibrugarh,PMGSY-I,333.0,11.0,333.0,11.0,0.0,0.0,1015.233,514.56494,1009.482,566.4235,0.0,0.9943352905195162,1.0,0.9032995260720246,3.0487477477477474,1.0
Assam,Jorhat,PMGSY-III,27.0,0.0,24.0,0.0,3.0,0.0,172.937,104.11161,152.472,88.1204,20.061,0.8816621081665578,0.8464032013336458,1.0416573410608039,6.405074074074075,0.8888888888888888
Assam,Kamrup Rural,PMGSY-I,766.0,133.0,766.0,133.0,0.0,0.0,2220.377,1471.67112,2209.175,1621.5809,0.0,0.9949549108101914,1.0,0.902974626761782,2.8986644908616186,1.0
Assam,Kamrup Rural,PMGSY-III,52.0,4.0,46.0,1.0,6.0,3.0,287.544,270.68111,264.013,246.3582,23.444,0.9181655677044208,0.9101418270377273,1.008815923439986,5.529692307692307,0.8846153846153846
Assam,Karbi Anglong,PMGSY-I,274.0,30.0,274.0,30.0,0.0,0.0,1206.485,742.48135,1198.393,788.8028,0.0,0.9932929128832934,1.0,0.9349630388013582,4.403229927007299,1.0
Assam,Kokrajhar,PMGSY-III,7.0,3.0,4.0,2.0,3.0,1.0,78.087,64.31841,40.52,26.3262,37.567,0.5189083970443223,0.4093104913507657,1.2677622685210745,11.155285714285714,0.5714285714285714
Assam,Lakhimpur,PMGSY-II,10.0,2.0,10.0,2.0,0.0,0.0,51.94,33.96306,51.94,32.548,0.0,1.0,0.9583353207867608,1.0434760968415877,5.194,1.0
Assam,Lakhimpur,PMGSY-III,26.0,3.0,15.0,1.0,11.0,2.0,154.389,95.26334,121.08,63.4392,33.249,0.7842527641217962,0.6659350805881885,1.1776714982924512,5.938038461538462,0.5769230769230769
Assam,Morigaon,PMGSY-I,260.0,14.0,260.0,14.0,0.0,0.0,799.111,549.8745,797.745,581.5084,0.0,0.9982906004297275,1.0,0.9439838612236661,3.073503846153846,1.0
Assam,Morigaon,PMGSY-II,11.0,5.0,8.0,4.0,3.0,1.0,81.95,66.3186,81.75,64.1923,0.15,0.9975594874923733,0.9679381048453978,1.0306025586746652,7.45,0.7272727272727273
Assam,Morigaon,PMGSY-III,21.0,2.0,17.0,2.0,4.0,0.0,160.73,113.02839,133.9,100.1471,25.83,0.83307409942139,0.8860349156526072,0.9402271679189877,7.653809523809524,0.8095238095238095
Assam,Nalbari,PMGSY-I,207.0,21.0,207.0,21.0,0.0,0.0,535.042,290.16332,535.456,300.3734,0.0,1.0,1.0,0.9667561773821914,2.584743961352657,1.0
Bihar,Araria,PMGSY-II,15.0,54.0,15.0,50.0,0.0,4.0,317.75,361.92875,315.35,395.513,0.0,0.9924468922108577,1.0,0.9081751121689059,21.183333333333334,1.0
Bihar,Arwal,PMGSY-I,160.0,4.0,158.0,4.0,2.0,0.0,360.407,163.48724,335.572,148.3821,0.826,0.9310917934446334,0.9076066119900243,1.025875947954054,2.25254375,0.9875
Bihar,Arwal,PMGSY-III,9.0,6.0,8.0,3.0,1.0,3.0,74.283,63.28805,63.483,45.551,9.05,0.8546100722911029,0.7197409305548205,1.1873856772774016,8.253666666666668,0.8888888888888888
Bihar,Aurangabad,PMGSY-III,20.0,6.0,17.0,3.0,3.0,3.0,167.826,123.69011,156.746,65.1867,11.075,0.9339792404037516,0.5270162667007088,1.7722019213007634,8.3913,0.85
Bihar,Bhojpur,PMGSY-I,386.0,4.0,381.0,4.0,5.0,0.0,1106.624,566.29681,1060.341,500.85,17.796,0.9581763995720316,0.8844301983618802,1.0833827263550502,2.866901554404145,0.9870466321243523
Bihar,Bhojpur,PMGSY-III,20.0,2.0,16.0,0.0,4.0,2.0,162.227,129.8005,121.412,79.4399,40.7,0.7484080948300837,0.6120153620363558,1.2228583484243094,8.11135,0.8
Bihar,Darbhanga,PMGSY-III,57.0,93.0,45.0,34.0,12.0,59.0,410.522,759.23245,343.346,497.7607,54.634,0.8363644335748145,0.6556104128584072,1.2757034012445512,7.202140350877193,0.7894736842105263
Bihar,East Champaran,PMGSY-II,15.0,0.0,15.0,0.0,0.0,0.0,51.742,22.1739,51.742,24.1707,0.0,1.0,1.0,0.9173875808313371,3.4494666666666665,1.0
Bihar,Kaimur (Bhabhua),PMGSY-III,13.0,2.0,13.0,1.0,0.0,1.0,140.607,104.07526,140.6,73.3494,0.0,0.999950215849851,0.7047726808465336,1.4188265848340869,10.815923076923077,1.0
Bihar,Katihar,PMGSY-III,41.0,110.0,30.0,62.0,11.0,48.0,403.087,798.52004,354.08,602.9329,40.396,0.8784207875719138,0.7550629537112181,1.1633742368823397,9.831390243902439,0.7317073170731707
Bihar,Lakhisarai,PMGSY-III,1.0,0.0,1.0,0.0,0.0,0.0,5.858,2.35617,5.858,1.7734,0.0,1.0,0.7526621593518295,1.328617345212586,5.858,1.0
Bihar,Madhubani,PMGSY-III,20.0,14.0,16.0,6.0,4.0,8.0,212.08,234.33669,175.457,175.2917,31.815,0.827315164089023,0.7480335239010161,1.1059867474582568,10.604000000000001,0.8
Bihar,Nalanda,PMGSY-III,17.0,8.0,17.0,6.0,0.0,2.0,116.3,61.91288,114.463,57.4108,0.0,0.9842046431642304,0.9272836282208161,1.0613846866385734,6.841176470588235,1.0
Bihar,Nawada,PMGSY-I,680.0,30.0,675.0,29.0,5.0,1.0,1669.35,938.50001,1611.346,795.0728,8.18,0.9652535417977057,0.8471739920386363,1.1393805178968293,2.454926470588235,0.9926470588235294
Bihar,Rohtas,PMGSY-I,686.0,3.0,683.0,3.0,3.0,0.0,2130.185,938.85127,2020.033,891.0633,19.656,0.9482899372589705,0.9490995309619169,0.999146987563964,3.1052259475218658,0.9956268221574344
Bihar,Rohtas,RCPLWEA,22.0,2.0,20.0,2.0,2.0,0.0,89.77,97.69917,85.905,75.2319,3.625,0.9569455274590621,0.7700362244633194,1.2427279354630492,4.080454545454545,0.9090909090909091
Bihar,Samastipur,PMGSY-II,8.0,0.0,8.0,0.0,0.0,0.0,61.95,25.77853,61.95,27.4861,0.0,1.0,1.0,0.9378751441637773,7.74375,1.0
Bihar,Supaul,PMGSY-I,215.0,20.0,213.0,17.0,2.0,3.0,672.916,468.9238,661.146,436.6297,1.662,0.9825089609995897,0.9311314546201322,1.0551775005822541,3.1298418604651164,0.9906976744186047
Bihar,Vaishali,PMGSY-II,16.0,0.0,16.0,0.0,0.0,0.0,60.334,26.46987,60.334,24.3944,0.0,1.0,0.9215912280642103,1.085079772406782,3.770875,1.0
Bihar,West Champaran,PMGSY-I,733.0,26.0,733.0,26.0,0.0,0.0,2477.529,1478.70356,2407.95,1382.3337,0.0,0.971915969500256,0.934828140942597,1.0396734190310777,3.379984993178718,1.0
Chhattisgarh,Balod,PMGSY-I,214.0,23.0,214.0,23.0,0.0,0.0,832.175,280.70689,782.525,266.796,0.0,0.9403370685252501,0.9504433610446826,0.9893667598368785,3.888668224299065,1.0
Chhattisgarh,Balod,PMGSY-III,28.0,11.0,28.0,10.0,0.0,1.0,271.635,187.875,266.902,167.5269,0.0,0.9825758830783956,0.8916934131736528,1.101921208076754,9.70125,1.0
Chhattisgarh,Dhamtari,PMGSY-I,229.0,33.0,229.0,33.0,0.0,0.0,835.261,263.73067,789.978,256.53,0.0,0.9457858082683137,0.9726968804955449,0.9723335473086732,3.647427947598253,1.0
Chhattisgarh,Dhamtari,PM-JANMAN,37.0,0.0,7.0,0.0,30.0,0.0,89.032,45.6383,35.6,0.0,53.2,0.3998562314673376,0.0,,2.4062702702702703,0.1891891891891892
Chhattisgarh,Durg,PMGSY-III,15.0,6.0,15.0,6.0,0.0,0.0,99.75,77.8226,95.785,61.6948,0.0,0.960250626566416,0.7927619997275857,1.2112722694785876,6.65,1.0
Chhattisgarh,Gaurella Pendra Marwahi,PM-JANMAN,15.0,3.0,5.0,0.0,10.0,3.0,43.08,36.2894,21.22,0.0,21.16,0.4925719591457753,0.0,,2.872,0.3333333333333333
Chhattisgarh,Jangir-Champa,PMGSY-II,14.0,0.0,14.0,0.0,0.0,0.0,128.018,87.62729,127.665,66.1556,0.0,0.9972425752628538,0.7549657190128783,1.3209110694016064,9.144142857142857,1.0
Chhattisgarh,Jashpur,PM-JANMAN,87.0,10.0,21.0,0.0,66.0,10.0,299.65,265.69172,125.185,0.0,171.82,0.41777073252127483,0.0,,3.4442528735632183,0.2413793103448276
Chhattisgarh,Kanker,PMGSY-III,28.0,3.0,28.0,1.0,0.0,2.0,292.79,184.60504,294.04,171.8567,0.0,1.0,0.9309426221515945,1.0787660244521253,10.456785714285715,1.0
Chhattisgarh,Kanker,PM-JANMAN,4.0,0.0,0.0,0.0,4.0,0.0,4.83,2.91891,0.0,0.0,4.83,0.0,0.0,,1.2075,0.0
Chhattisgarh,Kawardha,PMGSY-I,349.0,11.0,349.0,11.0,0.0,0.0,1506.47,470.3142,1453.718,475.8791,0.0,0.9649830398215696,1.0,0.9536985893838366,4.316532951289398,1.0
Chhattisgarh,Kawardha,PMGSY-II,8.0,0.0,8.0,0.0,0.0,0.0,116.1,67.3321,113.87,58.633,0.0,0.9807924203273042,0.8708030790662998,1.1263079379312004,14.5125,1.0
Chhattisgarh,Kondagaon,PMGSY-I,249.0,12.0,248.0,12.0,1.0,0.0,1201.185,457.53484,1144.046,519.6934,4.5,0.9524311409150131,1.0,0.8385144580815688,4.824036144578313,0.9959839357429718
Chhattisgarh,Koria,PM-JANMAN,161.0,18.0,0.0,0.0,161.0,18.0,730.386,520.07125,7.72,0.0,722.666,0.010569753527586783,0.0,,4.53655900621118,0.0
Chhattisgarh,Mahasamund,PMGSY-III,15.0,0.0,15.0,0.0,0.0,0.0,159.505,85.94025,159.165,74.2225,0.0,0.9978684053791417,0.8636523631243799,1.1554051699334407,10.633666666666667,1.0
Chhattisgarh,Mahasamund,PM-JANMAN,26.0,0.0,9.0,0.0,17.0,0.0,37.3,22.24591,12.05,0.0,25.1,0.32305630026809656,0.0,,1.4346153846153844,0.34615384615384615
Chhattisgarh,Narayanpur,RCPLWEA,10.0,8.0,3.0,1.0,7.0,7.0,123.4,117.1387,29.5,43.8238,93.8,0.23905996758508913,0.3741188864141398,0.638994651877735,12.34,0.3
Chhattisgarh,Raigarh,PMGSY-I,483.0,22.0,483.0,22.0,0.0,0.0,1958.525,644.18408,1897.231,596.5824,0.0,0.9687039991830586,0.9261054697284664,1.04599749256106,4.054917184265011,1.0
Chhattisgarh,Rajnandgaon,PMGSY-I,734.0,16.0,734.0,16.0,0.0,0.0,2597.244,819.24598,2496.41,825.5098,0.0,0.9611765394394981,1.0,0.9538833046029498,3.5384795640326976,1.0
Chhattisgarh,Sukma,PMGSY-I,223.0,1.0,153.0,1.0,70.0,0.0,1085.595,424.92455,838.025,362.3241,242.6,0.7719499445004813,0.8526786696602962,0.9053233908243806,4.8681390134529146,0.6860986547085202
Goa,South Goa,PMGSY-I,31.0,0.0,31.0,0.0,0.0,0.0,85.98,6.8733,85.98,0.0,0.0,1.0,0.0,,2.7735483870967745,1.0
Goa,South Goa,PMGSY-III,7.0,0.0,0.0,0.0,7.0,0.0,49.63,44.43632,0.0,0.0,49.63,0.0,0.0,,7.090000000000001,0.0
Gujarat,Ahmedabad,PMGSY-I,113.0,3.0,113.0,3.0,0.0,0.0,376.194,86.3174,376.192,84.6569,0.0,0.999994683594103,0.9807628589369002,1.0196090466537948,3.3291504424778764,1.0
Gujarat,Ahmedabad,PMGSY-III,4.0,3.0,4.0,0.0,0.0,3.0,39.145,54.86285,37.846,18.3304,0.0,0.9668156852727039,0.33411315671715924,2.8936773839503536,9.78625,1.0
Gujarat,Amreli,PMGSY-I,69.0,0.0,69.0,0.0,0.0,0.0,252.19,29.7638,247.64,31.464,0.0,0.9819580475038661,1.0,0.9288966099127757,3.654927536231884,1.0
Gujarat,Banaskantha,PMGSY-III,19.0,4.0,16.0,0.0,3.0,4.0,187.94,114.42566,184.08,57.9493,2.68,0.97946153027562,0.5064362311740217,1.934027366101019,9.891578947368421,0.8421052631578947
Gujarat,Dahod,PMGSY-III,13.0,9.0,12.0,4.0,1.0,5.0,161.486,137.00261,148.926,109.0388,12.0,0.9222223598330506,0.7958884870879467,1.1587331325866306,12.421999999999999,0.9230769230769231
Gujarat,Dangs,PMGSY-I,20.0,0.0,20.0,0.0,0.0,0.0,150.72,43.6524,150.014,46.8724,0.0,0.9953158174097665,1.0,0.9269404636395426,7.536,1.0
Gujarat,Junagadh,PMGSY-III,11.0,3.0,11.0,0.0,0.0,3.0,122.616,78.52712,115.756,55.007,0.0,0.9440529784041235,0.7004841130045263,1.3477150457486868,11.14690909090909,1.0
Gujarat,Kutch,PMGSY-I,129.0,0.0,129.0,0.0,0.0,0.0,757.26,213.4558,755.43,222.4805,0.0,0.9975833927581015,1.0,0.9571174155393158,5.870232558139535,1.0
Gujarat,Mahisagar,PMGSY-II,2.0,2.0,2.0,2.0,0.0,0.0,31.4,22.6813,30.63,17.9586,0.0,0.9754777070063695,0.7917800126095065,1.2320059757399557,15.7,1.0
Gujarat,Mehsana,PMGSY-I,67.0,0.0,67.0,0.0,0.0,0.0,131.01,23.2268,131.01,22.0738,0.0,1.0,0.9503590679732032,1.0522338700178493,1.955373134328358,1.0
Gujarat,Mehsana,PMGSY-III,12.0,0.0,12.0,0.0,0.0,0.0,109.792,62.84179,102.088,52.3799,0.0,0.9298309530749052,0.8335201782126193,1.1155470225913575,9.149333333333333,1.0
Gujarat,Porbandar,PMGSY-I,21.0,0.0,21.0,0.0,0.0,0.0,61.12,7.5072,61.02,7.6499,0.0,0.9983638743455499,1.0,0.979740555757188,2.9104761904761904,1.0
Gujarat,Rajkot,PMGSY-I,28.0,0.0,28.0,0.0,0.0,0.0,80.79,13.4673,77.24,13.7533,0.0,0.9560589181829433,1.0,0.9361776641856975,2.885357142857143,1.0
Gujarat,Sabarkantha,PMGSY-III,11.0,4.0,11.0,4.0,0.0,0.0,122.718,85.35459,121.905,69.8741,0.0,0.9933750550041559,0.8186331865691112,1.213455637154642,11.15618181818182,1.0
Gujarat,Surendranagar,PMGSY-I,44.0,1.0,44.0,1.0,0.0,0.0,183.96,22.626,183.66,25.0197,0.0,0.9983692106979778,1.0,0.902852622583502,4.180909090909091,1.0
Gujarat,Surendranagar,PMGSY-II,4.0,0.0,4.0,0.0,0.0,0.0,48.55,15.0042,48.65,12.7691,0.0,1.0,0.8510350435211473,1.1774600116216123,12.1375,1.0
Gujarat,Tapi,PMGSY-II,2.0,4.0,2.0,4.0,0.0,0.0,33.4,36.3583,33.7,33.3447,0.0,1.0,0.9171138364554999,1.1001709883995425,16.7,1.0
Gujarat,Vadodara,PMGSY-I,33.0,0.0,33.0,0.0,0.0,0.0,88.325,12.3664,88.12,13.5241,0.0,0.997679026323238,1.0,0.9122749692122722,2.6765151515151517,1.0
Gujarat,Valsad,PMGSY-III,10.0,4.0,10.0,0.0,0.0,4.0,87.453,59.18251,84.246,57.5154,0.0,0.9633288737950669,0.9718310358921918,0.9912513988716986,8.7453,1.0
Haryana,Charkhi Dadri,PMGSY-I,10.0,0.0,10.0,0.0,0.0,0.0,106.45,42.6275,106.35,34.1111,0.0,0.9990605918271488,0.8002134772154126,1.2484925838835976,10.645,1.0
Haryana,Charkhi Dadri,PMGSY-III,12.0,0.0,12.0,0.0,0.0,0.0,116.675,66.86323,115.215,56.4042,0.0,0.9874866080994216,0.8435757590532196,1.170596235728394,9.722916666666666,1.0
Haryana,Faridabad,PMGSY-III,2.0,0.0,2.0,0.0,0.0,0.0,11.77,4.38726,11.77,3.2801,0.0,1.0,0.7476420362595332,1.337538489680193,5.885,1.0
Haryana,Gurgaon,PMGSY-II,2.0,0.0,2.0,0.0,0.0,0.0,28.815,24.098,28.815,18.199,0.0,1.0,0.7552079010706284,1.3241386889389524,14.4075,1.0
Haryana,Hisar,PMGSY-III,14.0,0.0,14.0,0.0,0.0,0.0,142.265,66.91083,141.505,62.9285,0.0,0.9946578568165044,0.9404830279343418,1.057603196733014,10.161785714285713,1.0
Haryana,Jhajjar,PMGSY-I,30.0,0.0,30.0,0.0,0.0,0.0,321.21,120.97,321.73,107.6937,0.0,1.0,0.8902513019756966,1.1250967860337708,10.706999999999999,1.0
Haryana,Kaithal,PMGSY-III,8.0,0.0,8.0,0.0,0.0,0.0,71.945,36.70425,71.046,33.5642,0.0,0.9875043435958025,0.914449961516718,1.0798888787287122,8.993125,1.0
Haryana,Karnal,PMGSY-I,21.0,0.0,21.0,0.0,0.0,0.0,185.7,68.9537,185.5,62.4072,0.0,0.9989229940764675,0.9050594819422308,1.103709771575243,8.842857142857142,1.0
Haryana,Kurukshetra,PMGSY-I,27.0,0.0,27.0,0.0,0.0,0.0,262.52,83.8647,261.362,81.8396,0.0,0.9955889075118087,0.9758527723821823,1.0202245007527602,9.722962962962962,1.0
Haryana,Mewat,PMGSY-I,12.0,0.0,12.0,0.0,0.0,0.0,136.56,47.271,136.58,47.7689,0.0,1.0,1.0,0.9897218296992513,11.38,1.0
Haryana,Mewat,PMGSY-II,3.0,0.0,3.0,0.0,0.0,0.0,31.1,20.9209,31.1,15.7537,0.0,1.0,0.753012537701533,1.3279991367107409,10.366666666666667,1.0
Haryana,Panchkula,PMGSY-III,4.0,0.0,4.0,0.0,0.0,0.0,55.737,35.90535,55.677,34.5144,0.0,0.9989235157974057,0.961260647786472,1.0391807030670206,13.93425,1.0
Haryana,Rewari,PMGSY-III,2.0,0.0,2.0,0.0,0.0,0.0,16.78,11.37276,16.78,8.8561,0.0,1.0,0.7787115880401942,1.2841724912771988,8.39,1.0
Haryana,Rohtak,PMGSY-I,40.0,0.0,40.0,0.0,0.0,0.0,317.64,99.2378,317.72,93.2402,0.0,1.0,0.9395633518679375,1.0645922443229534,7.941,1.0
Himachal Pradesh,Bilaspur,PMGSY-I,151.0,0.0,151.0,0.0,0.0,0.0,742.475,235.7682,723.884,224.2754,0.0,0.9749607730900031,0.9512538162483319,1.024921799457446,4.917052980132451,1.0
Himachal Pradesh,Chamba,PMGSY-II,6.0,0.0,6.0,0.0,0.0,0.0,109.53,87.984,109.53,82.1913,0.0,1.0,0.9341618930714676,1.0704782622978344,18.255,1.0
Himachal Pradesh,Mandi,PMGSY-I,621.0,18.0,621.0,18.0,0.0,0.0,3818.94,1295.1334,3723.759,1247.0603,0.0,0.9750765919338874,0.9628817386687736,1.0126649543504416,6.149661835748792,1.0
Himachal Pradesh,Solan,PMGSY-III,25.0,4.0,0.0,0.0,25.0,4.0,291.26,306.40434,60.0,105.0273,231.26,0.20600151067774497,0.3427735390432133,0.6009842861638583,11.6504,0.0
Jammu And Kashmir,Anantnag,PMGSY-III,8.0,0.0,8.0,0.0,0.0,0.0,34.346,31.00592,34.23,24.7542,0.0,0.9966226052524312,0.7983701177065542,1.248321528009326,4.29325,1.0
Jammu And Kashmir,Bandipora,PMGSY-I,64.0,1.0,63.0,1.0,1.0,0.0,321.45,218.7124,315.314,200.1275,1.2,0.9809114947892363,0.9150258513006121,1.0720041334296455,5.02265625,0.984375
Jammu And Kashmir,Bandipora,,9.0,0.0,0.0,0.0,9.0,0.0,47.935,,0.0,0.0,47.935,0.0,,,5.3261111111111115,0.0
Jammu And Kashmir,Baramula,PMGSY-I,198.0,0.0,192.0,0.0,6.0,0.0,863.915,550.2794,796.997,468.495,6.5,0.9225409907224669,0.8513765916005578,1.0835874509870216,4.3632070707070705,0.9696969696969697
Jammu And Kashmir,Baramula,PMGSY-III,22.0,0.0,15.0,0.0,7.0,0.0,149.0,146.0136,128.097,121.4282,19.7,0.8597114093959732,0.8316225337913729,1.0337759914663964,6.7727272727272725,0.6818181818181818
Jammu And Kashmir,Jammu,PMGSY-III,15.0,20.0,14.0,9.0,1.0,11.0,111.15,226.0501,94.505,176.593,16.53,0.8502474134053081,0.7812117756196525,1.0883699400599753,7.41,0.9333333333333333
Jammu And Kashmir,Kathua,PMGSY-I,209.0,32.0,199.0,32.0,10.0,0.0,1475.163,961.20406,1427.501,866.7588,31.617,0.9676903501511358,0.901742757932171,1.0731334869494182,7.058196172248804,0.9521531100478469
Jammu And Kashmir,Kishtwar,PMGSY-II,5.0,0.0,3.0,0.0,2.0,0.0,18.75,17.339,17.9,12.4744,0.85,0.9546666666666666,0.7194417209758348,1.3269548301588319,3.75,0.6
Jammu And Kashmir,Kupwara,PMGSY-III,15.0,0.0,11.0,0.0,4.0,0.0,125.756,109.80046,112.226,70.1362,12.7,0.8924107000858806,0.6387605297828443,1.3970974386743469,8.383733333333334,0.7333333333333333
Jammu And Kashmir,Poonch,PMGSY-I,161.0,7.0,153.0,7.0,8.0,0.0,840.35,510.3447,800.81,521.5056,24.975,0.9529481763550901,1.0,0.9325538425234277,5.219565217391304,0.9503105590062112
Jammu And Kashmir,Rajouri,PMGSY-III,17.0,4.0,10.0,1.0,7.0,3.0,167.95,235.0394,134.45,153.6179,33.5,0.8005358737719559,0.6535836119391046,1.2248407994760784,9.879411764705882,0.5882352941176471
Jammu And Kashmir,Reasi,PMGSY-I,154.0,22.0,142.0,15.0,12.0,7.0,1505.005,1033.30034,1424.013,831.1521,61.745,0.9461848963956929,0.8043664245770015,1.176310780118987,9.77275974025974,0.922077922077922
Jammu And Kashmir,Shopian,PMGSY-I,85.0,0.0,85.0,0.0,0.0,0.0,290.15,172.09632,287.404,150.2823,0.0,0.9905359296915389,0.8732452849660004,1.1343158065034444,3.4135294117647055,1.0
Jammu And Kashmir,Shopian,PMGSY-III,12.0,1.0,12.0,0.0,0.0,1.0,84.854,101.90697,84.328,94.2932,0.0,0.9938011172130955,0.9252870534763226,1.0740462794538885,7.071166666666667,1.0
Jammu And Kashmir,Shopian,,3.0,0.0,0.0,0.0,3.0,0.0,9.1,,0.0,0.0,9.1,0.0,,,3.033333333333333,0.0
Jharkhand,Chatra,PMGSY-I,376.0,36.0,376.0,35.0,0.0,1.0,1302.21,568.75223,1284.745,516.9363,0.0,0.9865881847013921,0.9088954253418926,1.0854804163309264,3.4633244680851063,1.0
Jharkhand,Chatra,RCPLWEA,17.0,8.0,14.0,6.0,3.0,2.0,179.71,152.96067,142.294,111.7159,37.55,0.7917978966112069,0.7303570257635509,1.084124433229656,10.571176470588236,0.8235294117647058
Jharkhand,Chatra,PM-JANMAN,10.0,0.0,1.0,0.0,9.0,0.0,16.111,14.9148,1.74,0.0,14.371,0.10800074483272298,0.0,,1.6111,0.1
Jharkhand,Dhanbad,PMGSY-I,101.0,0.0,101.0,0.0,0.0,0.0,289.445,80.8792,285.709,76.2936,0.0,0.9870925391697905,0.9433030989426207,1.046421389133837,2.8657920792079206,1.0
Jharkhand,Dhanbad,PMGSY-II,5.0,0.0,5.0,0.0,0.0,0.0,39.541,18.0058,39.535,15.3543,0.0,0.9998482587693787,0.8527418942785102,1.1725098361859336,7.908199999999999,1.0
Jharkhand,Garhwa,PMGSY-II,7.0,1.0,7.0,1.0,0.0,0.0,74.93,48.9372,74.684,42.5739,0.0,0.9967169358067528,0.8699700841077954,1.1456910461799885,10.704285714285716,1.0
Jharkhand,Giridih,PMGSY-I,529.0,50.0,529.0,50.0,0.0,0.0,1817.611,849.84965,1792.28,722.7389,0.0,0.9860635746592642,0.8504314851456372,1.159486204218321,3.4359376181474484,1.0
Jharkhand,Godda,PMGSY-III,17.0,4.0,0.0,0.0,17.0,4.0,157.77,113.9466,36.223,55.1693,121.547,0.22959371236610254,0.48416802256495584,0.47420255296868624,9.280588235294118,0.0
Jharkhand,Gumla,PMGSY-I,546.0,36.0,544.0,36.0,2.0,0.0,1865.532,627.57925,1834.769,597.0424,0.1,0.9835097977413414,0.9513418424844353,1.0338132454816653,3.4167252747252745,0.9963369963369964
Jharkhand,Gumla,PMGSY-II,4.0,2.0,4.0,2.0,0.0,0.0,44.75,29.5097,44.75,22.2428,0.0,1.0,0.7537453786382105,1.326707968421242,11.1875,1.0
Jharkhand,Gumla,PMGSY-III,23.0,6.0,21.0,0.0,2.0,6.0,219.8,137.51727,209.557,177.5798,6.585,0.9533985441310281,1.0,0.7383090025491272,9.556521739130435,0.9130434782608695
Jharkhand,Hazaribagh,PMGSY-III,16.0,7.0,15.0,3.0,1.0,4.0,190.09,160.63616,189.77,169.3481,0.31,0.998316586879899,1.0,0.9469592099391334,11.880625,0.9375
Jharkhand,Jamtara,PMGSY-III,10.0,0.0,0.0,0.0,10.0,0.0,74.08,42.23419,24.705,18.8455,49.375,0.3334908207343412,0.4462143112014224,0.7473781372821153,7.4079999999999995,0.0
Jharkhand,Khunti,PMGSY-I,329.0,14.0,329.0,14.0,0.0,0.0,1049.613,427.59383,1023.256,403.7562,0.0,0.9748888399819742,0.9442516979255756,1.032445948600045,3.190313069908815,1.0
Jharkhand,Koderma,PMGSY-III,11.0,2.0,10.0,0.0,1.0,2.0,85.308,52.33118,80.505,56.6607,5.695,0.943698129132086,1.0,0.8715888907351027,7.755272727272728,0.9090909090909091
Jharkhand,Latehar,PMGSY-II,7.0,0.0,7.0,0.0,0.0,0.0,48.4,34.75844,48.4,32.646,0.0,1.0,0.9392251205750316,1.0647074679899529,6.914285714285714,1.0
Jharkhand,Pakur,PM-JANMAN,45.0,0.0,0.0,0.0,45.0,0.0,111.428,109.21174,0.0,0.0,111.428,0.0,0.0,,2.4761777777777776,0.0
Jharkhand,Purbi Singhbhum,PMGSY-II,9.0,0.0,9.0,0.0,0.0,0.0,86.175,55.34982,85.446,43.243,0.0,0.9915404699738903,0.7812672200198664,1.2691438275737168,9.575,1.0
Jharkhand,Purbi Singhbhum,PMGSY-III,17.0,12.0,6.0,1.0,11.0,11.0,178.091,151.07022,164.265,121.1194,12.628,0.9223655322279058,0.8017423950266306,1.1504512396369768,10.475941176470588,0.35294117647058826
Jharkhand,Ramgarh,PMGSY-II,3.0,0.0,3.0,0.0,0.0,0.0,42.7,26.83655,42.43,20.65,0.0,0.9936768149882903,0.769472976220863,1.2913732459696854,14.233333333333334,1.0
Jharkhand,Ramgarh,RCPLWEA,6.0,4.0,6.0,3.0,0.0,1.0,18.83,33.04645,18.417,31.2974,0.0,0.9780669144981414,0.9470729836336429,1.0327260215422722,3.138333333333333,1.0
Jharkhand,Ranchi,PMGSY-II,10.0,0.0,10.0,0.0,0.0,0.0,113.575,70.3437,112.405,56.6188,0.0,0.9896984371560643,0.804887999920391,1.2296101286811985,11.3575,1.0
Jharkhand,Saraikela Kharsawan,PMGSY-III,17.0,2.0,7.0,0.0,10.0,2.0,159.875,96.29145,122.406,90.2064,37.464,0.7656356528537921,0.9368059157900313,0.8172831105663043,9.404411764705882,0.4117647058823529
Jharkhand,Simdega,PMGSY-II,3.0,0.0,3.0,0.0,0.0,0.0,18.74,9.55143,18.738,6.8547,0.0,0.9998932764140875,0.7176621720517242,1.393264568418721,6.246666666666666,1.0
Karnataka,Bangalore U,PMGSY-II,10.0,0.0,10.0,0.0,0.0,0.0,54.67,18.7393,52.416,17.9575,0.0,0.9587708066581305,0.9582801918961754,1.0005119742285231,5.4670000000000005,1.0
Karnataka,Bangalore U,PMGSY-III,12.0,0.0,11.0,0.0,1.0,0.0,108.44,88.1428,106.74,74.4065,1.71,0.984323127997049,0.8441585699569335,1.1660405556828812,9.036666666666667,0.9166666666666666
Karnataka,Belgaum,PMGSY-I,152.0,1.0,152.0,1.0,0.0,0.0,822.41,153.6108,822.21,155.1956,0.0,0.9997568122955705,1.0,0.9895476659272069,5.410592105263158,1.0
Karnataka,Belgaum,PMGSY-II,18.0,0.0,18.0,0.0,0.0,0.0,123.41,58.9269,120.54,58.9131,0.0,0.9767441860465117,0.9997658115393818,0.9769729818451955,6.856111111111111,1.0
Karnataka,Bijapur,PMGSY-II,7.0,0.0,7.0,0.0,0.0,0.0,70.0,33.8041,69.43,33.1704,0.0,0.991857142857143,0.9812537532429499,1.0108059608222133,10.0,1.0
Karnataka,Chamarajanagar,PMGSY-I,68.0,0.0,68.0,0.0,0.0,0.0,315.695,57.0738,315.695,69.2926,0.0,1.0,1.0,0.8236637101220043,4.642573529411765,1.0
Karnataka,Chamarajanagar,PMGSY-III,17.0,0.0,17.0,0.0,0.0,0.0,111.285,57.26696,108.93,57.0559,0.0,0.9788381183447905,0.9963144542682203,0.9824590159777759,6.546176470588235,1.0
Karnataka,Chitradurga,PMGSY-III,26.0,0.0,26.0,0.0,0.0,0.0,168.18,88.6759,167.91,85.7989,0.0,0.9983945772386728,0.9675560101448083,1.0318726427933087,6.468461538461539,1.0
Karnataka,Dakshina Kannada,PMGSY-III,21.0,7.0,21.0,7.0,0.0,0.0,172.595,151.51757,172.02,157.0854,0.0,0.9966685014050234,1.0,0.9613419797666158,8.218809523809524,1.0
Karnataka,Davanagere,PMGSY-II,10.0,0.0,10.0,0.0,0.0,0.0,69.28,33.3206,67.03,33.6692,0.0,0.9675230946882217,1.0,0.9575056736978712,6.928,1.0
Karnataka,Gadag,PMGSY-II,12.0,0.0,12.0,0.0,0.0,0.0,89.75,41.844,76.655,39.6803,0.0,0.8540947075208913,0.9482912723449002,0.900667054974488,7.479166666666667,1.0
Karnataka,Hassan,PMGSY-I,199.0,0.0,199.0,0.0,0.0,0.0,628.11,129.815,628.46,145.1988,0.0,1.0,1.0,0.8945482776290565,3.1563316582914576,1.0
Karnataka,Kolar,PMGSY-I,103.0,0.0,103.0,0.0,0.0,0.0,614.29,117.9051,614.53,125.7489,0.0,1.0,1.0,0.9379896359092514,5.963980582524272,1.0
Karnataka,Koppal,PMGSY-III,19.0,1.0,18.0,1.0,1.0,0.0,138.626,82.32219,133.59,84.6929,1.25,0.9636720384343486,1.0,0.9366970861274058,7.296105263157895,0.9473684210526315
Karnataka,Mandya,PMGSY-I,119.0,1.0,119.0,1.0,0.0,0.0,514.115,92.7478,514.115,97.7989,0.0,1.0,1.0,0.9483521798302434,4.320294117647059,1.0
Karnataka,Mandya,PMGSY-II,11.0,0.0,11.0,0.0,0.0,0.0,70.27,24.5324,70.27,25.3148,0.0,1.0,1.0,0.9690931786938864,6.388181818181818,1.0
Karnataka,Mandya,PMGSY-III,32.0,0.0,32.0,0.0,0.0,0.0,189.635,118.2531,185.326,107.7412,0.0,0.9772774013235953,0.9111067701396411,1.0726266485472526,5.92609375,1.0
Karnataka,Ramnagar,PMGSY-I,74.0,0.0,74.0,0.0,0.0,0.0,282.09,46.1142,282.09,53.2614,0.0,1.0,1.0,0.8658090099021053,3.812027027027027,1.0
Karnataka,Tumkur,PMGSY-III,51.0,5.0,47.0,5.0,4.0,0.0,300.526,190.41821,294.636,179.6884,5.43,0.980401030193727,0.9436513451103233,1.0389441346889696,5.892666666666667,0.9215686274509803
Karnataka,Udupi,PMGSY-III,24.0,7.0,24.0,7.0,0.0,0.0,148.502,137.2723,145.275,141.9198,0.0,0.9782696529339672,1.0,0.9462338960345731,6.187583333333333,1.0
Karnataka,Udupi,PM-JANMAN,5.0,0.0,0.0,0.0,5.0,0.0,5.831,5.3238,0.0,0.0,5.831,0.0,0.0,,1.1662000000000001,0.0
Karnataka,Uttara Kannada,PMGSY-I,105.0,2.0,105.0,2.0,0.0,0.0,604.202,140.7259,604.202,171.0855,0.0,1.0,1.0,0.8225472059291992,5.754304761904762,1.0
Karnataka,Uttara Kannada,PMGSY-II,15.0,0.0,15.0,0.0,0.0,0.0,90.0,51.3631,89.14,43.5927,0.0,0.9904444444444445,0.8487162963294661,1.1669911944991809,6.0,1.0
Kerala,Idukki,PMGSY-III,24.0,3.0,7.0,0.0,17.0,3.0,138.162,122.42605,64.156,52.05,73.857,0.4643534401644447,0.42515461374437874,1.0921989910325516,5.75675,0.2916666666666667
Kerala,Kasaragod,PMGSY-III,13.0,0.0,4.0,0.0,9.0,0.0,70.907,55.63142,67.305,24.513,3.265,0.9492010661852851,0.44063229016983574,2.1541795446253573,5.454384615384615,0.3076923076923077
Kerala,Kozhikode,PMGSY-I,131.0,0.0,131.0,0.0,0.0,0.0,289.146,133.6686,288.693,148.3041,0.0,0.9984333174244152,1.0,0.8999021856676732,2.2072213740458015,1.0
Kerala,Kozhikode,PMGSY-III,14.0,0.0,3.0,0.0,11.0,0.0,74.389,82.65528,25.628,27.0535,48.557,0.3445133016978317,0.3273051642919847,1.0525752089584992,5.3134999999999994,0.21428571428571427
Kerala,Palakkad,PMGSY-I,85.0,0.0,84.0,0.0,1.0,0.0,277.88,163.3612,267.416,171.2763,3.77,0.9623434576076004,1.0,0.9178711943621314,3.2691764705882354,0.9882352941176471
Kerala,Pathanamthitta,PMGSY-II,10.0,0.0,10.0,0.0,0.0,0.0,28.112,21.7898,28.002,18.1261,0.0,0.9960870802504269,0.8318616967571983,1.197419095185437,2.8112,1.0
Kerala,Wayanad,PMGSY-III,11.0,2.0,4.0,0.0,7.0,2.0,69.09,66.20637,32.548,16.0796,36.542,0.4710956723114778,0.24287088991587966,1.939695911991123,6.280909090909091,0.36363636363636365
Ladakh,Leh,PMGSY-II,5.0,0.0,5.0,0.0,0.0,0.0,36.03,33.0628,35.992,27.4632,0.0,0.9989453233416596,0.8306374535732001,1.2026249467134429,7.206,1.0
Madhya Pradesh,Agar,PMGSY-II,4.0,6.0,4.0,6.0,0.0,0.0,78.47,55.9781,77.614,50.1109,0.0,0.9890913724990443,0.8951875822866443,1.104898450414755,19.6175,1.0
Madhya Pradesh,Alirajpur,PMGSY-I,304.0,24.0,304.0,24.0,0.0,0.0,1286.98,448.0477,1235.33,504.9899,0.0,0.9598672862049138,1.0,0.8516335275009528,4.233486842105263,1.0
Madhya Pradesh,Alirajpur,PMGSY-II,3.0,0.0,3.0,0.0,0.0,0.0,38.55,24.43456,38.82,21.0181,0.0,1.0,0.8601791888210796,1.1706908329539278,12.85,1.0
Madhya Pradesh,Ashok Nagar,PMGSY-I,258.0,5.0,258.0,5.0,0.0,0.0,969.985,350.8048,922.727,327.6571,0.0,0.9512796589637984,0.9340154410658007,1.0184838677595067,3.7596317829457364,1.0
Madhya Pradesh,Ashok Nagar,PMGSY-II,7.0,2.0,7.0,2.0,0.0,0.0,57.235,38.9466,56.171,35.6292,0.0,0.981409976413034,0.9148218329712992,1.0727881004167332,8.176428571428572,1.0
Madhya Pradesh,Barwani,PMGSY-III,34.0,22.0,34.0,21.0,0.0,1.0,264.127,208.16833,262.478,159.3358,0.0,0.9937567912405775,0.7654180633528646,1.2983189694890265,7.7684411764705885,1.0
Madhya Pradesh,Bhind,PMGSY-I,425.0,1.0,425.0,1.0,0.0,0.0,1392.868,399.4797,1364.16,354.1227,0.0,0.9793892888629793,0.8864598126012412,1.1048321367091019,3.277336470588235,1.0
Madhya Pradesh,Bhopal,PMGSY-III,7.0,8.0,2.0,4.0,5.0,4.0,79.61,87.115,52.064,37.1312,27.26,0.6539881924381359,0.42623199219422603,1.5343479710929948,11.372857142857143,0.2857142857142857
Madhya Pradesh,Chhindwara,PM-JANMAN,44.0,0.0,0.0,0.0,44.0,0.0,156.045,118.32171,2.23,0.0,153.815,0.014290749463295845,0.0,,3.5464772727272726,0.0
Madhya Pradesh,Damoh,PMGSY-III,19.0,19.0,19.0,17.0,0.0,2.0,283.775,229.04376,275.94,187.9873,0.0,0.9723900977887412,0.82074840196476,1.1847602693602226,14.935526315789472,1.0
Madhya Pradesh,Datia,PMGSY-III,12.0,2.0,12.0,2.0,0.0,0.0,110.343,98.05289,108.806,78.0078,0.0,0.9860707067960812,0.7955685956834112,1.2394540359515127,9.19525,1.0
Madhya Pradesh,Dewas,PMGSY-II,6.0,0.0,6.0,0.0,0.0,0.0,95.19,64.6193,93.056,58.3559,0.0,0.9775816787477676,0.9030723019283713,1.0825065464418442,15.865,1.0
Madhya Pradesh,Dindori,PMGSY-II,7.0,4.0,7.0,4.0,0.0,0.0,83.21,53.39352,79.117,57.7301,0.0,0.9508112005768539,1.0,0.8793879943777035,11.887142857142857,1.0
Madhya Pradesh,Dindori,PMGSY-III,23.0,5.0,23.0,0.0,0.0,5.0,262.155,197.15199,259.109,114.2435,0.0,0.9883809196849193,0.5794691699535977,1.7056661008627365,11.398043478260869,1.0
Madhya Pradesh,Hoshangabad,PMGSY-II,11.0,3.0,11.0,3.0,0.0,0.0,107.129,83.76794,106.112,83.6187,0.0,0.9905067722092056,0.9982184114829612,0.992274597237393,9.739,1.0
Madhya Pradesh,Indore,PMGSY-III,13.0,20.0,9.0,12.0,4.0,8.0,150.895,179.26063,126.737,123.0682,23.147,0.8399019185526359,0.6865322296368144,1.223397653154545,11.607307692307693,0.6923076923076923
Madhya Pradesh,Jabalpur,PMGSY-II,12.0,1.0,12.0,1.0,0.0,0.0,88.569,55.16428,88.128,48.6699,0.0,0.9950208312163398,0.8822720064505509,1.127793723411203,7.38075,1.0
Madhya Pradesh,Jhabua,PMGSY-II,7.0,7.0,7.0,7.0,0.0,0.0,89.85,52.26852,89.38,46.7523,0.0,0.9947690595436839,0.8944638187574471,1.1121400761917646,12.835714285714285,1.0
Madhya Pradesh,Mandla,PMGSY-I,544.0,9.0,544.0,8.0,0.0,1.0,1947.315,511.81466,1927.235,488.1591,0.0,0.9896883657754394,0.9537810034593383,1.0376473867542613,3.579623161764706,1.0
Madhya Pradesh,Mandsour,PMGSY-II,5.0,7.0,5.0,7.0,0.0,0.0,93.581,71.2707,90.562,64.2365,0.0,0.9677391778245583,0.9013030600232634,1.0737111863345723,18.7162,1.0
Madhya Pradesh,Mauganj,PMGSY-I,68.0,1.0,68.0,1.0,0.0,0.0,350.64,88.3858,343.605,88.0511,0.0,0.9799366872005476,0.9962131926169135,0.983661624301913,5.156470588235294,1.0
Madhya Pradesh,Mauganj,PMGSY-II,2.0,0.0,2.0,0.0,0.0,0.0,30.53,17.8114,30.35,15.2157,0.0,0.9941041598427776,0.8542674916064993,1.1636918993292222,15.265,1.0
Madhya Pradesh,Morena,PM-JANMAN,2.0,0.0,1.0,0.0,1.0,0.0,3.6,2.69933,1.982,0.0,1.5,0.5505555555555556,0.0,,1.8,0.5
Madhya Pradesh,Narsinghpur,PMGSY-I,324.0,12.0,324.0,12.0,0.0,0.0,1184.635,405.16509,1127.469,402.8182,0.0,0.9517437860606854,0.9942075710422138,0.9572888135049966,3.6562808641975306,1.0
Madhya Pradesh,Narsinghpur,PMGSY-II,5.0,1.0,5.0,1.0,0.0,0.0,74.675,42.6407,69.356,38.9112,0.0,0.9287713424840978,0.9125366140799752,1.01779076932764,14.934999999999999,1.0
Madhya Pradesh,Narsinghpur,PMGSY-III,26.0,12.0,22.0,3.0,4.0,9.0,231.108,161.65126,228.056,117.2493,1.85,0.9867940529968673,0.7253225245506901,1.3604900159527638,8.888769230769231,0.8461538461538461
Madhya Pradesh,Neemuch,PMGSY-I,150.0,0.0,150.0,0.0,0.0,0.0,710.495,201.2118,698.652,182.7586,0.0,0.983331339418293,0.9082896728720681,1.082618649961018,4.736633333333334,1.0
Madhya Pradesh,Rajgarh,PMGSY-II,13.0,4.0,13.0,4.0,0.0,0.0,94.16,63.5722,90.954,53.9898,0.0,0.9659515717926933,0.8492674470916532,1.1373938505480565,7.243076923076923,1.0
Madhya Pradesh,Rewa,PMGSY-II,7.0,2.0,7.0,2.0,0.0,0.0,114.15,75.2933,111.35,68.4962,0.0,0.9754708716600963,0.9097250352953051,1.0722700088642163,16.307142857142857,1.0
Madhya Pradesh,Sagar,PMGSY-II,13.0,8.0,13.0,8.0,0.0,0.0,178.727,151.28449,177.55,140.3944,0.0,0.9934145372551434,0.9280158197314211,1.0704715546149304,13.74823076923077,1.0
Madhya Pradesh,Sehore,PMGSY-I,361.0,11.0,361.0,11.0,0.0,0.0,1568.35,497.53073,1503.002,510.6599,0.0,0.9583332801989353,1.0,0.9336943364471556,4.344459833795014,1.0
Madhya Pradesh,Sehore,PMGSY-II,5.0,9.0,5.0,9.0,0.0,0.0,82.1,89.77582,79.476,80.1687,0.0,0.968038976857491,0.8929876663894577,1.0840451814653633,16.419999999999998,1.0
Madhya Pradesh,Shajapur,PMGSY-I,283.0,15.0,283.0,15.0,0.0,0.0,945.866,365.53485,955.436,361.6227,0.0,1.0,0.9892974637028453,1.021045488637266,3.3422826855123673,1.0
Madhya Pradesh,Shajapur,PMGSY-III,12.0,31.0,11.0,24.0,1.0,7.0,170.64,175.35133,166.841,123.9631,0.435,0.9777367557430849,0.7069413160424846,1.3830522188412122,14.219999999999999,0.9166666666666666
Madhya Pradesh,Sheopur,PMGSY-I,182.0,16.0,182.0,16.0,0.0,0.0,879.03,287.03007,845.528,254.7874,0.0,0.9618875351239435,0.8876679715125316,1.083611852622041,4.829835164835164,1.0
Madhya Pradesh,Shivpuri,PMGSY-I,526.0,13.0,526.0,13.0,0.0,0.0,2123.238,632.83899,2047.805,503.7602,0.0,0.964472659212015,0.7960321787379125,1.211600089761648,4.036574144486692,1.0
Madhya Pradesh,Sidhi,PMGSY-II,1.0,2.0,1.0,2.0,0.0,0.0,17.225,11.1029,17.225,9.6652,0.0,1.0,0.870511307856506,1.1487501551959607,17.225,1.0
Madhya Pradesh,Ujjain,PMGSY-I,517.0,7.0,517.0,7.0,0.0,0.0,1882.956,653.51385,1836.344,657.7292,0.0,0.9752453057851591,1.0,0.9689950126557961,3.642081237911025,1.0
Madhya Pradesh,Ujjain,PMGSY-II,11.0,4.0,11.0,4.0,0.0,0.0,123.983,85.20652,118.528,72.5698,0.0,0.9560020325367188,0.8516930394528495,1.1224725203236137,11.271181818181818,1.0
Madhya Pradesh,Umaria,PMGSY-I,278.0,12.0,278.0,12.0,0.0,0.0,1304.785,394.06145,1248.706,408.0965,0.0,0.9570205052939755,1.0,0.924107136414737,4.693471223021583,1.0
Madhya Pradesh,Umaria,PM-JANMAN,25.0,0.0,0.0,0.0,25.0,0.0,64.165,42.6171,2.4,0.0,61.765,0.03740356892386815,0.0,,2.5666,0.0
Maharashtra,Ahmednagar,PMGSY-I,203.0,15.0,202.0,15.0,1.0,0.0,1269.835,376.01638,1225.623,368.8257,0.56,0.9651828780904605,0.9808766841487064,0.984000225194601,6.255344827586207,0.9950738916256158
Maharashtra,Ahmednagar,PMGSY-II,19.0,3.0,19.0,3.0,0.0,0.0,133.9,72.7943,126.53,68.16,0.0,0.9449589245705751,0.9363370483677979,1.0092080904176617,7.0473684210526315,1.0
Maharashtra,Akola,PMGSY-II,5.0,5.0,5.0,5.0,0.0,0.0,43.2,32.0056,43.2,31.216,0.0,1.0,0.9753293173694604,1.0252947206560739,8.64,1.0
Maharashtra,Amrawati,PMGSY-I,124.0,26.0,124.0,26.0,0.0,0.0,591.53,137.9873,578.33,136.3922,0.0,0.9776849863912229,0.988440240514888,0.989118963713919,4.770403225806452,1.0
Maharashtra,Amrawati,PMGSY-III,28.0,22.0,27.0,2.0,1.0,20.0,180.125,172.03451,173.921,142.4814,2.67,0.9655572519083969,0.8282140600743421,1.1658305484716436,6.433035714285714,0.9642857142857143
Maharashtra,Aurangabad,PMGSY-II,19.0,4.0,19.0,4.0,0.0,0.0,96.55,57.384,94.983,50.3306,0.0,0.9837700673226308,0.8770842046563502,1.1216369672374629,5.0815789473684205,1.0
Maharashtra,Beed,PMGSY-I,225.0,31.0,225.0,31.0,0.0,0.0,854.19,172.0928,845.04,176.1568,0.0,0.9892880974958732,1.0,0.9664648693932782,3.7964,1.0
Maharashtra,Chandrapur,RCPLWEA,20.0,44.0,20.0,44.0,0.0,0.0,131.96,194.261,130.31,160.5315,0.0,0.9874962109730221,0.8263701926789216,1.194980433371832,6.598000000000001,1.0
Maharashtra,Chandrapur,PMGSY-III,23.0,18.0,21.0,0.0,2.0,18.0,164.166,179.18509,142.733,108.4424,19.0,0.8694431246421306,0.605197675766438,1.4366266749802785,7.137652173913043,0.9130434782608695
Maharashtra,Dhule,PMGSY-II,7.0,6.0,7.0,6.0,0.0,0.0,59.29,35.8535,59.29,30.0629,0.0,1.0,0.8384927552400743,1.1926161481427273,8.47,1.0
Maharashtra,Gadchiroli,RCPLWEA,26.0,68.0,20.0,63.0,6.0,5.0,487.716,688.75014,420.956,438.3714,66.76,0.863117059928319,0.636473772622391,1.356092107883904,18.758307692307692,0.7692307692307693
Maharashtra,Gondia,PMGSY-I,241.0,13.0,240.0,13.0,1.0,0.0,853.052,183.9845,819.547,172.6935,0.8,0.9607233791140517,0.9386306998687389,1.023537136861603,3.5396348547717844,0.995850622406639
Maharashtra,Gondia,PMGSY-II,13.0,1.0,13.0,1.0,0.0,0.0,86.81,49.5096,86.42,39.5875,0.0,0.995507430019583,0.7995924022815777,1.2450186209611,6.677692307692308,1.0
Maharashtra,Hingoli,PMGSY-II,6.0,1.0,6.0,1.0,0.0,0.0,33.9,21.0556,33.9,19.3926,0.0,1.0,0.9210186363722717,1.085754359910481,5.6499999999999995,1.0
Maharashtra,Kolhapur,PMGSY-I,140.0,10.0,140.0,9.0,0.0,1.0,584.11,172.3683,579.25,186.7419,0.0,0.9916796493811098,1.0,0.9153496634039708,4.172214285714285,1.0
Maharashtra,Latur,PMGSY-III,24.0,9.0,15.0,0.0,9.0,9.0,169.973,171.9307,147.191,136.2318,22.882,0.8659669476916921,0.7923645980618935,1.0928894978521608,7.082208333333334,0.625
Maharashtra,Nagpur,PMGSY-III,32.0,18.0,28.0,0.0,4.0,18.0,222.805,234.64301,210.75,154.2069,10.46,0.9458943919570925,0.6571979280354441,1.439283892425903,6.96265625,0.875
Maharashtra,Nandurbar,PMGSY-III,21.0,0.0,10.0,0.0,11.0,0.0,155.815,102.41629,131.67,73.745,23.51,0.8450405930109424,0.7200514683748064,1.1735835980145182,7.419761904761905,0.47619047619047616
Maharashtra,Nashik,PMGSY-I,212.0,26.0,212.0,26.0,0.0,0.0,1221.777,350.47184,1102.245,330.6126,0.0,0.9021654524516338,0.9433357042323286,0.9563567332435504,5.763099056603774,1.0
Maharashtra,Osmanabad,PMGSY-I,135.0,44.0,135.0,44.0,0.0,0.0,461.4,125.198,461.4,120.056,0.0,1.0,0.9589290563747025,1.0428300126607584,3.417777777777778,1.0
Maharashtra,Osmanabad,PMGSY-II,7.0,9.0,7.0,9.0,0.0,0.0,60.35,50.1433,60.3,47.0803,0.0,0.9991714995857497,0.9389150694110678,1.0641766568007878,8.621428571428572,1.0
Maharashtra,Osmanabad,PMGSY-III,24.0,8.0,13.0,0.0,11.0,8.0,179.01,176.41947,163.656,141.2074,14.219,0.9142282554047261,0.8004071205972901,1.1422040507616908,7.458749999999999,0.5416666666666666
Maharashtra,Palghar,PMGSY-II,6.0,1.0,6.0,1.0,0.0,0.0,56.9,30.8962,51.91,28.4738,0.0,0.9123022847100175,0.921595536020611,0.9899161281198029,9.483333333333333,1.0
Maharashtra,Parbhani,PMGSY-III,16.0,2.0,5.0,0.0,11.0,2.0,114.165,120.98003,52.84,70.8034,60.685,0.462838873560198,0.5852486563278253,0.7908414116903844,7.1353125,0.3125
Maharashtra,Pune,PMGSY-I,259.0,16.0,258.0,16.0,1.0,0.0,1444.48,397.1502,1423.542,421.8152,3.12,0.985504818342933,1.0,0.9278789282744184,5.577142857142857,0.9961389961389961
Maharashtra,Raigad,PMGSY-I,88.0,2.0,88.0,2.0,0.0,0.0,321.595,115.5063,312.29,129.5261,0.0,0.9710660924454672,1.0,0.8659586862712136,3.6544886363636366,1.0
Maharashtra,Raigad,PM-JANMAN,13.0,0.0,0.0,0.0,13.0,0.0,14.035,15.4717,0.0,0.0,14.035,0.0,0.0,,1.0796153846153846,0.0
Maharashtra,Ratnagiri,PMGSY-II,14.0,7.0,14.0,7.0,0.0,0.0,85.91,50.1249,85.61,47.7912,0.0,0.9965079734605984,0.953442301131773,1.0451686193047076,6.136428571428572,1.0
Maharashtra,Ratnagiri,PMGSY-III,46.0,0.0,17.0,0.0,29.0,0.0,280.066,228.07262,150.445,114.7474,128.882,0.5371769511472296,0.503117822735583,1.0676961277707442,6.088391304347826,0.3695652173913043
Maharashtra,Thane,PMGSY-III,17.0,0.0,5.0,0.0,12.0,0.0,87.81,57.7251,62.345,37.5344,25.065,0.7099988611775424,0.650226677822992,1.0919251476341638,5.165294117647059,0.29411764705882354
Maharashtra,Washim,PMGSY-I,104.0,9.0,104.0,9.0,0.0,0.0,479.75,102.462,473.08,98.9662,0.0,0.9860969254820219,0.9658819855165818,1.0209289957454053,4.612980769230769,1.0
Maharashtra,Washim,PMGSY-III,17.0,8.0,10.0,0.0,7.0,8.0,103.935,97.89375,88.995,68.9596,13.575,0.8562563140424304,0.7044331226457256,1.2155253444450254,6.113823529411765,0.5882352941176471
Manipur,Churachandpur,PMGSY-I,217.0,38.0,178.0,22.0,39.0,16.0,2304.885,1113.40415,1911.436,830.5138,393.62,0.8292977740754961,0.7459230325304607,1.1117739202424088,10.621589861751152,0.8202764976958525
Manipur,Senapati,PMGSY-II,4.0,2.0,3.0,2.0,1.0,0.0,22.38,22.0518,16.38,16.5409,6.0,0.7319034852546917,0.7500929629327311,0.9757503688517197,5.595,0.75
Manipur,Tamenglong,PMGSY-II,2.0,1.0,0.0,1.0,2.0,0.0,20.4,19.0556,10.0,10.9501,10.4,0.4901960784313726,0.5746394760595311,0.8530497796510408,10.2,0.0
Meghalaya,Jaintia,PMGSY-III,20.0,14.0,3.0,0.0,17.0,14.0,196.194,276.73053,58.41,80.4947,137.784,0.29771552646869937,0.29087755514362656,1.0235080748038343,9.8097,0.15
Meghalaya,Ribhoi,PMGSY-III,12.0,0.0,2.0,0.0,10.0,0.0,156.22,138.73122,24.1,24.4724,132.12,0.15426961976699527,0.17640153384364385,0.8745367254217555,13.018333333333333,0.16666666666666666
Meghalaya,West Garo Hills,PMGSY-II,22.0,4.0,21.0,4.0,1.0,0.0,98.48,98.78554,98.53,93.2918,0.0,1.0,0.944387204847997,1.059425320638521,4.4763636363636365,0.9545454545454546
Mizoram,Aizawl,PMGSY-III,3.0,1.0,0.0,0.0,3.0,1.0,63.954,68.27208,64.15,2.5389,,1.0,0.037187969079014435,3.0,21.318,0.0
Mizoram,Lunglei,PMGSY-I,59.0,0.0,55.0,0.0,4.0,0.0,738.914,537.8182,732.178,501.3365,3.162,0.9908839188322321,0.9321672267691944,1.0629894404961484,12.523966101694915,0.9322033898305084
Mizoram,Serchhip,PMGSY-I,31.0,0.0,31.0,0.0,0.0,0.0,459.09,232.1615,457.55,223.6491,0.0,0.9966455379119563,0.9633341445502377,1.0345792719485418,14.809354838709677,1.0
Mizoram,Serchhip,PMGSY-III,2.0,1.0,0.0,0.0,2.0,1.0,50.88,74.63782,0.0,1.0376,50.88,0.0,0.013901799382672216,0.0,25.44,0.0
Nagaland,Longleng,PMGSY-III,1.0,0.0,0.0,0.0,1.0,0.0,13.7,10.9094,0.0,2.1461,13.7,0.0,0.19672025959264489,0.0,13.7,0.0
Nagaland,Peren,PMGSY-I,29.0,5.0,25.0,5.0,4.0,0.0,375.64,120.3107,362.14,111.6044,13.5,0.9640613353210521,0.9276348653943498,1.0392681121480023,12.953103448275861,0.8620689655172413
Nagaland,Peren,PMGSY-II,1.0,1.0,1.0,1.0,0.0,0.0,17.0,19.1551,17.0,18.5634,0.0,1.0,0.9691100542414292,1.0318745488434231,17.0,1.0
Nagaland,Phek,PMGSY-III,5.0,0.0,0.0,0.0,5.0,0.0,50.711,51.27989,0.0,4.2039,50.711,0.0,0.08197950502623932,0.0,10.142199999999999,0.0
Nagaland,Tseminyu,PMGSY-III,1.0,0.0,0.0,0.0,1.0,0.0,6.0,4.7399,0.0,0.0,6.0,0.0,0.0,,6.0,0.0
Nagaland,Tuensang,PMGSY-II,2.0,1.0,2.0,1.0,0.0,0.0,42.0,43.1822,42.0,43.1794,0.0,1.0,0.9999351584680725,1.0000648457366244,21.0,1.0
Nagaland,Tuensang,PMGSY-III,5.0,0.0,0.0,0.0,5.0,0.0,59.66,58.4939,0.0,5.262,59.66,0.0,0.08995809819485451,0.0,11.931999999999999,0.0
Odisha,Angul,PMGSY-I,310.0,16.0,310.0,16.0,0.0,0.0,1411.008,600.14673,1340.386,564.0837,0.0,0.9499492561346214,0.9399096450962917,1.0106814640010435,4.55163870967742,1.0
Odisha,Angul,PMGSY-II,13.0,0.0,13.0,0.0,0.0,0.0,92.675,41.2075,91.715,36.8161,0.0,0.9896412193148099,0.8934320208699872,1.10768496785143,7.128846153846154,1.0
Odisha,Balangir,PMGSY-II,20.0,4.0,20.0,4.0,0.0,0.0,168.095,63.79086,164.485,53.508,0.0,0.9785240489009193,0.8388035527346708,1.166571178329814,8.40475,1.0
Odisha,Balasore,PMGSY-III,51.0,3.0,34.0,1.0,17.0,2.0,372.201,265.25514,332.443,218.8903,40.278,0.8931813724304878,0.8252066293606978,1.082372996836503,7.298058823529412,0.6666666666666666
Odisha,Boudh,PMGSY-II,6.0,0.0,6.0,0.0,0.0,0.0,35.901,14.6532,35.71,13.4258,0.0,0.9946798139327595,0.9162367264488304,1.0856144326237178,5.9835,1.0
Odisha,Deogarh,PMGSY-I,151.0,6.0,151.0,6.0,0.0,0.0,727.214,307.7535,714.068,279.3592,0.0,0.9819227902653138,0.9077368738292172,1.0817262343030631,4.815986754966888,1.0
Odisha,Deogarh,PMGSY-III,14.0,3.0,14.0,1.0,0.0,2.0,90.01,62.88467,89.887,56.013,0.0,0.9986334851683146,0.8907258319078402,1.1211457548383297,6.429285714285714,1.0
Odisha,Dhenkanal,PMGSY-II,15.0,1.0,15.0,1.0,0.0,0.0,93.4,41.04391,91.985,38.4755,0.0,0.9848501070663811,0.9374228722361003,1.0505932127697601,6.2266666666666675,1.0
Odisha,Gajapati,PMGSY-I,397.0,4.0,396.0,4.0,1.0,0.0,1718.05,755.39607,1663.909,877.6709,2.5,0.9684869474113095,1.0,0.8335598615845642,4.327581863979849,0.9974811083123426
Odisha,Ganjam,PMGSY-I,738.0,15.0,736.0,15.0,2.0,0.0,2713.993,1167.33081,2609.111,1184.5334,5.316,0.9613550956100476,1.0,0.947393650914448,3.6774972899728997,0.997289972899729
Odisha,Jagatsinghpur,PMGSY-I,268.0,0.0,268.0,0.0,0.0,0.0,1047.628,452.3774,1030.216,437.243,0.0,0.9833795965743565,0.9665447478145459,1.0174175575397577,3.909059701492537,1.0
Odisha,Kandhamal,PMGSY-I,395.0,30.0,395.0,30.0,0.0,0.0,1735.042,710.59794,1659.08,737.4596,0.0,0.9562189272651613,1.0,0.9213890495203173,4.392511392405063,1.0
Odisha,Kandhamal,PM-JANMAN,4.0,0.0,0.0,0.0,4.0,0.0,9.2,8.202,0.0,0.0,9.2,0.0,0.0,,2.3,0.0
Odisha,Kendrapara,PMGSY-II,26.0,0.0,26.0,0.0,0.0,0.0,107.3,52.7669,106.189,52.4654,0.0,0.989645852749301,0.9942861907748987,0.9953329956016173,4.1269230769230765,1.0
Odisha,Koraput,RCPLWEA,19.0,2.0,18.0,0.0,1.0,2.0,146.768,140.64949,140.469,123.5026,5.087,0.9570819252153058,0.8780877911466299,1.089961544694208,7.724631578947369,0.9473684210526315
Odisha,Rayagada,PMGSY-III,47.0,5.0,43.0,5.0,4.0,0.0,359.817,257.217,350.663,222.8482,10.352,0.9745592898612351,0.8663820820552296,1.1248608553276953,7.65568085106383,0.9148936170212766
Punjab,Amritsar,PMGSY-I,73.0,0.0,73.0,0.0,0.0,0.0,396.395,172.0362,395.96,158.7712,0.0,0.9989026097705571,0.922894135071572,1.0823588229792906,5.430068493150685,1.0
Punjab,Fatehgarh Sahib,PMGSY-III,3.0,1.0,3.0,0.0,0.0,1.0,31.239,25.09418,31.239,19.0243,0.0,1.0,0.7581160253094542,1.3190593083582576,10.413,1.0
Punjab,Fazilka,PMGSY-II,10.0,1.0,10.0,1.0,0.0,0.0,96.7,66.24525,96.6,62.361,0.0,0.998965873836608,0.9413656073454323,1.061187986943355,9.67,1.0
Punjab,Firozpur,PMGSY-III,6.0,0.0,3.0,0.0,3.0,0.0,62.94,62.01797,30.93,47.8669,32.01,0.49142040038131557,0.771823069990843,0.6367008443880096,10.49,0.5
Punjab,Jalandhar,PMGSY-II,2.0,0.0,2.0,0.0,0.0,0.0,20.15,13.9106,20.15,11.7305,0.0,1.0,0.8432777881615457,1.1858488555475046,10.075,1.0
Punjab,Kapurthala,PMGSY-I,43.0,0.0,43.0,0.0,0.0,0.0,246.385,85.3898,246.385,66.1599,0.0,1.0,0.7747986293444884,1.290657936302806,5.729883720930232,1.0
Punjab,Moga,PMGSY-II,10.0,1.0,10.0,1.0,0.0,0.0,110.76,68.2654,110.4,65.1958,0.0,0.9967497291440953,0.9550343219258952,1.043679484873463,11.076,1.0
Punjab,Pathankot,PMGSY-III,6.0,1.0,2.0,0.0,4.0,1.0,51.55,58.01704,35.22,30.6731,16.33,0.6832201745877788,0.5286912258881185,1.2922858204050502,8.591666666666667,0.3333333333333333
Punjab,Sangrur,PMGSY-III,35.0,10.0,23.0,6.0,12.0,4.0,341.649,333.85229,230.915,189.7579,109.88,0.6758837286220654,0.5683887925405574,1.1891221950401805,9.7614,0.6571428571428571
Rajasthan,Alwar,PMGSY-II,10.0,0.0,10.0,0.0,0.0,0.0,76.44,29.7435,76.44,24.4709,0.0,1.0,0.8227310168608267,1.2154640818278037,7.644,1.0
Rajasthan,Balotra,PMGSY-I,570.0,0.0,570.0,0.0,0.0,0.0,2733.445,468.9141,2680.217,410.6322,0.0,0.9805271370011103,0.8757087918661435,1.1196954354102098,4.795517543859649,1.0
Rajasthan,Banswara,PMGSY-III,23.0,2.0,23.0,2.0,0.0,0.0,172.34,113.42684,167.93,84.7969,0.0,0.9744110479285134,0.747591134514547,1.3034010208818934,7.49304347826087,1.0
Rajasthan,Barmer,PMGSY-III,25.0,3.0,25.0,3.0,0.0,0.0,286.905,165.84077,285.005,124.6066,0.0,0.9933775988567645,0.7513628886310646,1.322100963312994,11.476199999999999,1.0
Rajasthan,Bharatpur,PMGSY-III,14.0,0.0,14.0,0.0,0.0,0.0,112.122,75.16447,111.942,62.2124,0.0,0.9983946058757425,0.8276836116851487,1.2062515093696604,8.008714285714285,1.0
Rajasthan,Bundi,PMGSY-II,12.0,0.0,12.0,0.0,0.0,0.0,69.3,31.77,69.3,24.6884,0.0,1.0,0.7770978910922254,1.286839163331767,5.7749999999999995,1.0
Rajasthan,Chittaurgarh,PMGSY-III,34.0,2.0,32.0,2.0,2.0,0.0,263.953,166.02474,248.502,119.0025,12.2,0.9414630634999414,0.7167757046329359,1.313469551792452,7.763323529411764,0.9411764705882353
Rajasthan,Dausa,PMGSY-I,425.0,0.0,425.0,0.0,0.0,0.0,1277.855,274.8729,1247.286,233.8484,0.0,0.9760778805106995,0.8507510198349855,1.1473132065125504,3.0067176470588235,1.0
Rajasthan,Dausa,PMGSY-III,28.0,0.0,28.0,0.0,0.0,0.0,235.75,121.2039,233.117,90.2558,0.0,0.988831389183457,0.7446608566226004,1.3278949475984128,8.419642857142858,1.0
Rajasthan,Deeg,PMGSY-I,166.0,0.0,166.0,0.0,0.0,0.0,571.39,109.0053,553.75,103.8543,0.0,0.9691279161343391,0.9527454169659639,1.0171950437930686,3.4421084337349397,1.0
Rajasthan,Didwana Kuchaman,PMGSY-III,15.0,0.0,15.0,0.0,0.0,0.0,141.75,90.3914,141.75,52.9107,0.0,1.0,0.5853510400325694,1.7083765665545911,9.45,1.0
Rajasthan,Hanumangarh,PMGSY-III,22.0,0.0,22.0,0.0,0.0,0.0,217.64,103.43357,214.295,82.4662,0.0,0.9846305826134901,0.7972866062729924,1.2349769516589004,9.892727272727273,1.0
Rajasthan,Jaipur,PMGSY-III,42.0,0.0,40.0,0.0,2.0,0.0,441.77,251.2557,431.017,184.4449,1.01,0.9756592797156892,0.7340924006898152,1.3290687640941077,10.518333333333333,0.9523809523809523
Rajasthan,Jaisalmer,PMGSY-III,20.0,0.0,20.0,0.0,0.0,0.0,196.9,96.43175,196.33,73.9529,0.0,0.9971051295073642,0.7668936838748649,1.300186910484535,9.845,1.0
Rajasthan,Jhalawar,PMGSY-I,381.0,0.0,381.0,0.0,0.0,0.0,1489.68,338.9605,1438.64,304.427,0.0,0.9657376080769025,0.8981193973929116,1.0752886652713158,3.9099212598425197,1.0
Rajasthan,Jhunjhunun,PMGSY-I,574.0,0.0,574.0,0.0,0.0,0.0,1953.775,490.1187,1893.688,419.9541,0.0,0.9692456910340239,0.8568416181631102,1.1311841891058987,3.403789198606272,1.0
Rajasthan,Jodhpur,PMGSY-I,596.0,0.0,596.0,0.0,0.0,0.0,2374.8,402.2906,2321.837,327.5115,0.0,0.9776979114030654,0.814116710656426,1.200930896768773,3.984563758389262,1.0
Rajasthan,Nagaur,PMGSY-III,26.0,0.0,25.0,0.0,1.0,0.0,355.7,215.019,354.29,174.9941,0.3,0.9960359853809391,0.8138541245192286,1.2238507557719038,13.680769230769231,0.9615384615384616
Rajasthan,Pratapgarh,PMGSY-II,8.0,0.0,8.0,0.0,0.0,0.0,70.0,31.2462,70.0,18.5287,0.0,1.0,0.5929905076457297,1.6863676350742363,8.75,1.0
Rajasthan,Pratapgarh,PMGSY-III,12.0,2.0,9.0,2.0,3.0,0.0,114.78,76.98488,107.689,54.7731,7.0,0.9382209444154033,0.7114786695777144,1.3186915989656691,9.565,0.75
Rajasthan,Salumbar,PMGSY-I,377.0,6.0,377.0,6.0,0.0,0.0,1167.656,418.3223,1156.458,327.6348,0.0,0.9904098467356826,0.7832114137831045,1.2645498128682247,3.097230769230769,1.0
Rajasthan,Sawaimadhopur,PMGSY-I,282.0,0.0,282.0,0.0,0.0,0.0,1120.75,241.1723,1054.855,215.0191,0.0,0.9412045505242026,0.8915580271863726,1.0556851285322473,3.974290780141844,1.0
Rajasthan,Sirohi,PMGSY-III,11.0,4.0,11.0,4.0,0.0,0.0,102.49,96.79097,100.49,75.7178,0.0,0.9804859010635184,0.7822816529269208,1.2533668626830412,9.317272727272726,1.0
Rajasthan,Udaipur,PMGSY-III,44.0,3.0,43.0,2.0,1.0,1.0,427.425,291.12291,414.865,219.1965,10.0,0.9706147277300111,0.75293455949585,1.2891090141750372,9.714204545454546,0.9772727272727273
Sikkim,North,PMGSY-I,112.0,14.0,102.0,9.0,10.0,5.0,451.009,290.9943,409.731,287.1253,34.52,0.9084763275233975,0.9867042069208914,0.9207180035832503,4.026866071428572,0.9107142857142857
Sikkim,North,PMGSY-II,2.0,0.0,2.0,0.0,0.0,0.0,5.0,3.9899,5.0,3.7181,0.0,1.0,0.9318779919296224,1.0731018530970118,2.5,1.0
Sikkim,North,PMGSY-III,9.0,8.0,0.0,0.0,9.0,8.0,49.19,86.30697,2.1,18.1505,47.09,0.04269160398454971,0.2103016708847501,0.20300173462694757,5.4655555555555555,0.0
Sikkim,Pakyong,PMGSY-I,131.0,22.0,127.0,21.0,4.0,1.0,722.965,424.7631,703.01,431.9514,6.375,0.9723983871971672,1.0,0.9562162627111964,5.51881679389313,0.9694656488549618
Sikkim,Pakyong,PMGSY-II,7.0,0.0,5.0,0.0,2.0,0.0,21.23,18.991,19.655,16.1001,0.925,0.9258125294394725,0.8477752619661946,1.092049474635873,3.032857142857143,0.7142857142857143
Sikkim,Soreng,PMGSY-II,3.0,0.0,1.0,0.0,2.0,0.0,18.0,15.584,16.2,10.3917,1.6,0.8999999999999999,0.6668185318275154,1.3496925430872715,6.0,0.3333333333333333
Sikkim,West Sikkim,PMGSY-I,114.0,17.0,104.0,12.0,10.0,5.0,739.951,379.2239,705.171,363.6268,23.575,0.9529968876317486,0.9588709994280423,0.9938739290271605,6.490798245614036,0.9122807017543859
Sikkim,West Sikkim,PMGSY-III,6.0,1.0,0.0,0.0,6.0,1.0,35.6,35.44266,0.0,3.6461,35.6,0.0,0.10287320421209922,0.0,5.933333333333334,0.0
Tamil Nadu,Ariyalur,PMGSY-I,171.0,0.0,171.0,0.0,0.0,0.0,368.847,102.83873,368.806,94.2441,0.0,0.9998888427993179,0.916426136339879,1.091074122779585,2.157,1.0
Tamil Nadu,Ariyalur,PMGSY-II,39.0,3.0,39.0,3.0,0.0,0.0,134.099,43.28113,132.39,44.3706,0.0,0.9872556842332904,1.0,0.9630147352647922,3.4384358974358973,1.0
Tamil Nadu,Chengalpattu,PMGSY-I,197.0,0.0,197.0,0.0,0.0,0.0,403.113,90.8977,400.157,,0.0,0.9926670685390945,,,2.046258883248731,1.0
Tamil Nadu,Coimbatore,PMGSY-II,56.0,2.0,56.0,2.0,0.0,0.0,183.305,79.52724,183.03,80.3042,0.0,0.9984997681459862,1.0,0.9888390731903215,3.2733035714285714,1.0
Tamil Nadu,Dindigul,PMGSY-III,60.0,2.0,60.0,2.0,0.0,0.0,243.94,142.40797,240.28,137.8839,0.0,0.9849963105681725,0.9682316235530919,1.0173147484623148,4.065666666666667,1.0
Tamil Nadu,Erode,PMGSY-III,43.0,0.0,43.0,0.0,0.0,0.0,167.667,85.5131,167.172,85.489,0.0,0.9970477195870385,0.9997181718356604,0.9973287949305568,3.899232558139535,1.0
Tamil Nadu,Kallakurichi,PMGSY-I,166.0,4.0,166.0,4.0,0.0,0.0,424.586,131.38586,410.628,115.2407,0.0,0.9671256235485861,0.877116456824197,1.1026194025024774,2.5577469879518073,1.0
Tamil Nadu,Kallakurichi,PMGSY-III,42.0,4.0,41.0,4.0,1.0,0.0,158.214,112.13844,153.21,104.8573,4.87,0.9683719519132316,0.9350700794482248,1.0356143065604857,3.767,0.9761904761904762
Tamil Nadu,Kanchipuram,PMGSY-I,161.0,1.0,161.0,1.0,0.0,0.0,357.335,86.51455,357.685,77.6514,0.0,1.0,0.8975530705528723,1.1152315176493375,2.2194720496894407,1.0
Tamil Nadu,Kanniyakumari,PMGSY-III,16.0,0.0,14.0,0.0,2.0,0.0,60.46,37.26415,57.715,28.1931,2.755,0.9545980813761165,0.7565743482677051,1.261737307855887,3.77875,0.875
Tamil Nadu,Karur,PMGSY-II,26.0,0.0,26.0,0.0,0.0,0.0,83.439,32.8887,83.439,32.5093,0.0,1.0,0.9884641229358413,1.0116705065934977,3.2091923076923075,1.0
Tamil Nadu,Krishnagiri,PMGSY-II,40.0,2.0,40.0,2.0,0.0,0.0,118.23,56.26929,118.23,59.1974,0.0,1.0,1.0,0.9505365100494277,2.95575,1.0
Tamil Nadu,Nagapattinam,PMGSY-II,21.0,1.0,21.0,1.0,0.0,0.0,74.171,66.87174,74.171,72.8485,0.0,1.0,1.0,0.9179563065814671,3.531952380952381,1.0
Tamil Nadu,Pudukkottai,PMGSY-III,77.0,0.0,73.0,0.0,4.0,0.0,335.616,197.66193,319.616,146.0687,16.185,0.952326468344775,0.738982463643859,1.2886996853063806,4.35864935064935,0.948051948051948
Tamil Nadu,Ranipet,PMGSY-I,92.0,2.0,92.0,2.0,0.0,0.0,213.068,55.05758,202.832,174.1827,0.0,0.9519589990050124,1.0,0.30090565104593275,2.3159565217391305,1.0
Tamil Nadu,Salem,PMGSY-II,6.0,0.0,6.0,0.0,0.0,0.0,21.955,9.72781,21.955,11.008,0.0,1.0,1.0,0.8837036700581395,3.6591666666666662,1.0
Tamil Nadu,Salem,PMGSY-III,97.0,0.0,84.0,0.0,13.0,0.0,396.459,244.90621,350.257,167.8355,45.153,0.883463359388991,0.6853052031632845,1.2891531471102697,4.087206185567011,0.865979381443299
Tamil Nadu,Tenkasi,PMGSY-I,45.0,0.0,45.0,0.0,0.0,0.0,85.593,17.32462,85.593,12.8216,0.0,1.0,0.7400797246923743,1.3512057777500468,1.9020666666666668,1.0
Tamil Nadu,Thanjavur,PMGSY-I,302.0,2.0,302.0,2.0,0.0,0.0,564.204,132.16558,563.374,139.4407,0.0,0.998528900894003,1.0,0.9464320771010073,1.8682251655629138,1.0
Tamil Nadu,Theni,PMGSY-II,2.0,0.0,2.0,0.0,0.0,0.0,6.7,2.4943,6.7,2.521,0.0,1.0,1.0,0.989408964696549,3.35,1.0
Tamil Nadu,Tirupathur,PMGSY-II,4.0,0.0,4.0,0.0,0.0,0.0,7.024,3.312,7.024,3.8691,0.0,1.0,1.0,0.8560130262851826,1.756,1.0
Tamil Nadu,Tiruvannamalai,PMGSY-I,263.0,0.0,263.0,0.0,0.0,0.0,633.938,141.19902,633.948,99.9083,0.0,1.0,0.7075707749246418,1.4133084771905327,2.4104106463878328,1.0
Tamil Nadu,Tiruvannamalai,PMGSY-III,195.0,7.0,185.0,4.0,10.0,3.0,811.576,502.22232,793.586,437.2968,17.943,0.9778332528315278,0.8707235472927607,1.1230122992214817,4.161928205128206,0.9487179487179487
Tamil Nadu,Tiruvarur,PMGSY-I,294.0,28.0,294.0,28.0,0.0,0.0,615.127,367.29118,604.058,337.5778,0.0,0.9820053419862891,0.9191012972323486,1.068440818159392,2.092268707482993,1.0
Tamil Nadu,Tiruvarur,PMGSY-II,74.0,12.0,74.0,12.0,0.0,0.0,224.342,197.66552,224.343,212.5394,0.0,1.0,1.0,0.930022391566558,3.0316486486486487,1.0
Tamil Nadu,Vellore,PMGSY-III,26.0,0.0,26.0,0.0,0.0,0.0,128.1,77.69685,127.83,61.7454,0.0,0.9978922716627635,0.794696310082069,1.2556900780874525,4.926923076923076,1.0
Tamil Nadu,Villupuram,PMGSY-I,322.0,3.0,322.0,3.0,0.0,0.0,663.065,186.3543,652.911,178.5364,0.0,0.9846862675604954,0.9580481909996174,1.027804526756722,2.059208074534162,1.0
Tamil Nadu,Virudhunagar,PMGSY-III,22.0,2.0,19.0,1.0,3.0,1.0,71.445,63.20738,59.845,29.2162,11.6,0.8376373434110155,0.462227670249898,1.8121748162721556,3.2474999999999996,0.8636363636363636
Telangana,Adilabad,PMGSY-II,2.0,2.0,2.0,2.0,0.0,0.0,18.99,19.2077,16.041,17.5167,0.0,0.8447077409162718,0.9119623900831438,0.92625282588601,9.495,1.0
Telangana,Bhadradri Kothagudem,RCPLWEA,30.0,38.0,5.0,20.0,25.0,18.0,239.41,331.14342,103.89,133.0505,134.77,0.4339417735265862,0.40179116347835026,1.0800182108782697,7.980333333333333,0.16666666666666666
Telangana,Bhadradri Kothagudem,PMGSY-III,13.0,9.0,10.0,6.0,3.0,3.0,94.782,87.07731,76.014,58.7128,15.42,0.8019877191871875,0.6742606081882869,1.1894328534809389,7.290923076923077,0.7692307692307693
Telangana,Jagitial,PMGSY-III,12.0,5.0,4.0,0.0,8.0,5.0,65.539,56.98604,35.612,28.7761,28.884,0.5433711225377257,0.504967532399163,1.0760516026765174,5.4615833333333335,0.3333333333333333
Telangana,Jangoan,PMGSY-I,88.0,8.0,88.0,8.0,0.0,0.0,280.49,93.59945,277.926,15.4745,0.0,0.9908588541480979,0.1653268261725897,3.0,3.1873863636363637,1.0
Telangana,Jangoan,PMGSY-II,3.0,1.0,3.0,1.0,0.0,0.0,16.675,9.695,16.69,8.4956,0.0,1.0,0.8762867457452295,1.1422055110210327,5.558333333333334,1.0
Telangana,Jogulamba Gadwal,PMGSY-III,7.0,1.0,3.0,0.0,4.0,1.0,37.176,18.63608,15.17,8.3973,21.709,0.40805896277168063,0.4505936870844083,0.9056029289092997,5.310857142857143,0.42857142857142855
Telangana,Komrambheem Asifabad,RCPLWEA,31.0,33.0,8.0,12.0,23.0,21.0,262.66,407.15149,118.645,153.213,142.191,0.4517056270463717,0.376304652599945,1.200372155713383,8.472903225806453,0.25806451612903225
Telangana,Komrambheem Asifabad,PMGSY-III,6.0,2.0,4.0,2.0,2.0,0.0,41.09,25.49702,27.889,10.6247,12.1,0.6787296179119007,0.41670359908726595,1.628806709129866,6.848333333333334,0.6666666666666666
Telangana,Mahabubabad,PMGSY-I,177.0,6.0,174.0,6.0,3.0,0.0,418.395,163.28082,402.179,204.4024,10.56,0.9612423666630815,1.0,0.7678600733038782,2.363813559322034,0.9830508474576272
Telangana,Medak,PMGSY-II,4.0,0.0,4.0,0.0,0.0,0.0,32.8,17.6255,31.112,14.8315,0.0,0.9485365853658537,0.8414796743354799,1.1272245953117253,8.2,1.0
Telangana,Medak,PMGSY-III,9.0,0.0,5.0,0.0,4.0,0.0,64.266,34.61625,44.721,28.5826,17.888,0.6958734011763607,0.8256989130827285,0.8427689441643236,7.140666666666667,0.5555555555555556
Telangana,Mulugu,RCPLWEA,52.0,16.0,14.0,5.0,38.0,11.0,259.64,308.80704,129.418,148.6066,128.79,0.4984517023571099,0.4812280186358446,1.0357911074465074,4.993076923076923,0.2692307692307692
Telangana,Mulugu,PMGSY-III,2.0,0.0,1.0,0.0,1.0,0.0,13.55,8.805,9.6,10.0687,3.0,0.7084870848708487,1.0,0.6195664566714494,6.775,0.5
Telangana,Nalgonda,PMGSY-I,128.0,11.0,128.0,11.0,0.0,0.0,618.22,139.1826,609.341,83.8783,0.0,0.9856377988418362,0.6026493254185508,1.6355080098319086,4.82984375,1.0
Telangana,Nalgonda,PMGSY-II,14.0,0.0,14.0,0.0,0.0,0.0,88.6,38.6273,86.467,30.2596,0.0,0.9759255079006772,0.7833734172463517,1.2457986018100646,6.328571428571428,1.0
Telangana,Nalgonda,PMGSY-III,20.0,6.0,6.0,1.0,14.0,5.0,134.721,93.76009,52.858,48.803,81.056,0.39235160071555286,0.5205093126510437,0.753784017268084,6.7360500000000005,0.3
Telangana,Narayanpet,PMGSY-I,26.0,1.0,26.0,1.0,0.0,0.0,122.97,22.2787,117.61,44.413,0.0,0.956412133040579,1.0,0.479760858045418,4.729615384615385,1.0
Telangana,Nirmal,PMGSY-III,8.0,3.0,2.0,0.0,6.0,3.0,65.29,43.44925,59.93,34.7035,5.26,0.9179047327308928,0.7987134415438701,1.1492291039407478,8.16125,0.25
Telangana,Nizamabad,PMGSY-I,194.0,10.0,194.0,10.0,0.0,0.0,444.95,67.6443,446.98,133.9151,0.0,1.0,1.0,0.5074328010171626,2.2935567010309277,1.0
Telangana,Nizamabad,PMGSY-III,15.0,4.0,10.0,0.0,5.0,4.0,104.393,66.5664,82.727,53.2116,19.965,0.7924573486728038,0.7993762618978943,0.9913446100980488,6.959533333333334,0.6666666666666666
Telangana,Ranga Reddy,PMGSY-II,7.0,2.0,7.0,2.0,0.0,0.0,64.62,39.096,60.159,36.0022,0.0,0.9309656453110491,0.9208665848168612,1.0109669094966631,9.231428571428571,1.0
Telangana,Siddipet,PMGSY-III,13.0,6.0,3.0,0.0,10.0,6.0,112.806,92.27847,34.228,74.3662,77.268,0.30342357676010145,0.8058889576300952,0.37650792195042526,8.677384615384614,0.23076923076923078
Telangana,Suryapet,PMGSY-I,92.0,0.0,92.0,0.0,0.0,0.0,404.38,82.0688,394.4,164.8189,0.0,0.9753202433354765,1.0,0.4856443161934132,4.395434782608696,1.0
Telangana,Wanaparthy,PMGSY-I,25.0,2.0,25.0,2.0,0.0,0.0,106.049,20.8285,101.24,9.949,0.0,0.9546530377467018,0.47766281777372355,1.9985918983523145,4.241960000000001,1.0
Telangana,Yadadri Bhongiri,PMGSY-I,61.0,1.0,61.0,1.0,0.0,0.0,260.179,40.5621,267.105,,0.0,1.0,,,4.265229508196721,1.0
Telangana,Yadadri Bhongiri,PMGSY-III,15.0,5.0,12.0,3.0,3.0,2.0,69.49,60.61963,50.561,36.0773,15.15,0.7276010936825443,0.5951422006369884,1.2225667964795361,4.632666666666666,0.8
Tripura,Khowai,PM-JANMAN,2.0,0.0,0.0,0.0,2.0,0.0,4.133,3.87799,0.0,0.0,4.133,0.0,0.0,,2.0665,0.0
Tripura,North Tripura,PMGSY-II,4.0,0.0,4.0,0.0,0.0,0.0,20.642,20.93553,20.642,21.8013,0.0,1.0,1.0,0.9602881479544797,5.1605,1.0
Tripura,Sepahijala,PMGSY-III,15.0,0.0,0.0,0.0,15.0,0.0,114.393,101.17027,0.0,0.0,114.393,0.0,0.0,,7.6262,0.0
Tripura,Unakoti,PMGSY-I,82.0,7.0,80.0,6.0,2.0,1.0,276.206,187.76862,263.809,172.0437,3.951,0.9551168330883472,0.9162537382444415,1.0424152101342234,3.3683658536585366,0.975609756097561
Tripura,West Tripura,PMGSY-III,12.0,0.0,1.0,0.0,11.0,0.0,88.035,87.10655,35.764,48.0089,52.271,0.4062475151928211,0.5511514346510107,0.7370887375990542,7.33625,0.08333333333333333
Uttar Pradesh,Agra,PMGSY-II,16.0,0.0,16.0,0.0,0.0,0.0,122.005,101.2449,120.971,79.9269,0.0,0.9915249375025614,0.7894412459294247,1.25598319395539,7.6253125,1.0
Uttar Pradesh,Agra,PMGSY-III,47.0,0.0,46.0,0.0,1.0,0.0,393.52,308.27603,385.837,247.7093,0.4,0.98047621467778,0.8035308486358801,1.220209798220308,8.372765957446807,0.9787234042553191
Uttar Pradesh,Aligarh,PMGSY-II,11.0,0.0,11.0,0.0,0.0,0.0,105.85,54.49746,105.85,48.1263,0.0,1.0,0.8830925331198922,1.1323841641680328,9.622727272727273,1.0
Uttar Pradesh,Ambedkarnagar,PMGSY-I,204.0,0.0,204.0,0.0,0.0,0.0,584.768,179.7895,572.209,168.0181,0.0,0.9785231065995402,0.9345267660235999,1.0470787377906192,2.8665098039215686,1.0
Uttar Pradesh,Ambedkarnagar,PMGSY-III,27.0,0.0,27.0,0.0,0.0,0.0,181.33,132.15772,176.733,113.4394,0.0,0.9746484310373352,0.8583637792782745,1.135472458841209,6.7159259259259265,1.0
Uttar Pradesh,Ayodhya,PMGSY-II,13.0,0.0,13.0,0.0,0.0,0.0,94.1,66.2903,93.87,59.98,0.0,0.9975557917109459,0.9048080940952145,1.1025053801143068,7.238461538461538,1.0
Uttar Pradesh,Azamgarh,PMGSY-I,370.0,0.0,370.0,0.0,0.0,0.0,1023.18,281.2348,1011.782,262.8165,0.0,0.9888602200981256,0.9345091716956793,1.0581599946245852,2.765351351351351,1.0
Uttar Pradesh,Azamgarh,PMGSY-III,81.0,0.0,68.0,0.0,13.0,0.0,561.83,449.77695,531.245,329.5155,22.51,0.9455618247512593,0.7326198018817993,1.2906582955067545,6.936172839506173,0.8395061728395061
Uttar Pradesh,Banda,PMGSY-I,141.0,0.0,141.0,0.0,0.0,0.0,469.34,134.1771,455.706,142.1612,0.0,0.970950696723058,1.0,0.916419872154142,3.3286524822695034,1.0
Uttar Pradesh,Banda,PMGSY-II,12.0,0.0,12.0,0.0,0.0,0.0,97.62,56.1237,96.65,52.8161,0.0,0.9900635115754969,0.9410658955129473,1.0520660841033267,8.135,1.0
Uttar Pradesh,Bareilly,PMGSY-II,9.0,0.0,9.0,0.0,0.0,0.0,85.25,41.12541,83.25,41.1244,0.0,0.9765395894428153,0.999975440974327,0.9765635728926733,9.472222222222221,1.0
Uttar Pradesh,Basti,PMGSY-III,34.0,0.0,34.0,0.0,0.0,0.0,245.1,169.9057,244.094,149.0327,0.0,0.9958955528355773,0.8771495011644695,1.135377209373619,7.208823529411765,1.0
Uttar Pradesh,Chandauli,PMGSY-I,239.0,0.0,239.0,0.0,0.0,0.0,720.77,178.6437,697.004,159.8467,0.0,0.9670269295336932,0.8947793848873484,1.0807434166081515,3.015774058577406,1.0
Uttar Pradesh,Chandauli,RCPLWEA,7.0,0.0,7.0,0.0,0.0,0.0,80.925,45.6326,80.55,43.1226,0.0,0.995366079703429,0.9449954637693229,1.0533024949486973,11.560714285714285,1.0
Uttar Pradesh,Etawah,PMGSY-II,18.0,0.0,18.0,0.0,0.0,0.0,108.6,65.9403,106.1,55.1888,0.0,0.9769797421731123,0.8369509996163197,1.1673081729049675,6.033333333333333,1.0
Uttar Pradesh,Ghaziabad,PMGSY-III,10.0,0.0,10.0,0.0,0.0,0.0,71.19,41.1063,63.531,32.5451,0.0,0.8924146649810367,0.7917302214015857,1.1271701406082633,7.119,1.0
Uttar Pradesh,Gonda,PMGSY-I,232.0,0.0,232.0,0.0,0.0,0.0,683.49,218.8356,679.896,209.6878,0.0,0.9947416933678619,0.9581978434952997,1.0381381049024887,2.9460775862068966,1.0
Uttar Pradesh,Gorakhpur,PMGSY-I,318.0,0.0,318.0,0.0,0.0,0.0,921.37,332.4885,908.531,304.686,0.0,0.9860653157797626,0.9163805665459106,1.0760434603022115,2.8973899371069183,1.0
Uttar Pradesh,Gorakhpur,PMGSY-II,13.0,0.0,13.0,0.0,0.0,0.0,101.05,56.65087,101.05,48.8768,0.0,1.0,0.8627722751654123,1.1590543979965955,7.773076923076923,1.0
Uttar Pradesh,Gorakhpur,PMGSY-III,46.0,0.0,38.0,0.0,8.0,0.0,266.2,207.6344,240.434,142.3848,24.99,0.9032081141998498,0.6857476410459924,1.3171144312245218,5.78695652173913,0.8260869565217391
Uttar Pradesh,Hardoi,PMGSY-II,13.0,0.0,13.0,0.0,0.0,0.0,107.55,70.74885,106.535,61.5132,0.0,0.9905625290562529,0.869458655511715,1.139286523605039,8.273076923076923,1.0
Uttar Pradesh,Hardoi,PMGSY-III,67.0,0.0,67.0,0.0,0.0,0.0,480.658,350.96026,474.698,313.1635,0.0,0.9876003312126292,0.892304729885942,1.106797149152026,7.174,1.0
Uttar Pradesh,J.B.F.Nagar,PMGSY-II,15.0,0.0,15.0,0.0,0.0,0.0,106.62,52.59766,95.061,41.7657,0.0,0.8915869442881261,0.7940600399333355,1.1228205670228393,7.1080000000000005,1.0
Uttar Pradesh,Jalaun,PMGSY-III,21.0,0.0,21.0,0.0,0.0,0.0,144.845,92.99378,141.845,66.265,0.0,0.9792882046325382,0.7125745399315955,1.3742958101289253,6.897380952380952,1.0
Uttar Pradesh,Kannauj,PMGSY-I,216.0,0.0,216.0,0.0,0.0,0.0,523.625,148.1651,513.177,146.1985,0.0,0.9800467892098353,0.9867269687665989,0.9932299615109195,2.424189814814815,1.0
Uttar Pradesh,Kanpur Dehat,PMGSY-II,11.0,0.0,11.0,0.0,0.0,0.0,111.745,99.67319,110.785,78.3722,0.0,0.9914090115888854,0.7862916798388815,1.2608667203397528,10.158636363636363,1.0
Uttar Pradesh,Kanpur Nagar,PMGSY-I,272.0,0.0,272.0,0.0,0.0,0.0,574.447,128.8868,570.636,124.1542,0.0,0.9933657935370886,0.9632809566224005,1.0312316325863806,2.1119375,1.0
Uttar Pradesh,Kushinagar,PMGSY-I,289.0,0.0,289.0,0.0,0.0,0.0,1041.804,357.591,1036.11,330.9882,0.0,0.9945344805740809,0.9256055102057937,1.0744690579391234,3.6048581314878896,1.0
Uttar Pradesh,Lakhimpur-Kherii,PMGSY-I,342.0,0.0,342.0,0.0,0.0,0.0,941.685,281.3176,914.702,257.8866,0.0,0.9713460445902824,0.9167097970407823,1.059600374868765,2.753464912280702,1.0
Uttar Pradesh,Lakhimpur-Kherii,PMGSY-II,13.0,0.0,13.0,0.0,0.0,0.0,93.825,59.505,92.27,52.9726,0.0,0.9834265920596855,0.8902209898327871,1.1046993985666476,7.217307692307693,1.0
Uttar Pradesh,Lakhimpur-Kherii,PMGSY-III,40.0,1.0,39.0,0.0,1.0,1.0,385.833,331.25322,366.908,295.1527,13.99,0.9509502815985154,0.891018357497023,1.067262277591955,9.645825,0.975
Uttar Pradesh,Lalitpur,PMGSY-III,18.0,0.0,15.0,0.0,3.0,0.0,157.17,132.22589,153.212,100.093,3.82,0.9748170770503277,0.7569848839739328,1.2877629364708636,8.731666666666666,0.8333333333333334
Uttar Pradesh,Lucknow,PMGSY-III,20.0,0.0,20.0,0.0,0.0,0.0,155.615,121.82107,154.996,105.0889,0.0,0.9960222343604408,0.8626496221056011,1.154608092135132,7.78075,1.0
Uttar Pradesh,Mahoba,PMGSY-III,14.0,0.0,12.0,0.0,2.0,0.0,115.82,78.48959,113.139,67.102,2.231,0.9768520117423588,0.8549159194231999,1.142629338802613,8.272857142857143,0.8571428571428571
Uttar Pradesh,Mainpuri,PMGSY-II,11.0,0.0,11.0,0.0,0.0,0.0,96.15,59.7914,93.331,48.2654,0.0,0.9706812272490899,0.8072298022792576,1.2024843786841346,8.740909090909092,1.0
Uttar Pradesh,Mau,PMGSY-II,11.0,0.0,11.0,0.0,0.0,0.0,109.0,55.55237,107.36,54.635,0.0,0.984954128440367,0.9834863931097808,1.0014923799056794,9.909090909090908,1.0
Uttar Pradesh,Meerut,PMGSY-II,14.0,0.0,14.0,0.0,0.0,0.0,98.601,43.6994,90.402,38.5693,0.0,0.9168466851248973,0.8826047954891829,1.0387964010740909,7.042928571428571,1.0
Uttar Pradesh,Meerut,PMGSY-III,23.0,0.0,23.0,0.0,0.0,0.0,203.857,111.6808,195.207,90.2045,0.0,0.9575682954227718,0.8076992643319173,1.1855505355880416,8.863347826086956,1.0
Uttar Pradesh,Moradabad,PMGSY-II,12.0,0.0,12.0,0.0,0.0,0.0,90.989,44.6565,87.899,40.6243,0.0,0.9660398509709964,0.9097063137505178,1.0619249711351655,7.582416666666667,1.0
Uttar Pradesh,Muzaffarnagar,PMGSY-II,12.0,0.0,12.0,0.0,0.0,0.0,105.85,52.16453,105.85,46.1786,0.0,1.0,0.8852490379957416,1.1296256274551415,8.820833333333333,1.0
Uttar Pradesh,Pratapgarh,PMGSY-II,15.0,0.0,15.0,0.0,0.0,0.0,95.1,58.1514,95.0,55.196,0.0,0.9989484752891693,0.9491774918574617,1.0524359077819154,6.34,1.0
Uttar Pradesh,Prayagraj,PMGSY-II,16.0,0.0,16.0,0.0,0.0,0.0,116.4,87.32012,116.38,76.9368,0.0,0.999828178694158,0.8810890319436117,1.1347640731477695,7.275,1.0
Uttar Pradesh,Rae Bareli,PMGSY-II,12.0,0.0,12.0,0.0,0.0,0.0,116.9,87.66288,116.0,75.5848,0.0,0.9923011120615911,0.8622212731317976,1.150865958638798,9.741666666666667,1.0
Uttar Pradesh,Rae Bareli,PMGSY-III,67.0,0.0,61.0,0.0,6.0,0.0,493.58,414.98825,469.519,313.6778,19.875,0.9512520766643705,0.7558715216635652,1.2584838155706681,7.366865671641791,0.9104477611940298
Uttar Pradesh,S.R. Nagar(Bhadohi),PMGSY-I,155.0,0.0,155.0,0.0,0.0,0.0,361.535,93.3095,352.84,82.2786,0.0,0.9759497697318377,0.881781597800867,1.106793079109184,2.3324838709677422,1.0
Uttar Pradesh,Sambhal,PMGSY-III,26.0,0.0,26.0,0.0,0.0,0.0,189.365,132.8244,184.985,104.3768,0.0,0.9768700657460461,0.7858254959179187,1.2431132240179725,7.283269230769231,1.0
Uttar Pradesh,Shahjahanpur,PMGSY-I,296.0,0.0,296.0,0.0,0.0,0.0,987.46,353.0337,961.85,347.2636,0.0,0.974064772243939,0.9836556679999671,0.9902497428032627,3.336013513513514,1.0
Uttar Pradesh,Shahjahanpur,PMGSY-II,13.0,0.0,13.0,0.0,0.0,0.0,109.6,68.09171,106.005,60.8477,0.0,0.967198905109489,0.8936139215772375,1.0823453862517867,8.430769230769231,1.0
Uttar Pradesh,Siddharathnagar,PMGSY-III,43.0,0.0,43.0,0.0,0.0,0.0,313.788,270.3367,313.003,241.5506,0.0,0.9974983109615408,0.8935176023085286,1.1163723113952801,7.29739534883721,1.0
Uttar Pradesh,Unnao,PMGSY-II,14.0,0.0,14.0,0.0,0.0,0.0,110.985,70.91764,110.646,68.1818,0.0,0.9969455331801595,0.9614222921123713,1.0369486347042558,7.9275,1.0
Uttarakhand,Chamoli,PMGSY-II,9.0,3.0,9.0,3.0,0.0,0.0,92.015,73.2904,91.495,79.5079,0.0,0.9943487474868229,1.0,0.9165908977951656,10.223888888888888,1.0
Uttarakhand,Haridwar,PMGSY-III,15.0,0.0,11.0,0.0,4.0,0.0,108.195,64.4125,96.11,51.9235,11.61,0.8883035260409446,0.8061090626819328,1.1019644452148323,7.212999999999999,0.7333333333333333
Uttarakhand,Pauri,PMGSY-I,271.0,16.0,271.0,14.0,0.0,2.0,2014.619,931.72223,1992.73,931.4248,0.0,0.9891349183145797,0.9996807739577063,0.9894507767700924,7.434018450184501,1.0
Uttarakhand,Pauri,PMGSY-III,35.0,0.0,24.0,0.0,11.0,0.0,423.942,303.7155,403.532,234.3459,20.177,0.9518566218963914,0.7715967739545726,1.2336192348471788,12.112628571428571,0.6857142857142857
Uttarakhand,Pithoragarh,PMGSY-I,233.0,44.0,224.0,39.0,9.0,5.0,2154.874,1281.8412,2089.819,1227.331,15.548,0.9698102998133534,0.9574750756958037,1.012883075947001,9.24838626609442,0.9613733905579399
Uttarakhand,Rudraprayag,PMGSY-I,135.0,26.0,129.0,21.0,6.0,5.0,1292.89,675.7518,1262.473,682.2498,11.65,0.9764736365816117,1.0,0.9671733396954749,9.576962962962964,0.9555555555555556
West Bengal,Bankura,PMGSY-I,691.0,0.0,691.0,0.0,0.0,0.0,3150.821,1420.37671,3138.29,1171.7289,0.0,0.9960229413222776,0.8249423492729616,1.2073849065938884,4.559798842257598,1.0
West Bengal,Birbhum,PMGSY-II,7.0,0.0,7.0,0.0,0.0,0.0,76.75,61.97305,76.221,59.7094,0.0,0.9931074918566776,0.9634736389446703,1.030757305352398,10.964285714285714,1.0
West Bengal,Cooch-Behar,PMGSY-III,24.0,0.0,1.0,0.0,23.0,0.0,194.774,162.63756,4.87,28.486,189.9,0.025003337201063798,0.17515019285827949,0.1427536949462278,8.115583333333333,0.041666666666666664
West Bengal,Dakshin Dinajpur,PMGSY-II,8.0,1.0,8.0,1.0,0.0,0.0,88.04,70.64917,86.1,65.8269,0.0,0.9779645615629258,0.9317434302483666,1.0496071448577196,11.005,1.0
West Bengal,Darjeeling,PMGSY-III,14.0,0.0,2.0,0.0,12.0,0.0,108.784,85.9858,8.297,15.4514,100.487,0.07627040741285483,0.1796971127790868,0.42443869149204944,7.7702857142857145,0.14285714285714285
West Bengal,Hooghly,PMGSY-I,342.0,0.0,342.0,0.0,0.0,0.0,1464.638,670.87733,1451.536,620.4719,0.0,0.9910544448525849,0.9248663984517109,1.071564981181798,4.282567251461988,1.0
West Bengal,Kalimpong,PMGSY-I,80.0,2.0,80.0,2.0,0.0,0.0,432.841,290.8624,427.362,285.1607,0.0,0.9873417721518988,0.9803972600102318,1.0070833655140923,5.4105125,1.0
West Bengal,Kalimpong,PMGSY-III,9.0,0.0,0.0,0.0,9.0,0.0,66.097,51.2233,0.0,4.0126,66.097,0.0,0.07833544500256719,0.0,7.34411111111111,0.0
West Bengal,Purba Medinipur,PMGSY-I,202.0,4.0,202.0,4.0,0.0,0.0,1304.068,658.48287,1290.698,609.6855,0.0,0.9897474671566208,0.9258942453582734,1.0689638391408725,6.455782178217822,1.0
West Bengal,Purulia,PMGSY-I,415.0,0.0,415.0,0.0,0.0,0.0,2217.411,870.67731,2208.023,672.5263,0.0,0.9957662336842381,0.7724173953723452,1.2891556296505042,5.343159036144579,1.0
West Bengal,South 24-Parganas,PMGSY-I,312.0,0.0,312.0,0.0,0.0,0.0,1603.63,838.973,1559.633,804.2258,0.0,0.9725641201524042,0.958583649295031,1.0145845079536406,5.139839743589744,1.0
Andaman And Nicobar,North and Middle Andaman,PMGSY-II,24.0,0.0,0.0,0.0,24.0,0.0,54.67,27.7646,20.34,10.6507,34.33,0.37205048472654106,0.38360718324773274,0.9698736128365761,2.2779166666666666,0.0
Andaman And Nicobar,South Andaman,PMGSY-I,32.0,0.0,32.0,0.0,0.0,0.0,40.146,18.5375,39.287,11.6894,0.0,0.9786030986897822,0.6305812542144301,1.5519064230808972,1.2545625,1.0
Andhra Pradesh,Alluri Sitharama Raju,PM-JANMAN,167.0,0.0,2.0,0.0,165.0,0.0,483.64,442.64179,8.15,0.0,475.5,0.016851377057315358,0.0,,2.8960479041916165,0.011976047904191617
Andhra Pradesh,Anantapur,PMGSY-III,16.0,5.0,14.0,0.0,2.0,5.0,145.623,109.8399,137.715,89.0482,3.192,0.9456953915246905,0.8107090410679543,1.1665040644901623,9.1014375,0.875
Andhra Pradesh,Bapatla,PMGSY-I,128.0,13.0,128.0,13.0,0.0,0.0,320.363,78.5873,305.542,75.079,0.0,0.9537368547553867,0.9553579267896976,0.9983031783284008,2.5028359375,1.0
Andhra Pradesh,Dr BR Ambedkar Konaseema,PMGSY-I,209.0,8.0,209.0,8.0,0.0,0.0,443.65,126.9822,427.215,141.9707,0.0,0.9629550321199143,1.0,0.8612914388649023,2.1227272727272726,1.0
Andhra Pradesh,Dr BR Ambedkar Konaseema,PMGSY-II,6.0,0.0,6.0,0.0,0.0,0.0,47.223,24.736,45.354,20.979,0.0,0.9604218283463567,0.8481161060802069,1.1324178629093609,7.8705,1.0
Andhra Pradesh,East Godavari,PMGSY-III,9.0,0.0,7.0,0.0,2.0,0.0,55.732,28.9171,43.527,21.7286,12.2,0.7810055264480011,0.7514100653246695,1.0393865646589975,6.192444444444444,0.7777777777777778
Andhra Pradesh,Eluru,PMGSY-I,175.0,2.0,175.0,2.0,0.0,0.0,421.675,99.6221,417.125,114.8553,0.0,0.989209699413055,1.0,0.8580113202951654,2.4095714285714287,1.0
Andhra Pradesh,Guntur,PMGSY-I,109.0,1.0,109.0,1.0,0.0,0.0,266.58,50.3647,273.22,49.8978,0.0,1.0,0.9907296181651036,1.0344982892800914,2.4456880733944955,1.0
Andhra Pradesh,Kakinada,RCPLWEA,3.0,0.0,3.0,0.0,0.0,0.0,19.47,12.19,19.47,10.7893,0.0,1.0,0.8850943396226416,1.129823065444468,6.489999999999999,1.0
Andhra Pradesh,Krishna,PMGSY-I,159.0,5.0,159.0,5.0,0.0,0.0,368.9,89.007,358.31,87.323,0.0,0.9712930333423693,0.9810801397642881,0.9900241519268036,2.320125786163522,1.0
Andhra Pradesh,Kurnool,PMGSY-III,11.0,1.0,11.0,0.0,0.0,1.0,102.633,53.8026,96.916,41.6154,0.0,0.9442966687127922,0.77348306587414,1.220836900476431,9.330272727272726,1.0
Andhra Pradesh,Ntr,PMGSY-I,68.0,4.0,68.0,4.0,0.0,0.0,162.8,36.6868,156.83,37.4292,0.0,0.9633292383292383,1.0,0.9442218134701543,2.394117647058824,1.0
Andhra Pradesh,Parvathipuram Manyam,RCPLWEA,55.0,10.0,43.0,8.0,12.0,2.0,385.484,353.27394,307.091,291.7181,71.684,0.7966374739288791,0.8257560690720634,0.9647370497973982,7.0088,0.7818181818181819
Andhra Pradesh,Srikakulam,PM-JANMAN,6.0,0.0,0.0,0.0,6.0,0.0,13.7,10.24,0.0,0.0,13.7,0.0,0.0,,2.283333333333333,0.0
Andhra Pradesh,Tirupati,PMGSY-III,20.0,7.0,19.0,0.0,1.0,7.0,139.514,124.52347,136.29,50.4769,0.217,0.9768912080508048,0.40536053163311303,2.409931731920505,6.975700000000001,0.95
Andhra Pradesh,Visakhapatnam,PMGSY-I,49.0,1.0,49.0,1.0,0.0,0.0,84.052,23.2047,79.283,20.176,0.0,0.9432613144244039,0.8694790279555434,1.0848580403858032,1.7153469387755103,1.0
Andhra Pradesh,Y S R Kadapa,PMGSY-II,10.0,0.0,10.0,0.0,0.0,0.0,63.67,28.4113,62.345,28.3906,0.0,0.9791895712266373,0.9992714166546409,0.9799035126059809,6.367,1.0
Arunachal Pradesh,Changlang,PMGSY-II,1.0,0.0,1.0,0.0,0.0,0.0,3.7,3.5192,3.7,3.4336,0.0,1.0,0.9756762900659242,1.0249301025163093,3.7,1.0
Arunachal Pradesh,Dibang Valley,PMGSY-I,16.0,0.0,13.0,0.0,3.0,0.0,201.68,203.992,197.68,178.7607,4.0,0.9801666005553352,0.8763123063649556,1.1185128788401697,12.605,0.8125
Arunachal Pradesh,East Kameng,PMGSY-I,113.0,16.0,103.0,15.0,10.0,1.0,1911.37,1286.0398,1793.88,1312.236,104.65,0.938531001323658,1.0,0.919795083533813,16.914778761061946,0.911504424778761
Arunachal Pradesh,East Siang,PMGSY-I,23.0,1.0,23.0,1.0,0.0,0.0,51.925,25.3767,51.925,25.103,0.0,1.0,0.9892145156777675,1.0109030793132294,2.257608695652174,1.0
Arunachal Pradesh,Kamale,PMGSY-I,24.0,5.0,24.0,5.0,0.0,0.0,307.16,212.0949,310.66,214.0637,0.0,1.0,1.0,1.0020926503799374,12.798333333333334,1.0
Arunachal Pradesh,Kra Daadi,PMGSY-I,49.0,18.0,43.0,14.0,6.0,4.0,1141.642,926.1711,1018.92,919.6231,118.472,0.8925039548299729,0.9929300320426755,0.8988588581552881,23.298816326530613,0.8775510204081632
Arunachal Pradesh,Kra Daadi,PMGSY-II,2.0,0.0,2.0,0.0,0.0,0.0,11.0,10.6034,11.0,11.3703,0.0,1.0,1.0,0.9325523513011971,5.5,1.0
Arunachal Pradesh,Kurung Kumey,PMGSY-II,2.0,0.0,1.0,0.0,1.0,0.0,62.0,50.62418,38.0,39.9284,24.0,0.6129032258064516,0.7887219111499683,0.7770840611145564,31.0,0.5
Arunachal Pradesh,Lohit,PMGSY-I,14.0,0.0,14.0,0.0,0.0,0.0,48.9,12.5042,49.13,12.2983,0.0,1.0,0.9835335327330016,1.0215243741520332,3.492857142857143,1.0
Arunachal Pradesh,Longding,PMGSY-III,18.0,0.0,0.0,0.0,18.0,0.0,147.27,137.28173,23.6,64.4791,123.67,0.16024988117063896,0.469684494797669,0.3411862280863061,8.181666666666667,0.0
Arunachal Pradesh,Lower Siang,PMGSY-III,6.0,14.0,0.0,4.0,6.0,10.0,92.922,129.3545,11.2,71.1879,81.722,0.12053119820925076,0.5503318400210274,0.2190154910983261,15.487,0.0
Arunachal Pradesh,Namsai,PMGSY-II,6.0,0.0,6.0,0.0,0.0,0.0,20.17,7.8604,20.17,7.5789,0.0,1.0,0.9641875731514935,1.037142593252319,3.361666666666667,1.0
Arunachal Pradesh,Tawang,PMGSY-III,6.0,0.0,0.0,0.0,6.0,0.0,37.62,37.9503,5.67,15.4825,31.95,0.1507177033492823,0.4079677894509398,0.3694353016254654,6.27,0.0
Arunachal Pradesh,Upper Siang,PMGSY-I,45.0,17.0,42.0,15.0,3.0,2.0,556.19,412.68226,523.795,432.7326,27.2,0.9417555152016396,1.0,0.8981199807476417,12.35977777777778,0.9333333333333333
Arunachal Pradesh,West Kameng,PMGSY-II,2.0,0.0,2.0,0.0,0.0,0.0,8.22,3.9595,8.19,4.4121,0.0,0.9963503649635035,1.0,0.8941432129990237,4.11,1.0
Assam,Baksa,PMGSY-I,300.0,57.0,297.0,55.0,3.0,2.0,1007.206,667.20473,1002.424,698.9472,2.77,0.9952522125563191,1.0,0.9500531424412912,3.357353333333333,0.99
Assam,Bongaigaon,PMGSY-II,4.0,1.0,4.0,1.0,0.0,0.0,19.904,14.2269,19.904,14.04,0.0,1.0,0.9868629146194884,1.0133119658119658,4.976,1.0
Assam,Cachar,PMGSY-I,277.0,43.0,277.0,43.0,0.0,0.0,1056.937,647.85356,1031.497,678.6538,0.0,0.9759304480777947,1.0,0.9316385100909984,3.815657039711191,1.0
Assam,Cachar,PMGSY-II,13.0,5.0,13.0,5.0,0.0,0.0,127.789,96.8147,127.789,96.8282,0.0,1.0,1.0,0.9998605778068786,9.829923076923077,1.0
Assam,Chirang,PMGSY-III,7.0,2.0,7.0,2.0,0.0,0.0,50.91,36.6659,50.91,36.3479,0.0,1.0,0.9913270913846381,1.0087487860371576,7.272857142857142,1.0
Assam,Darrang,PMGSY-III,18.0,4.0,14.0,2.0,4.0,2.0,127.182,103.81488,105.45,81.8359,19.387,0.8291267632212106,0.7882868043579109,1.051808502486053,7.065666666666667,0.7777777777777778
Assam,Golaghat,PMGSY-I,304.0,5.0,304.0,5.0,0.0,0.0,1204.084,611.48229,1203.511,624.9292,0.0,0.999524119579697,1.0,0.9780168658318845,3.9608026315789475,1.0
Assam,Hailakandi,PMGSY-I,111.0,7.0,111.0,7.0,0.0,0.0,387.395,272.3226,380.831,301.7354,0.0,0.9830560538984758,1.0,0.8872289447753664,3.490045045045045,1.0
Assam,Hailakandi,PMGSY-II,2.0,0.0,2.0,0.0,0.0,0.0,17.3,14.218,17.3,14.1288,0.0,1.0,0.993726262484175,1.0063133457901592,8.65,1.0
Assam,Hailakandi,PMGSY-III,19.0,0.0,14.0,0.0,5.0,0.0,131.043,75.45408,91.538,48.8162,39.401,0.6985340689697275,0.6469656776677948,1.079708078932144,6.897,0.7368421052631579
Assam,Kokrajhar,PMGSY-I,220.0,33.0,220.0,33.0,0.0,0.0,735.645,586.70618,734.945,589.5758,0.0,0.9990484540777143,1.0,0.9941858233103211,3.343840909090909,1.0
Assam,Kokrajhar,PMGSY-II,7.0,1.0,7.0,1.0,0.0,0.0,31.725,18.8913,31.725,17.6913,0.0,1.0,0.9364786965428529,1.0678299503145616,4.5321428571428575,1.0
Assam,Nowgaon,PMGSY-I,862.0,46.0,862.0,46.0,0.0,0.0,2200.263,1158.28563,2191.611,1238.8295,0.0,0.9960677428107458,1.0,0.9313072969316785,2.552509280742459,1.0
Assam,Nowgaon,PMGSY-II,18.0,5.0,18.0,5.0,0.0,0.0,134.856,93.0606,130.503,85.3925,0.0,0.9677211247552945,0.9176010040769134,1.0546208215288526,7.492,1.0
Assam,Sibsagar,PMGSY-III,27.0,4.0,17.0,1.0,10.0,3.0,130.307,81.02929,105.865,58.2012,24.447,0.8124275748808584,0.7182736020518012,1.1310837159546159,4.826185185185185,0.6296296296296297
Assam,Tinsukia,PMGSY-III,18.0,3.0,17.0,3.0,1.0,0.0,140.04,95.80004,139.35,90.3234,0.23,0.9950728363324765,0.9428325917191684,1.0554077628119036,7.779999999999999,0.9444444444444444
Assam,Udalguri,PMGSY-I,172.0,78.0,172.0,78.0,0.0,0.0,785.389,599.83257,785.255,635.6597,0.0,0.9998293839103934,1.0,0.9434768775061373,4.56621511627907,1.0
Bihar,Aurangabad,PMGSY-I,880.0,18.0,875.0,18.0,5.0,0.0,2540.884,1313.73406,2504.428,1197.4296,9.619,0.9856522375677126,0.9114703169072133,1.0813870943293165,2.887368181818182,0.9943181818181818
Bihar,Aurangabad,PMGSY-II,4.0,0.0,4.0,0.0,0.0,0.0,24.73,15.9788,24.73,14.5227,0.0,1.0,0.9088730067339225,1.1002637250648983,6.1825,1.0
Bihar,Banka,PMGSY-I,488.0,69.0,486.0,69.0,2.0,0.0,1614.395,870.77704,1582.819,786.849,3.14,0.9804409701467113,0.9036170728617282,1.0850182002888504,3.308186475409836,0.9959016393442623
Bihar,Banka,PMGSY-II,5.0,0.0,5.0,0.0,0.0,0.0,57.16,24.2928,57.16,23.4551,0.0,1.0,0.9655165316472372,1.035715047047337,11.431999999999999,1.0
Bihar,Banka,PMGSY-III,31.0,8.0,28.0,0.0,3.0,8.0,294.545,226.71837,280.515,145.7523,9.67,0.9523672104432259,0.6428782105305362,1.4814115564086134,9.501451612903226,0.9032258064516129
Bihar,Buxar,PMGSY-III,4.0,0.0,3.0,0.0,1.0,0.0,48.477,37.10216,27.908,15.2034,19.525,0.5756956907399385,0.4097712909437079,1.4049195330744253,12.11925,0.75
Bihar,Chapra(Saran),PMGSY-II,18.0,0.0,18.0,0.0,0.0,0.0,63.492,25.39787,63.042,28.1169,0.0,0.992912492912493,1.0,0.8968934134405792,3.527333333333333,1.0
Bihar,Jahanabad,PMGSY-III,5.0,0.0,4.0,0.0,1.0,0.0,46.094,26.11107,43.6,27.8212,2.497,0.945893174816679,1.0,0.8877504528978097,9.2188,0.8
Bihar,Jamui,PMGSY-I,541.0,54.0,533.0,52.0,8.0,2.0,1846.65,1010.15891,1771.285,892.2771,13.503,0.9591882598218395,0.8833036972371011,1.0859099342865868,3.4134011090573013,0.9852125693160814
Bihar,Khagaria,PMGSY-I,181.0,32.0,176.0,30.0,5.0,2.0,595.22,434.92495,547.923,400.7915,10.229,0.9205386243741809,0.9215187585812218,0.9989363925607441,3.2885082872928177,0.9723756906077348
Bihar,Khagaria,PMGSY-II,3.0,0.0,3.0,0.0,0.0,0.0,14.967,6.5288,14.952,7.004,0.0,0.9989977951493285,1.0,0.9312188470832291,4.989,1.0
Bihar,Lakhisarai,RCPLWEA,1.0,0.0,1.0,0.0,0.0,0.0,16.415,14.40069,16.415,13.7912,0.0,1.0,0.9576763335645722,1.044194123789083,16.415,1.0
Bihar,Munger,PMGSY-I,185.0,3.0,185.0,3.0,0.0,0.0,457.382,204.65905,449.417,172.7916,0.0,0.9825856723701413,0.8442900521623646,1.1638010774301781,2.4723351351351353,1.0
Bihar,Muzaffarpur,RCPLWEA,25.0,16.0,24.0,13.0,1.0,3.0,358.548,521.57931,350.921,530.493,2.428,0.9787280921940716,1.0,0.9622828633067735,14.34192,0.96
Bihar,Nalanda,PMGSY-II,23.0,0.0,23.0,0.0,0.0,0.0,138.2,72.56586,137.158,73.689,0.0,0.9924602026049204,1.0,0.9773334977785056,6.0086956521739125,1.0
Bihar,Nawada,PMGSY-II,15.0,0.0,15.0,0.0,0.0,0.0,77.242,48.98508,77.203,52.1168,0.0,0.9994950933429999,1.0,0.9394350210875251,5.149466666666667,1.0
Bihar,Nawada,RCPLWEA,17.0,10.0,16.0,10.0,1.0,0.0,217.44,278.48476,203.584,213.1815,0.795,0.9362766740250185,0.7655050854488411,1.2230835455208613,12.790588235294118,0.9411764705882353
Bihar,Purnia,PMGSY-III,32.0,68.0,28.0,59.0,4.0,9.0,318.905,464.67789,295.846,473.7991,14.278,0.9276932001693295,1.0,0.9098339756703457,9.96578125,0.875
Bihar,Samastipur,PMGSY-III,18.0,13.0,16.0,8.0,2.0,5.0,152.698,155.25075,146.231,139.8815,3.156,0.9576484302348426,0.9010036988549168,1.0628684781781865,8.483222222222222,0.8888888888888888
Bihar,Sheohar,PMGSY-III,8.0,8.0,7.0,7.0,1.0,1.0,57.295,57.55317,52.342,51.7552,1.275,0.9135526660267038,0.8992588939931545,1.0158950577292352,7.161875,0.875
Bihar,Sitamarhi,PMGSY-III,19.0,24.0,18.0,11.0,1.0,13.0,137.915,174.19232,130.554,126.2021,0.4,0.9466265453358954,0.7244986460941562,1.3065953269053747,7.258684210526315,0.9473684210526315
Bihar,Siwan,PMGSY-I,501.0,4.0,501.0,4.0,0.0,0.0,1475.376,732.8235,1454.725,653.9316,0.0,0.9860028901107243,0.8923452918745101,1.1049566788652763,2.944862275449102,1.0
Bihar,Vaishali,PMGSY-I,496.0,9.0,496.0,9.0,0.0,0.0,1580.714,754.27234,1521.695,671.9618,0.0,0.9626630750407728,0.890874243114894,1.0805824531135537,3.186923387096774,1.0
Bihar,West Champaran,PMGSY-III,15.0,19.0,13.0,7.0,2.0,12.0,138.317,233.7442,121.798,105.2467,12.472,0.8805714409653188,0.4502644343688528,1.9556762065821132,9.221133333333334,0.8666666666666667
Chhattisgarh,Balodabazar,PMGSY-I,252.0,3.0,252.0,3.0,0.0,0.0,1116.63,332.6491,1084.9,305.6728,0.0,0.9715841415688277,0.918904635545384,1.0573285888281296,4.431071428571429,1.0
Chhattisgarh,Balodabazar,PMGSY-III,18.0,5.0,18.0,5.0,0.0,0.0,187.49,136.68489,186.0,102.6912,0.0,0.992052909488506,0.7512988451027761,1.3204504651578364,10.416111111111112,1.0
Chhattisgarh,Balrampur,PMGSY-III,17.0,2.0,17.0,2.0,0.0,0.0,188.595,94.09783,187.605,77.7054,0.0,0.994750656167979,0.8257937510354915,1.204599398966905,11.093823529411765,1.0
Chhattisgarh,Balrampur,PM-JANMAN,115.0,29.0,20.0,0.0,95.0,29.0,379.83,365.3677,110.51,0.0,267.22,0.2909459495037254,0.0,,3.302869565217391,0.17391304347826086
Chhattisgarh,Bastar,PMGSY-I,426.0,16.0,426.0,16.0,0.0,0.0,1993.505,671.0231,1928.808,725.1409,0.0,0.9675461059791672,1.0,0.8953374267360583,4.679589201877935,1.0
Chhattisgarh,Bemetra,PMGSY-II,6.0,0.0,6.0,0.0,0.0,0.0,56.45,32.1929,55.46,30.1534,0.0,0.9824623560673161,0.9366475216585023,1.0489136343709002,9.408333333333333,1.0
Chhattisgarh,Bijapur,PMGSY-II,1.0,0.0,1.0,0.0,0.0,0.0,41.35,35.9525,25.0,39.6026,0.0,0.6045949214026602,1.0,0.5488705012228778,41.35,1.0
Chhattisgarh,Bijapur,PMGSY-III,5.0,0.0,5.0,0.0,0.0,0.0,28.8,14.4354,28.8,13.7932,0.0,1.0,0.9555121437577068,1.0465591740857814,5.76,1.0
Chhattisgarh,Dantewada,RCPLWEA,17.0,3.0,14.0,2.0,3.0,1.0,156.525,192.4754,126.825,110.2658,29.7,0.8102539530426449,0.5728825605765724,1.4143456421978917,9.20735294117647,0.8235294117647058
Chhattisgarh,Dhamtari,PMGSY-III,18.0,0.0,18.0,0.0,0.0,0.0,150.432,85.8768,150.432,79.6452,0.0,1.0,0.9274355821362696,1.078242003284567,8.357333333333333,1.0
Chhattisgarh,Gaurella Pendra Marwahi,PMGSY-III,11.0,0.0,11.0,0.0,0.0,0.0,102.4,44.82817,102.4,42.662,0.0,1.0,0.9516783754500797,1.0507751629084432,9.30909090909091,1.0
Chhattisgarh,Jangir-Champa,PMGSY-I,369.0,0.0,369.0,0.0,0.0,0.0,1345.73,348.9464,1294.997,315.516,0.0,0.9623007586960237,0.9041961745414197,1.0642610373618013,3.6469647696476963,1.0
Chhattisgarh,Kondagaon,PMGSY-II,2.0,0.0,2.0,0.0,0.0,0.0,42.48,18.5461,42.48,23.4224,0.0,1.0,1.0,0.7918104037161008,21.24,1.0
Chhattisgarh,Kondagaon,PMGSY-III,27.0,4.0,27.0,4.0,0.0,0.0,269.89,191.5893,267.885,172.884,0.0,0.9925710474637816,0.9023677209531011,1.0999629357479739,9.995925925925926,1.0
Chhattisgarh,Koria,PMGSY-I,228.0,24.0,228.0,24.0,0.0,0.0,1249.56,400.405,1237.032,414.0229,0.0,0.9899740708729473,1.0,0.957412181422531,5.480526315789473,1.0
Chhattisgarh,Mahasamund,PMGSY-I,292.0,16.0,292.0,16.0,0.0,0.0,1151.28,348.5009,1102.227,324.4223,0.0,0.9573926412341047,0.9309080693909255,1.0284502548790961,3.9427397260273973,1.0
Chhattisgarh,Narayanpur,PM-JANMAN,28.0,5.0,4.0,0.0,24.0,5.0,197.781,187.94672,13.62,0.0,184.161,0.06886404659699363,0.0,,7.063607142857143,0.14285714285714285
Chhattisgarh,Raigarh,PMGSY-III,24.0,0.0,24.0,0.0,0.0,0.0,307.175,160.605,306.853,138.8714,0.0,0.9989517376088549,0.8646766912611688,1.1552893095242802,12.798958333333333,1.0
Chhattisgarh,Rajnandgaon,PMGSY-II,19.0,0.0,19.0,0.0,0.0,0.0,187.87,125.48176,184.96,114.7256,0.0,0.9845105658167882,0.9142810875461104,1.0768138805749232,9.887894736842105,1.0
Chhattisgarh,Rajnandgaon,PM-JANMAN,13.0,2.0,0.0,0.0,13.0,2.0,33.425,29.63175,1.5,0.0,31.925,0.04487658937920718,0.0,,2.571153846153846,0.0
Chhattisgarh,Sukma,PMGSY-II,1.0,0.0,1.0,0.0,0.0,0.0,40.4,22.0983,40.4,20.47,0.0,1.0,0.9263155989374748,1.0795456765999023,40.4,1.0
Chhattisgarh,Surajpur,PMGSY-I,260.0,21.0,260.0,21.0,0.0,0.0,1382.34,394.1963,1347.021,399.851,0.0,0.9744498459134512,1.0,0.9606691587482652,5.316692307692307,1.0
Gujarat,Anand,PMGSY-III,9.0,4.0,9.0,0.0,0.0,4.0,87.41,53.87667,86.78,36.0029,0.0,0.9927925866605652,0.6682465712895767,1.485668059238497,9.712222222222222,1.0
Gujarat,Bhavnagar,PMGSY-II,4.0,0.0,4.0,0.0,0.0,0.0,52.08,24.4094,52.08,16.5053,0.0,1.0,0.6761862233401885,1.478882540759635,13.02,1.0
Gujarat,Chhotaudepur,PMGSY-I,75.0,1.0,75.0,1.0,0.0,0.0,256.005,81.7572,253.505,87.9262,0.0,0.9902345657311381,1.0,0.9207586070749538,3.4133999999999998,1.0
Gujarat,Chhotaudepur,PMGSY-III,7.0,5.0,7.0,2.0,0.0,3.0,74.244,62.5979,73.63,56.7052,0.0,0.991729971445504,0.9058642542321707,1.0947887244829138,10.606285714285715,1.0
Gujarat,Dahod,PMGSY-I,744.0,0.0,744.0,0.0,0.0,0.0,1541.0,418.9183,1517.585,426.5685,0.0,0.9848053212199871,1.0,0.9671435443461739,2.071236559139785,1.0
Gujarat,Dahod,PMGSY-II,6.0,9.0,6.0,9.0,0.0,0.0,58.61,58.569,58.55,44.6707,0.0,0.9989762839105955,0.7627021120387918,1.3097856530647531,9.768333333333333,1.0
Gujarat,Devbhumi Dwarka,PMGSY-I,36.0,6.0,36.0,6.0,0.0,0.0,130.57,24.3744,130.57,23.1032,0.0,1.0,0.9478469213601155,1.0550226808407495,3.6269444444444443,1.0
Gujarat,Devbhumi Dwarka,PMGSY-III,6.0,7.0,6.0,0.0,0.0,7.0,56.558,43.24876,56.2,40.1234,0.0,0.9936702146469112,0.9277352691730353,1.0710708622004304,9.426333333333334,1.0
Gujarat,Gandhinagar,PMGSY-II,3.0,0.0,3.0,0.0,0.0,0.0,25.9,15.2805,25.725,7.7274,0.0,0.9932432432432433,0.5057033474035536,1.9640827934853091,8.633333333333333,1.0
Gujarat,Jamnagar,PMGSY-II,5.0,0.0,5.0,0.0,0.0,0.0,56.6,31.8873,56.2,22.6223,0.0,0.9929328621908128,0.7094454532055081,1.3995901414328829,11.32,1.0
Gujarat,Junagadh,PMGSY-I,25.0,0.0,25.0,0.0,0.0,0.0,63.97,8.5666,63.77,9.2885,0.0,0.9968735344692825,1.0,0.9193967616283096,2.5587999999999997,1.0
Gujarat,Junagadh,PMGSY-II,2.0,0.0,2.0,0.0,0.0,0.0,18.1,7.4665,18.1,5.7157,0.0,1.0,0.7655126230496216,1.3063141872386583,9.05,1.0
Gujarat,Mahisagar,PMGSY-I,326.0,0.0,326.0,0.0,0.0,0.0,744.42,215.8648,742.799,242.3078,0.0,0.9978224658123103,1.0,0.8889303068992463,2.2834969325153374,1.0
Gujarat,Mehsana,PMGSY-II,4.0,0.0,4.0,0.0,0.0,0.0,56.46,39.3364,56.46,30.9787,0.0,1.0,0.7875326669446111,1.2697885966809452,14.115,1.0
Gujarat,Morbi,PMGSY-I,42.0,0.0,42.0,0.0,0.0,0.0,98.4,12.2879,96.47,13.2127,0.0,0.9803861788617886,1.0,0.9117657501673218,2.342857142857143,1.0
Gujarat,Narmada,PMGSY-III,8.0,3.0,8.0,0.0,0.0,3.0,83.397,50.8225,83.383,41.8342,0.0,0.9998321282540138,0.8231432928328989,1.214651369888503,10.424625,1.0
Gujarat,Navsari,PMGSY-II,4.0,0.0,4.0,0.0,0.0,0.0,27.07,15.2419,27.074,13.2753,0.0,1.0,0.8709740911566144,1.1483094333212756,6.7675,1.0
Gujarat,Navsari,PMGSY-III,8.0,6.0,8.0,0.0,0.0,6.0,61.59,86.0764,62.59,76.4671,0.0,1.0,0.8883631285695033,1.1439425718283918,7.69875,1.0
Gujarat,Patan,PMGSY-III,9.0,0.0,5.0,0.0,4.0,0.0,93.808,55.85623,72.401,30.3676,21.407,0.7717998464949684,0.5436743582586938,1.4195994988009473,10.423111111111112,0.5555555555555556
Gujarat,Porbandar,PMGSY-II,2.0,0.0,2.0,0.0,0.0,0.0,12.3,3.9311,12.3,3.7854,0.0,1.0,0.9629365826359035,1.0384899878480476,6.15,1.0
Gujarat,Rajkot,PMGSY-II,3.0,0.0,3.0,0.0,0.0,0.0,44.2,18.448,40.85,14.2535,0.0,0.92420814479638,0.7726311795316566,1.1961828221281523,14.733333333333334,1.0
Gujarat,Rajkot,PMGSY-III,9.0,11.0,9.0,0.0,0.0,11.0,103.148,93.50779,103.031,51.2835,0.0,0.9988657075270486,0.5484409373807252,1.8212821827223313,11.460888888888888,1.0
Gujarat,Tapi,PMGSY-III,6.0,9.0,6.0,0.0,0.0,9.0,44.94,43.36424,44.783,35.0399,0.0,0.9965064530485092,0.8080367602430021,1.2332439587882467,7.489999999999999,1.0
Gujarat,Vadodara,PMGSY-II,3.0,0.0,3.0,0.0,0.0,0.0,33.02,18.4555,33.02,15.1429,0.0,1.0,0.8205087914171927,1.2187559846528737,11.006666666666668,1.0
Gujarat,Valsad,PMGSY-II,2.0,0.0,2.0,0.0,0.0,0.0,11.06,5.991,11.06,6.8492,0.0,1.0,1.0,0.8747006949716755,5.53,1.0
Haryana,Ambala,PMGSY-I,22.0,0.0,22.0,0.0,0.0,0.0,171.07,50.3457,170.734,53.1038,0.0,0.9980358917402234,1.0,0.9462000006550524,7.77590909090909,1.0
Haryana,Jind,PMGSY-I,22.0,0.0,22.0,0.0,0.0,0.0,283.08,103.4998,283.08,87.7302,0.0,1.0,0.8476364205534697,1.1797511005332257,12.867272727272727,1.0
Haryana,Kurukshetra,PMGSY-II,5.0,0.0,5.0,0.0,0.0,0.0,42.44,28.9366,42.19,25.391,0.0,0.9941093308199811,0.8774700552241798,1.13292678753123,8.488,1.0
Haryana,Kurukshetra,PMGSY-III,10.0,0.0,10.0,0.0,0.0,0.0,93.27,35.2041,90.858,31.5763,0.0,0.974139594724992,0.8969495030408391,1.0860584586116198,9.327,1.0
Haryana,Sirsa,PMGSY-II,4.0,2.0,4.0,2.0,0.0,0.0,70.28,60.5244,70.02,56.3356,0.0,0.9963005122367672,0.9307915485324927,1.0703798437013716,17.57,1.0
Haryana,Sonepat,PMGSY-II,11.0,4.0,11.0,4.0,0.0,0.0,151.585,137.3145,145.967,124.7443,0.0,0.9629382854504074,0.908456863623288,1.059971391057387,13.780454545454546,1.0
Himachal Pradesh,Chamba,PMGSY-I,340.0,14.0,339.0,14.0,1.0,0.0,2036.96,886.62753,1988.918,837.5594,4.8,0.9764148535071872,0.9446575609940738,1.0336177825959438,5.9910588235294115,0.9970588235294118
Himachal Pradesh,Chamba,PMGSY-III,23.0,1.0,7.0,0.0,16.0,1.0,222.726,247.27611,149.24,151.7261,73.486,0.6700609717769817,0.613589804530652,1.0920340703664815,9.683739130434782,0.30434782608695654
Himachal Pradesh,Kangra,PMGSY-III,58.0,12.0,5.0,0.0,53.0,12.0,518.163,593.43204,96.145,138.8063,422.018,0.18554972084073929,0.23390429003462634,0.7932719866457822,8.933844827586206,0.08620689655172414
Himachal Pradesh,Kullu,PMGSY-I,250.0,6.0,250.0,6.0,0.0,0.0,1871.363,734.0279,1804.998,682.459,0.0,0.964536543685004,0.9297453134955768,1.0374201726907577,7.485452,1.0
Himachal Pradesh,Mandi,PMGSY-II,20.0,0.0,20.0,0.0,0.0,0.0,229.33,186.4931,219.79,180.3146,0.0,0.9584005581476475,0.9668700879549968,0.9912402608035346,11.4665,1.0
Himachal Pradesh,Shimla,PMGSY-II,11.0,0.0,11.0,0.0,0.0,0.0,129.86,92.0974,129.76,95.8937,0.0,0.9992299399353147,1.0,0.9596717977322665,11.805454545454547,1.0
Himachal Pradesh,Shimla,PMGSY-III,49.0,0.0,1.0,0.0,48.0,0.0,571.68,551.48496,144.59,172.349,426.93,0.2529212146655472,0.31251804219647256,0.8093011619039316,11.666938775510204,0.02040816326530612
Himachal Pradesh,Sirmaur,PMGSY-I,238.0,8.0,238.0,8.0,0.0,0.0,1618.913,543.4419,1595.028,512.2654,0.0,0.9852462732710158,0.9426314018113068,1.0452084148457421,6.802155462184874,1.0
Himachal Pradesh,Sirmaur,PMGSY-III,23.0,0.0,8.0,0.0,15.0,0.0,292.28,246.77044,158.405,141.8467,133.865,0.5419631859860409,0.5748123640740763,0.9428523460156432,12.707826086956521,0.34782608695652173
Himachal Pradesh,Una,PMGSY-III,19.0,11.0,0.0,1.0,19.0,10.0,159.19,243.631,89.668,94.1898,69.522,0.5632765877253597,0.38660843652901317,1.4569692083868646,8.378421052631579,0.0
Jammu And Kashmir,Baramula,,13.0,0.0,0.0,0.0,13.0,0.0,41.94,,0.0,0.0,41.94,0.0,,,3.226153846153846,0.0
Jammu And Kashmir,Budgam,PMGSY-I,150.0,4.0,150.0,3.0,0.0,1.0,600.65,453.9842,583.66,431.2607,0.0,0.9717139765254308,0.9499464959353211,1.0229144280054188,4.004333333333333,1.0
Jammu And Kashmir,Doda,PMGSY-III,10.0,1.0,7.0,0.0,3.0,1.0,110.42,129.675,103.9,110.7332,6.52,0.9409527259554429,0.8539286678234046,1.1019102196836366,11.042,0.7
Jammu And Kashmir,Doda,,31.0,0.0,0.0,0.0,31.0,0.0,239.105,,0.0,0.0,239.105,0.0,,,7.713064516129032,0.0
Jammu And Kashmir,Ganderbal,PMGSY-I,109.0,4.0,108.0,4.0,1.0,0.0,334.84,237.2777,308.62,211.0589,0.46,0.9216939433759408,0.8895016261536587,1.036191409071939,3.071926605504587,0.9908256880733946
Jammu And Kashmir,Ganderbal,PMGSY-III,10.0,0.0,9.0,0.0,1.0,0.0,44.93,33.82683,41.649,28.8842,2.7,0.9269752949031828,0.8538843279136709,1.0855982064550802,4.493,0.9
Jammu And Kashmir,Jammu,PMGSY-II,15.0,4.0,15.0,4.0,0.0,0.0,57.05,55.0959,57.0,43.1829,0.0,0.9991235758106924,0.7837770142605892,1.2747548826157653,3.8033333333333332,1.0
Jammu And Kashmir,Jammu,,6.0,0.0,0.0,0.0,6.0,0.0,36.3,,0.0,0.0,36.3,0.0,,,6.05,0.0
Jammu And Kashmir,Kishtwar,,20.0,0.0,0.0,0.0,20.0,0.0,93.21,,0.0,0.0,93.21,0.0,,,4.6605,0.0
Jammu And Kashmir,Kulgam,,13.0,0.0,0.0,0.0,13.0,0.0,30.9,,0.0,0.0,30.9,0.0,,,2.376923076923077,0.0
Jammu And Kashmir,Kupwara,PMGSY-I,162.0,9.0,162.0,9.0,0.0,0.0,765.43,561.5127,744.819,522.904,0.0,0.9730726519734005,0.9312416264137926,1.0449196259843958,4.724876543209876,1.0
Jammu And Kashmir,Reasi,PMGSY-III,7.0,5.0,6.0,2.0,1.0,3.0,68.64,104.01261,58.74,72.8993,9.9,0.8557692307692308,0.7008698272257565,1.2210102326085437,9.805714285714286,0.8571428571428571
Jammu And Kashmir,Samba,PMGSY-I,65.0,4.0,65.0,4.0,0.0,0.0,256.779,143.4863,250.064,124.9695,0.0,0.9738491075983627,0.8709507458203326,1.1181448690087659,3.950446153846154,1.0
Jammu And Kashmir,Udhampur,PMGSY-I,398.0,60.0,389.0,55.0,9.0,5.0,3033.195,1773.4541,2909.263,1712.8154,76.402,0.9591414333730603,0.9658075729166038,0.9930978595214235,7.621092964824121,0.9773869346733668
Jammu And Kashmir,Udhampur,PMGSY-III,14.0,2.0,10.0,0.0,4.0,2.0,157.6,199.78726,101.195,115.5747,53.825,0.6421002538071066,0.578488838577595,1.1099613527305403,11.257142857142856,0.7142857142857143
Jharkhand,Bokaro,PMGSY-III,15.0,9.0,14.0,8.0,1.0,1.0,162.527,118.8933,157.449,116.0497,3.96,0.9687559605480937,0.976082756555668,0.9924936733505788,10.835133333333333,0.9333333333333333
Jharkhand,Deoghar,PM-JANMAN,2.0,0.0,0.0,0.0,2.0,0.0,1.4,1.28932,0.0,0.0,1.4,0.0,0.0,,0.7,0.0
Jharkhand,Dhanbad,PMGSY-III,15.0,3.0,14.0,3.0,1.0,0.0,142.153,97.3264,141.25,89.8788,0.0,0.9936476894613551,0.9234781107695342,1.0759840194082657,9.476866666666666,0.9333333333333333
Jharkhand,Dumka,PMGSY-II,9.0,0.0,9.0,0.0,0.0,0.0,85.75,59.3747,85.7,50.4258,0.0,0.9994169096209913,0.8492809226825568,1.1767801241363243,9.527777777777779,1.0
Jharkhand,Garhwa,RCPLWEA,14.0,23.0,13.0,21.0,1.0,2.0,136.506,150.98917,130.006,97.8383,6.5,0.9523830454339003,0.6479822360769318,1.4697672133728499,9.750428571428571,0.9285714285714286
Jharkhand,Garhwa,PM-JANMAN,11.0,0.0,0.0,0.0,11.0,0.0,38.29,33.7436,0.0,0.0,38.29,0.0,0.0,,3.480909090909091,0.0
Jharkhand,Godda,PMGSY-I,157.0,15.0,157.0,15.0,0.0,0.0,586.195,235.78493,576.343,236.8575,0.0,0.9831933059817977,1.0,0.9787410777678003,3.7337261146496816,1.0
Jharkhand,Jamtara,PMGSY-II,3.0,0.0,3.0,0.0,0.0,0.0,37.705,29.2106,37.18,24.3563,0.0,0.9860761172258321,0.8338171759566733,1.1826047071943149,12.568333333333333,1.0
Jharkhand,Latehar,PMGSY-I,215.0,22.0,210.0,21.0,5.0,1.0,979.791,379.03615,950.07,356.2101,14.4,0.9696659797854849,0.9397786992085055,1.0318024664765766,4.557167441860465,0.9767441860465116
Jharkhand,Pakur,PMGSY-II,5.0,0.0,5.0,0.0,0.0,0.0,61.25,44.0773,60.308,34.0049,0.0,0.9846204081632653,0.7714832805094686,1.2762692763905994,12.25,1.0
Jharkhand,Pashchimi Singhbhum,RCPLWEA,31.0,22.0,24.0,16.0,7.0,6.0,302.715,305.34461,256.895,265.2516,44.129,0.8486365062847894,0.868695864649453,0.9769086521751105,9.764999999999999,0.7741935483870968
Jharkhand,Purbi Singhbhum,RCPLWEA,5.0,2.0,1.0,2.0,4.0,0.0,21.65,29.89835,11.5,19.0701,10.15,0.5311778290993072,0.6378311846640367,0.8327874865182286,4.33,0.2
Jharkhand,Sahibganj,PM-JANMAN,68.0,0.0,0.0,0.0,68.0,0.0,216.065,187.25124,0.0,0.0,216.065,0.0,0.0,,3.177426470588235,0.0
Jharkhand,Saraikela Kharsawan,RCPLWEA,15.0,9.0,15.0,9.0,0.0,0.0,131.527,110.35551,131.527,113.1731,0.0,1.0,1.0,0.975103712808079,8.768466666666665,1.0
Jharkhand,Saraikela Kharsawan,PM-JANMAN,1.0,1.0,0.0,0.0,1.0,1.0,10.5,10.4017,0.0,0.0,10.5,0.0,0.0,,10.5,0.0
Jharkhand,Simdega,RCPLWEA,5.0,5.0,4.0,3.0,1.0,2.0,34.7,49.0022,18.2,34.1102,16.5,0.5244956772334294,0.6960952773548942,0.7534825968457516,6.94,0.8
Karnataka,Bellary,PMGSY-III,29.0,1.0,26.0,1.0,3.0,0.0,214.017,132.70317,196.895,124.1622,12.4,0.919997009583351,0.9356385382504427,0.9832825091874262,7.379896551724138,0.896551724137931
Karnataka,Chamarajanagar,PMGSY-II,8.0,0.0,8.0,0.0,0.0,0.0,69.74,27.4781,71.44,28.4693,0.0,1.0,1.0,0.9887111085687924,8.7175,1.0
Karnataka,Chickmagalur,PMGSY-II,8.0,0.0,8.0,0.0,0.0,0.0,70.8,36.6656,71.5,32.7366,0.0,1.0,0.8928423372316286,1.1310922024385637,8.85,1.0
Karnataka,Chickmagalur,PMGSY-III,29.0,14.0,29.0,13.0,0.0,1.0,223.918,184.03962,222.42,187.2994,0.0,0.9933100510008127,1.0,0.9760223702177915,7.721310344827587,1.0
Karnataka,Dakshina Kannada,PM-JANMAN,2.0,1.0,0.0,0.0,2.0,1.0,5.75,7.8075,0.0,0.0,5.75,0.0,0.0,,2.875,0.0
Karnataka,Davanagere,PMGSY-III,19.0,1.0,18.0,1.0,1.0,0.0,184.239,118.95733,179.899,115.9278,2.1,0.9764436411400409,0.9745326328356563,1.00196094849982,9.69678947368421,0.9473684210526315
Karnataka,Dharwad,PMGSY-II,8.0,0.0,8.0,0.0,0.0,0.0,58.47,26.9067,56.54,26.3361,0.0,0.9669916196340004,0.9787933860339617,0.9879425356072524,7.30875,1.0
Karnataka,Dharwad,PMGSY-III,22.0,16.0,19.0,15.0,3.0,1.0,164.51,132.0631,151.401,127.1658,9.84,0.9203148744757159,0.9629169692366756,0.9557572499789558,7.477727272727273,0.8636363636363636
Karnataka,Gadag,PMGSY-III,21.0,17.0,21.0,17.0,0.0,0.0,167.28,117.99868,162.266,127.1919,0.0,0.9700263032042085,1.0,0.8999144076264004,7.965714285714286,1.0
Karnataka,Gulbarga,PMGSY-II,7.0,0.0,7.0,0.0,0.0,0.0,90.93,42.5675,89.62,41.1667,0.0,0.9855933135378863,0.9670922652258177,1.0191305927855276,12.99,1.0
Karnataka,Kodagu,PMGSY-III,13.0,0.0,13.0,0.0,0.0,0.0,83.838,59.01469,82.948,61.9655,0.0,0.9893842887473461,1.0,0.9422696031064887,6.449076923076922,1.0
Karnataka,Koppal,PMGSY-II,7.0,0.0,7.0,0.0,0.0,0.0,70.2,21.3982,70.195,18.6394,0.0,0.9999287749287747,0.8710732678449589,1.1479272890587096,10.028571428571428,1.0
Karnataka,Mysore,PMGSY-I,140.0,1.0,140.0,1.0,0.0,0.0,592.755,105.7215,592.775,120.5464,0.0,1.0,1.0,0.877048730804158,4.233964285714285,1.0
Karnataka,Raichur,PMGSY-III,24.0,3.0,20.0,2.0,4.0,1.0,177.95,119.72044,164.412,113.7037,4.65,0.9239224501264401,0.9497434189182733,0.9728126899565754,7.414583333333333,0.8333333333333334
Karnataka,Ramnagar,PMGSY-III,22.0,0.0,20.0,0.0,2.0,0.0,106.65,59.5909,102.449,55.2102,3.048,0.9606094702297233,0.9264870978622576,1.0368298408539076,4.847727272727273,0.9090909090909091
Karnataka,Shimoga,PMGSY-I,169.0,0.0,169.0,0.0,0.0,0.0,735.48,159.3763,735.635,189.7799,0.0,1.0,1.0,0.8399724524724972,4.351952662721893,1.0
Karnataka,Shimoga,PMGSY-II,13.0,1.0,13.0,1.0,0.0,0.0,100.89,48.1741,97.695,43.6212,0.0,0.9683318465655664,0.9054907097382203,1.069400090085423,7.760769230769231,1.0
Karnataka,Tumkur,PMGSY-I,178.0,0.0,178.0,0.0,0.0,0.0,964.53,179.6927,964.68,205.5554,0.0,1.0,1.0,0.874317313572632,5.418707865168539,1.0
Karnataka,Udupi,PMGSY-I,101.0,1.0,101.0,1.0,0.0,0.0,383.01,98.7032,383.01,109.9806,0.0,1.0,1.0,0.897460097508106,3.792178217821782,1.0
Karnataka,Yadgir,PMGSY-I,36.0,1.0,36.0,1.0,0.0,0.0,240.49,48.2724,240.49,52.9383,0.0,1.0,1.0,0.9118615444772499,6.680277777777778,1.0
Kerala,Alappuzha,PMGSY-I,70.0,0.0,69.0,0.0,1.0,0.0,97.508,40.0772,93.501,45.8334,1.58,0.9589059359232064,1.0,0.8384772889460858,1.3929714285714285,0.9857142857142858
Kerala,Kasaragod,PMGSY-II,8.0,0.0,6.0,0.0,2.0,0.0,39.141,31.55872,30.203,23.0875,8.938,0.7716460999974452,0.7315727634073879,1.054776966276616,4.892625,0.75
Kerala,Kollam,PMGSY-III,22.0,0.0,3.0,0.0,19.0,0.0,96.437,62.64305,27.505,20.4598,67.358,0.2852121073861692,0.3266092567331891,0.8732517572799913,4.3835,0.13636363636363635
Kerala,Kottayam,PMGSY-I,61.0,0.0,59.0,0.0,2.0,0.0,151.898,74.0742,143.087,91.701,6.883,0.9419939696375199,1.0,0.7609235417904231,2.4901311475409837,0.9672131147540983
Kerala,Kozhikode,PMGSY-II,9.0,0.0,9.0,0.0,0.0,0.0,28.656,27.23771,28.448,23.9511,0.0,0.9927414852037968,0.8793360381617985,1.1289671321546946,3.1839999999999997,1.0
Kerala,Malappuram,PMGSY-II,12.0,0.0,12.0,0.0,0.0,0.0,46.897,31.51363,46.861,26.7286,0.0,0.999232360278909,0.8481599866470476,1.1781177796763107,3.9080833333333334,1.0
Kerala,Malappuram,PMGSY-III,31.0,1.0,19.0,0.0,12.0,1.0,136.268,128.70604,97.434,66.806,38.802,0.7150174655825285,0.5190587792150236,1.3775269665294068,4.395741935483871,0.6129032258064516
Ladakh,Kargil,PMGSY-II,8.0,1.0,6.0,1.0,2.0,0.0,43.3,54.9769,41.85,47.1125,1.6,0.966512702078522,0.8569508284388534,1.1278508287800626,5.4125,0.75
Madhya Pradesh,Agar,PMGSY-I,211.0,9.0,211.0,9.0,0.0,0.0,783.07,288.8866,772.568,255.4793,0.0,0.9865886830040737,0.8843584299167909,1.115598211798469,3.7112322274881517,1.0
Madhya Pradesh,Agar,PMGSY-III,16.0,17.0,16.0,16.0,0.0,1.0,151.774,133.7087,147.936,94.1883,0.0,0.9747124013335617,0.7044291059594476,1.383691265859866,9.485875,1.0
Madhya Pradesh,Anuppur,PMGSY-II,3.0,0.0,3.0,0.0,0.0,0.0,69.85,43.8586,65.6,34.6857,0.0,0.9391553328561203,0.7908528772008225,1.1875221800800746,23.28333333333333,1.0
Madhya Pradesh,Anuppur,PMGSY-III,15.0,1.0,14.0,1.0,1.0,0.0,156.181,99.98494,155.106,75.9096,0.0,0.9931169604497345,0.7592103370767638,1.3080919897292185,10.412066666666668,0.9333333333333333
Madhya Pradesh,Ashok Nagar,PMGSY-III,12.0,9.0,12.0,8.0,0.0,1.0,170.99,152.35591,170.034,122.3441,0.0,0.9944090297678225,0.803015124257405,1.2383440855954122,14.249166666666667,1.0
Madhya Pradesh,Balaghat,PMGSY-II,13.0,5.0,13.0,5.0,0.0,0.0,152.395,91.9018,152.115,82.4429,0.0,0.9981626693789166,0.8970760093926343,1.1126846096962542,11.72269230769231,1.0
Madhya Pradesh,Balaghat,PMGSY-III,30.0,8.0,29.0,6.0,1.0,2.0,382.282,251.85357,378.317,151.77,0.23,0.9896280756091054,0.6026120654156303,1.6422307690214342,12.742733333333332,0.9666666666666667
Madhya Pradesh,Bhind,PMGSY-III,22.0,2.0,21.0,2.0,1.0,0.0,192.832,128.80379,188.67,100.2486,1.545,0.9784164454032526,0.7783047377720795,1.2571122825283048,8.765090909090908,0.9545454545454546
Madhya Pradesh,Bhopal,PMGSY-I,122.0,2.0,122.0,2.0,0.0,0.0,384.04,149.6057,349.71,140.4538,0.0,0.9106082699718778,0.9388265286683595,0.9699430535516431,3.1478688524590166,1.0
Madhya Pradesh,Datia,PMGSY-II,3.0,0.0,3.0,0.0,0.0,0.0,44.542,29.9998,44.542,24.1808,0.0,1.0,0.8060320402136014,1.2406454707867398,14.847333333333333,1.0
Madhya Pradesh,Dewas,PMGSY-III,19.0,29.0,19.0,20.0,0.0,9.0,235.752,184.83371,232.068,121.7189,0.0,0.9843734093454138,0.6585319312153611,1.4947998155969329,12.408000000000001,1.0
Madhya Pradesh,Dindori,PMGSY-I,444.0,4.0,444.0,4.0,0.0,0.0,1694.995,458.4714,1662.499,450.2527,0.0,0.9808282620302715,0.9820736909652379,0.9987318375938344,3.8175563063063063,1.0
Madhya Pradesh,Guna,PMGSY-III,18.0,12.0,18.0,12.0,0.0,0.0,253.305,219.01579,250.291,168.8784,0.0,0.9881013008033793,0.771078651452482,1.281453323784923,14.0725,1.0
Madhya Pradesh,Gwalior,PMGSY-II,11.0,2.0,11.0,2.0,0.0,0.0,82.775,61.2194,83.531,53.241,0.0,1.0,0.8696752990065241,1.1603562772701401,7.525,1.0
Madhya Pradesh,Gwalior,PM-JANMAN,28.0,0.0,3.0,0.0,25.0,0.0,36.71,26.78014,8.069,0.0,28.515,0.21980386815581587,0.0,,1.3110714285714287,0.10714285714285714
Madhya Pradesh,Harda,PMGSY-II,3.0,1.0,3.0,1.0,0.0,0.0,59.86,38.31338,57.5,36.4251,0.0,0.9605746742398931,0.9507148677563817,1.0103709396138716,19.953333333333333,1.0
Madhya Pradesh,Hoshangabad,PMGSY-I,302.0,6.0,302.0,6.0,0.0,0.0,1090.065,384.5404,1039.871,419.6596,0.0,0.9539532046254123,1.0,0.8741216616704058,3.6094867549668876,1.0
Madhya Pradesh,Indore,PMGSY-I,186.0,33.0,186.0,33.0,0.0,0.0,652.707,312.78738,623.737,320.0987,0.0,0.9556156131311598,1.0,0.9337885593361956,3.5091774193548386,1.0
Madhya Pradesh,Indore,PMGSY-II,4.0,6.0,4.0,6.0,0.0,0.0,75.825,54.8604,69.022,50.7731,0.0,0.9102802505769865,0.9254963507375084,0.9835589841619619,18.95625,1.0
Madhya Pradesh,Jabalpur,PM-JANMAN,5.0,0.0,0.0,0.0,5.0,0.0,12.23,8.28579,0.0,0.0,12.23,0.0,0.0,,2.446,0.0
Madhya Pradesh,Jhabua,PMGSY-I,402.0,17.0,402.0,17.0,0.0,0.0,1606.875,496.37632,1562.114,470.2808,0.0,0.9721440684558538,0.9474279514381346,1.026087595347173,3.9972014925373136,1.0
Madhya Pradesh,Katni,PM-JANMAN,1.0,0.0,0.0,0.0,1.0,0.0,3.5,2.84269,0.0,0.0,3.5,0.0,0.0,,3.5,0.0
Madhya Pradesh,Maihar,PMGSY-II,5.0,0.0,5.0,0.0,0.0,0.0,53.925,36.07,52.636,32.928,0.0,0.9760964302271674,0.9128915996673135,1.0692358551474104,10.785,1.0
Madhya Pradesh,Mandla,RCPLWEA,2.0,3.0,2.0,3.0,0.0,0.0,8.675,13.00472,8.627,12.7727,0.0,0.9944668587896254,0.9821587854255993,1.0125316532791513,4.3375,1.0
Madhya Pradesh,Mandsour,PMGSY-I,355.0,4.0,355.0,4.0,0.0,0.0,1675.945,527.265,1635.379,443.3134,0.0,0.9757951484088081,0.8407791148663386,1.160584428365509,4.720971830985915,1.0
Madhya Pradesh,Mandsour,PMGSY-III,7.0,13.0,7.0,11.0,0.0,2.0,192.736,169.80764,189.417,126.9543,0.0,0.982779553378715,0.7476359720917152,1.3145161416312294,27.533714285714286,1.0
Madhya Pradesh,Morena,PMGSY-III,22.0,13.0,20.0,12.0,2.0,1.0,269.264,218.71788,259.503,164.0765,2.72,0.963749331511082,0.7501741512856653,1.2847007989536652,12.239272727272727,0.9090909090909091
Madhya Pradesh,Neemuch,PMGSY-III,9.0,12.0,9.0,11.0,0.0,1.0,134.074,116.00475,131.304,74.8422,0.0,0.9793397675910317,0.6451649609175487,1.517968003405241,14.897111111111112,1.0
Madhya Pradesh,Pandhurna,PMGSY-II,2.0,2.0,2.0,2.0,0.0,0.0,38.45,27.4846,37.714,24.7169,0.0,0.9808582574772431,0.899299971620471,1.0906908578122272,19.225,1.0
Madhya Pradesh,Panna,PMGSY-III,17.0,20.0,13.0,10.0,4.0,10.0,238.505,219.4823,221.967,144.015,13.76,0.9306597345967591,0.6561576947207132,1.4183476656368175,14.02970588235294,0.7647058823529411
Madhya Pradesh,Raisen,PMGSY-III,30.0,17.0,30.0,12.0,0.0,5.0,276.24,242.95341,268.012,170.0102,0.0,0.9702143064002317,0.6997646174219164,1.3864866588635334,9.208,1.0
Madhya Pradesh,Ratlam,PMGSY-III,18.0,22.0,18.0,18.0,0.0,4.0,231.447,216.06439,226.711,147.179,0.0,0.9795374318958553,0.6811811978827238,1.437998340148693,12.858166666666667,1.0
Madhya Pradesh,Rewa,PMGSY-III,23.0,5.0,21.0,5.0,2.0,0.0,243.395,154.78378,236.747,112.5175,2.5,0.9726863740011094,0.7269334034871096,1.3380680669441236,10.582391304347826,0.9130434782608695
Madhya Pradesh,Sagar,PMGSY-III,35.0,32.0,31.0,16.0,4.0,16.0,456.143,441.51278,423.227,323.3214,23.545,0.9278384190922584,0.7323036039862764,1.2670133180303813,13.032657142857142,0.8857142857142857
Madhya Pradesh,Seoni,PMGSY-III,19.0,25.0,19.0,22.0,0.0,3.0,312.185,260.39721,307.122,196.4718,0.0,0.9837820523087273,0.754508084015186,1.3038721163508789,16.43078947368421,1.0
Madhya Pradesh,Shahdol,PMGSY-I,376.0,12.0,376.0,12.0,0.0,0.0,1623.31,417.48167,1609.694,391.1052,0.0,0.9916121997646784,0.9368200524827833,1.0584873766703473,4.317313829787234,1.0
Madhya Pradesh,Shahdol,PMGSY-III,20.0,3.0,17.0,2.0,3.0,1.0,196.28,120.3251,184.376,74.899,11.79,0.9393519461993072,0.6224719530671489,1.5090671018521777,9.814,0.85
Madhya Pradesh,Sheopur,PM-JANMAN,30.0,0.0,0.0,0.0,30.0,0.0,60.83,42.97811,2.85,0.0,57.98,0.04685188229492027,0.0,,2.0276666666666667,0.0
Madhya Pradesh,Shivpuri,PM-JANMAN,86.0,0.0,0.0,0.0,86.0,0.0,189.448,135.0207,21.83,0.0,167.618,0.11522950888898272,0.0,,2.2028837209302328,0.0
Madhya Pradesh,Sidhi,PMGSY-III,18.0,2.0,16.0,1.0,2.0,1.0,192.8,119.032,175.583,76.0599,16.1,0.9107002074688796,0.6389869950937563,1.4252249489604334,10.711111111111112,0.8888888888888888
Madhya Pradesh,Singrauli,PMGSY-I,296.0,8.0,296.0,7.0,0.0,1.0,1808.155,578.93949,1727.811,567.2492,0.0,0.9555657562543034,0.979807406124602,0.9752587603249696,6.108631756756757,1.0
Madhya Pradesh,Ujjain,PMGSY-III,18.0,29.0,17.0,16.0,1.0,13.0,264.332,263.47195,259.313,196.5092,0.51,0.9810125145650167,0.745844861284095,1.3153037119221305,14.68511111111111,0.9444444444444444
Madhya Pradesh,Vidisha,PMGSY-II,8.0,12.0,8.0,12.0,0.0,0.0,143.085,120.83913,142.462,104.2672,0.0,0.9956459447181744,0.8628595720608052,1.1538910582404849,17.885625,1.0
Madhya Pradesh,Vidisha,PMGSY-III,22.0,18.0,20.0,17.0,2.0,1.0,277.336,236.84604,270.665,187.9022,0.36,0.9759461447486082,0.7933516642287961,1.2301557918798962,12.606181818181819,0.9090909090909091
Maharashtra,Akola,PMGSY-I,125.0,15.0,125.0,15.0,0.0,0.0,622.99,165.1223,607.89,162.5296,0.0,0.9757620507552288,0.9842983049533588,0.9913275740137188,4.98392,1.0
Maharashtra,Akola,PMGSY-III,10.0,0.0,10.0,0.0,0.0,0.0,116.01,97.90609,116.01,115.4128,0.0,1.0,1.0,0.8483122322653988,11.601,1.0
Maharashtra,Beed,PMGSY-II,12.0,9.0,12.0,9.0,0.0,0.0,101.72,68.0453,99.534,63.0521,0.0,0.9785096342902085,0.9266194726160367,1.0559994293317356,8.476666666666667,1.0
Maharashtra,Beed,PMGSY-III,35.0,3.0,20.0,0.0,15.0,3.0,224.36,198.08618,137.96,124.0373,84.75,0.614904617578891,0.626178464343146,0.9819957928829746,6.410285714285715,0.5714285714285714
Maharashtra,Buldhana,PMGSY-I,133.0,14.0,133.0,14.0,0.0,0.0,564.63,125.0043,564.63,126.5149,0.0,1.0,1.0,0.9880599044065167,4.245338345864662,1.0
Maharashtra,Dhule,PMGSY-I,168.0,50.0,166.0,50.0,2.0,0.0,785.565,321.2574,748.235,307.7749,20.91,0.9524800621208939,0.9580320951361743,0.994204752592875,4.675982142857143,0.9880952380952381
Maharashtra,Gadchiroli,PMGSY-I,272.0,50.0,272.0,48.0,0.0,2.0,1188.22,528.6053,1118.221,557.6774,0.0,0.9410891922371278,1.0,0.8920295762196292,4.368455882352941,1.0
Maharashtra,Gadchiroli,PM-JANMAN,10.0,0.0,0.0,0.0,10.0,0.0,31.39,29.56657,0.0,0.0,31.39,0.0,0.0,,3.1390000000000002,0.0
Maharashtra,Jalna,PMGSY-II,9.0,4.0,9.0,4.0,0.0,0.0,49.95,37.4794,49.21,29.9556,0.0,0.9851851851851852,0.7992550574448898,1.232629278987222,5.550000000000001,1.0
Maharashtra,Kolhapur,PMGSY-II,12.0,0.0,12.0,0.0,0.0,0.0,70.77,34.5714,69.68,34.0056,0.0,0.9845979935000708,0.9836338707717941,1.0009801642226088,5.8975,1.0
Maharashtra,Nandurbar,PMGSY-I,194.0,28.0,191.0,28.0,3.0,0.0,1192.22,579.4886,1161.49,739.4476,13.37,0.9742245558705608,1.0,0.7634780665554302,6.145463917525773,0.9845360824742269
Maharashtra,Nandurbar,PMGSY-II,5.0,1.0,5.0,1.0,0.0,0.0,39.55,19.0165,33.025,20.45,0.0,0.8350189633375474,1.0,0.776485971457627,7.909999999999999,1.0
Maharashtra,Nashik,PMGSY-II,20.0,4.0,20.0,4.0,0.0,0.0,138.255,79.8756,137.725,84.012,0.0,0.9961665039239087,1.0,0.9471194258061296,6.91275,1.0
Maharashtra,Pune,PMGSY-II,19.0,0.0,19.0,0.0,0.0,0.0,128.54,71.0317,124.44,68.8709,0.0,0.9681033141434573,0.9695797791690189,0.9984772114092282,6.765263157894736,1.0
Maharashtra,Raigad,PMGSY-III,15.0,0.0,8.0,0.0,7.0,0.0,76.75,61.92584,54.243,19.1574,22.307,0.7067491856677525,0.3093603574856635,2.2845499384985195,5.116666666666666,0.5333333333333333
Maharashtra,Sangali,PMGSY-I,207.0,8.0,207.0,8.0,0.0,0.0,692.662,151.3623,676.734,153.4437,0.0,0.9770046573942269,1.0,0.9637519953826856,3.346193236714976,1.0
Maharashtra,Sangali,PMGSY-II,15.0,0.0,15.0,0.0,0.0,0.0,75.158,36.0634,74.769,36.1581,0.0,0.9948242369408447,1.0,0.9922187389960331,5.010533333333333,1.0
Maharashtra,Sangali,PMGSY-III,29.0,0.0,16.0,0.0,13.0,0.0,180.753,144.66676,109.15,107.5446,71.036,0.6038627298025483,0.7433953729246442,0.8123035894437294,6.232862068965517,0.5517241379310345
Maharashtra,Sindhudurg,PMGSY-III,39.0,0.0,0.0,0.0,39.0,0.0,168.688,141.41354,24.35,37.6343,144.338,0.14434933130987387,0.2661293960960174,0.5424028064069772,4.325333333333333,0.0
Maharashtra,Solapur,PMGSY-II,14.0,3.0,14.0,3.0,0.0,0.0,125.65,77.4558,122.478,73.077,0.0,0.9747552725825706,0.9434671128566228,1.0331629574572172,8.975,1.0
Maharashtra,Thane,PM-JANMAN,1.0,0.0,0.0,0.0,1.0,0.0,1.25,1.94269,0.0,0.0,1.25,0.0,0.0,,1.25,0.0
Manipur,Imphal West,PMGSY-III,19.0,0.0,0.0,0.0,19.0,0.0,120.74,93.2818,0.0,0.3136,120.74,0.0,0.00336185622490132,0.0,6.354736842105263,0.0
Manipur,Thoubal,PMGSY-I,185.0,17.0,184.0,12.0,1.0,5.0,563.599,288.25917,570.77,242.4814,0.0,1.0,0.8411923200916731,1.203914445243267,3.0464810810810814,0.9945945945945946
Manipur,Thoubal,PMGSY-II,10.0,0.0,10.0,0.0,0.0,0.0,59.35,51.038,59.35,42.6755,0.0,1.0,0.8361514949645362,1.1959555248327496,5.9350000000000005,1.0
Manipur,Ukhrul,PMGSY-I,190.0,28.0,168.0,26.0,22.0,2.0,1866.304,817.54852,1671.593,751.2423,194.23,0.8956702659373821,0.9188962876478572,0.9747240009316743,9.822652631578947,0.8842105263157894
Manipur,Ukhrul,PMGSY-III,9.0,0.0,0.0,0.0,9.0,0.0,92.25,76.8203,0.0,0.3864,92.25,0.0,0.005029920476748984,0.0,10.25,0.0
Meghalaya,South Garo Hills,PMGSY-I,34.0,18.0,31.0,18.0,3.0,0.0,129.993,183.4722,124.586,180.3663,5.638,0.958405452601294,0.9830715498042756,0.9749091536542864,3.8233235294117645,0.9117647058823529
Meghalaya,West Garo Hills,PMGSY-I,261.0,38.0,260.0,38.0,1.0,0.0,897.868,664.54242,896.736,653.4213,0.0,0.9987392356114707,0.9832649960855772,1.0157376084651617,3.440107279693487,0.9961685823754789
Meghalaya,West Khasi Hills,PMGSY-I,213.0,11.0,208.0,11.0,5.0,0.0,967.815,539.2124,946.571,494.4055,19.513,0.9780495239276101,0.9169030608346544,1.0666880346514431,4.543732394366198,0.9765258215962441
Meghalaya,West Khasi Hills,PMGSY-III,22.0,6.0,3.0,0.0,19.0,6.0,195.116,238.92382,32.51,35.2204,162.606,0.16661883187437215,0.14741267739650235,1.1302883498018976,8.868909090909092,0.13636363636363635
Mizoram,Champhai,PMGSY-I,59.0,0.0,59.0,0.0,0.0,0.0,748.765,391.1319,748.851,387.3266,0.0,1.0,0.99027105689922,1.0099405095484468,12.69093220338983,1.0
Mizoram,Mamit,PMGSY-III,3.0,0.0,0.0,0.0,3.0,0.0,111.31,115.49372,34.04,1.3101,77.27,0.3058125954541371,0.011343473913559976,3.0,37.10333333333333,0.0
Mizoram,Saiha,PMGSY-I,41.0,0.0,41.0,0.0,0.0,0.0,638.51,346.0749,635.73,346.4661,0.0,0.9956461136082443,1.0,0.994521914849279,15.57341463414634,1.0
Nagaland,Kiphire,PMGSY-III,2.0,0.0,0.0,0.0,2.0,0.0,19.09,18.0701,0.0,1.3988,19.09,0.0,0.0774096435548226,0.0,9.545,0.0
Nagaland,Mokokchung,PMGSY-I,26.0,0.0,26.0,0.0,0.0,0.0,292.5,38.6968,292.5,38.8802,0.0,1.0,1.0,0.9952829460753803,11.25,1.0
Nagaland,Mokokchung,PMGSY-II,1.0,0.0,1.0,0.0,0.0,0.0,15.0,15.8051,15.0,15.8173,0.0,1.0,1.0,0.9992286926340147,15.0,1.0
Nagaland,Mon,PMGSY-I,36.0,0.0,35.0,0.0,1.0,0.0,313.72,57.8332,306.22,51.7305,7.5,0.9760933316333036,0.8944775665188853,1.0912440604095297,8.714444444444446,0.9722222222222222
Nagaland,Mon,PMGSY-III,7.0,0.0,0.0,0.0,7.0,0.0,91.13,92.6729,0.0,14.8497,91.13,0.0,0.16023778256642449,0.0,13.018571428571429,0.0
Nagaland,Wokha,PMGSY-II,1.0,0.0,1.0,0.0,0.0,0.0,18.0,15.4289,18.0,15.5631,0.0,1.0,1.0,0.991377039278807,18.0,1.0
Odisha,Balangir,PMGSY-I,923.0,28.0,923.0,28.0,0.0,0.0,2874.222,1080.0627,2748.716,980.823,0.0,0.956333922710215,0.9081167232235684,1.0530958171494613,3.1140000000000003,1.0
Odisha,Balasore,PMGSY-I,702.0,13.0,702.0,13.0,0.0,0.0,2505.605,1122.8988,2350.677,1175.1676,0.0,0.9381674286250228,1.0,0.8964398608352745,3.5692378917378917,1.0
Odisha,Balasore,PMGSY-II,28.0,0.0,28.0,0.0,0.0,0.0,140.4,68.72102,140.861,63.7939,0.0,1.0,0.9283025775810663,1.0807720456812602,5.014285714285714,1.0
Odisha,Bhadrak,PMGSY-III,34.0,1.0,28.0,0.0,6.0,1.0,198.23,115.9142,175.349,100.1956,24.045,0.8845734752560157,0.8643945262961743,1.0233446052074227,5.830294117647059,0.8235294117647058
Odisha,Cuttack,PMGSY-I,476.0,11.0,476.0,11.0,0.0,0.0,1943.923,893.19247,1899.696,901.7172,0.0,0.9772485844346714,1.0,0.9680097894719184,4.083871848739496,1.0
Odisha,Dhenkanal,PMGSY-III,35.0,0.0,35.0,0.0,0.0,0.0,286.46,181.3097,276.795,162.7647,0.0,0.9662605599385605,0.8977164487062744,1.0763538546398108,8.184571428571427,1.0
Odisha,Ganjam,PMGSY-II,43.0,2.0,43.0,2.0,0.0,0.0,288.931,123.91889,287.349,113.585,0.0,0.9945246442922359,0.9166076293937105,1.0850058546316743,6.719325581395348,1.0
Odisha,Jagatsinghpur,PMGSY-II,10.0,0.0,10.0,0.0,0.0,0.0,71.56,35.974,71.53,28.2318,0.0,0.9995807713806596,0.7847834547172959,1.2737026569204883,7.156000000000001,1.0
Odisha,Jharsuguda,PMGSY-II,5.0,0.0,5.0,0.0,0.0,0.0,48.757,20.2333,47.457,17.1657,0.0,0.9733371618434277,0.8483885475923355,1.1472775824304644,9.7514,1.0
Odisha,Kendrapara,PMGSY-I,397.0,5.0,397.0,5.0,0.0,0.0,1550.057,762.6803,1514.899,789.2279,0.0,0.977318253457776,1.0,0.9444437769402889,3.9044256926952143,1.0
Odisha,Keonjhar,PM-JANMAN,4.0,0.0,0.0,0.0,4.0,0.0,6.43,5.6012,0.0,0.0,6.43,0.0,0.0,,1.6075,0.0
Odisha,Malkangiri,RCPLWEA,30.0,0.0,29.0,0.0,1.0,0.0,353.815,314.24901,343.853,285.9504,6.1,0.971844042790724,0.9099484513889161,1.0680209865815282,11.793833333333334,0.9666666666666667
Odisha,Mayurbhanj,PMGSY-III,117.0,14.0,111.0,14.0,6.0,0.0,780.786,515.18333,768.611,470.628,0.572,0.984406738850338,0.9135155828896871,1.0776025688980628,6.673384615384615,0.9487179487179487
Odisha,Nayagarh,PMGSY-II,15.0,0.0,15.0,0.0,0.0,0.0,94.85,42.3755,93.339,37.3433,0.0,0.9840695835529785,0.8812474189095113,1.1166779753757499,6.323333333333333,1.0
Odisha,Nuapara,PMGSY-I,307.0,6.0,307.0,6.0,0.0,0.0,1391.95,527.444,1369.974,492.7082,0.0,0.9842120765832105,0.9341431507420693,1.0535987720954407,4.534039087947883,1.0
Odisha,Sambalpur,PMGSY-I,544.0,23.0,544.0,23.0,0.0,0.0,1940.8,781.03568,1878.653,737.9143,0.0,0.967978668590272,0.9447894877222511,1.0245442833238192,3.567647058823529,1.0
Odisha,Sambalpur,PMGSY-III,35.0,10.0,34.0,4.0,1.0,6.0,234.127,193.9159,221.722,158.0685,4.84,0.9470159357955298,0.81513944962739,1.1617839576141507,6.689342857142857,0.9714285714285714
Odisha,Sundargarh,PM-JANMAN,3.0,0.0,0.0,0.0,3.0,0.0,3.7,3.5727,0.0,0.0,3.7,0.0,0.0,,1.2333333333333334,0.0
Punjab,Amritsar,PMGSY-II,12.0,0.0,12.0,0.0,0.0,0.0,126.07,79.9336,126.07,64.0289,0.0,1.0,0.8010261016643814,1.2483987699304533,10.505833333333333,1.0
Punjab,Amritsar,PMGSY-III,33.0,7.0,14.0,0.0,19.0,7.0,299.161,286.37027,180.1,132.6976,118.846,0.6020169741376716,0.46337771026301017,1.2991927768730411,9.065484848484848,0.42424242424242425
Punjab,Faridkot,PMGSY-I,23.0,0.0,23.0,0.0,0.0,0.0,190.581,80.2681,190.575,72.9015,0.0,0.9999685173233428,0.9082250607651109,1.1010140113078855,8.286130434782608,1.0
Punjab,Faridkot,PMGSY-II,8.0,0.0,8.0,0.0,0.0,0.0,71.88,43.2546,70.48,42.0938,0.0,0.9805230940456318,0.9731635479232266,1.0075624967027492,8.985,1.0
Punjab,Fatehgarh Sahib,PMGSY-II,5.0,0.0,5.0,0.0,0.0,0.0,51.01,34.3095,51.01,23.6177,0.0,1.0,0.6883720252408225,1.4527028457470457,10.202,1.0
Punjab,Fazilka,PMGSY-I,54.0,0.0,54.0,0.0,0.0,0.0,355.07,133.6194,355.065,125.5614,0.0,0.999985918269637,0.9396943856954902,1.0641607883285624,6.57537037037037,1.0
Punjab,Gurdaspur,PMGSY-III,31.0,8.0,13.0,2.0,18.0,6.0,260.325,241.0388,90.92,74.3061,166.66,0.349255738019783,0.30827443548507544,1.132937726315913,8.39758064516129,0.41935483870967744
Punjab,Hoshiarpur,PMGSY-I,50.0,0.0,50.0,0.0,0.0,0.0,517.305,192.6273,516.616,170.6915,0.0,0.998668097157383,0.8861230988546276,1.1270083112021652,10.3461,1.0
Punjab,Jalandhar,PMGSY-III,17.0,1.0,10.0,0.0,7.0,1.0,184.92,154.06062,106.682,52.3965,77.44,0.5769089335929051,0.3401031360252867,1.6962764305413869,10.877647058823529,0.5882352941176471
Punjab,Kapurthala,PMGSY-II,1.0,0.0,1.0,0.0,0.0,0.0,13.69,7.46961,13.69,6.2182,0.0,1.0,0.8324664875408488,1.2012495577498312,13.69,1.0
Punjab,Ludhiana,PMGSY-III,29.0,7.0,29.0,1.0,0.0,6.0,346.892,335.48779,346.795,278.0797,0.0,0.9997203740645504,0.8288817306883209,1.2061073818509203,11.961793103448276,1.0
Punjab,Mukatsar,PMGSY-I,93.0,0.0,93.0,0.0,0.0,0.0,485.107,198.9607,482.632,177.2442,0.0,0.9948980328051337,0.8908503036026713,1.1167959743423614,5.216204301075269,1.0
Punjab,Patiala,PMGSY-I,53.0,0.0,53.0,0.0,0.0,0.0,368.76,179.9957,368.51,162.2487,0.0,0.9993220522833279,0.9014032001875601,1.1086293592871572,6.957735849056603,1.0
Punjab,Ropar,PMGSY-I,39.0,0.0,39.0,0.0,0.0,0.0,200.02,74.2851,192.02,73.5183,0.0,0.96000399960004,0.9896776069494421,0.9700168952585809,5.128717948717949,1.0
Rajasthan,Ajmer,PMGSY-II,8.0,0.0,8.0,0.0,0.0,0.0,84.564,30.2538,84.564,23.3698,0.0,1.0,0.7724583358123609,1.2945682034078168,10.5705,1.0
Rajasthan,Banswara,PMGSY-II,14.0,1.0,14.0,1.0,0.0,0.0,112.125,48.7737,112.35,32.2192,0.0,1.0,0.6605855204751742,1.5168462794074633,8.008928571428571,1.0
Rajasthan,Baran,PMGSY-I,311.0,12.0,311.0,12.0,0.0,0.0,1243.166,301.2303,1171.87,302.0229,0.0,0.9426496541893842,1.0,0.9401758546334217,3.9973183279742766,1.0
Rajasthan,Beawar,PMGSY-I,174.0,0.0,174.0,0.0,0.0,0.0,607.68,104.0071,593.4,92.2855,0.0,0.9765007898894156,0.8873000016345038,1.1005305850226463,3.492413793103448,1.0
Rajasthan,Beawar,PMGSY-III,16.0,0.0,16.0,0.0,0.0,0.0,160.4,82.10855,160.4,63.6851,0.0,1.0,0.7756208092823464,1.289289802481271,10.025,1.0
Rajasthan,Bikaner,PMGSY-I,497.0,0.0,497.0,0.0,0.0,0.0,3068.25,519.5605,2935.64,446.0113,0.0,0.9567799234091093,0.8584395849953951,1.1145570872226749,6.173541247484909,1.0
Rajasthan,Bundi,PMGSY-I,282.0,1.0,282.0,1.0,0.0,0.0,1006.3,256.4899,989.736,241.6649,0.0,0.9835396998906887,0.9422004531172573,1.043875214278088,3.5684397163120565,1.0
Rajasthan,Dausa,PMGSY-II,8.0,0.0,8.0,0.0,0.0,0.0,62.8,24.4409,62.8,17.53,0.0,1.0,0.7172403634890696,1.3942327438676554,7.85,1.0
Rajasthan,Dholpur,PMGSY-II,5.0,0.0,5.0,0.0,0.0,0.0,42.8,17.2821,42.8,15.923,0.0,1.0,0.9213579368248072,1.0853545186208629,8.559999999999999,1.0
Rajasthan,Jaipur,PMGSY-II,18.0,0.0,18.0,0.0,0.0,0.0,153.417,70.7164,153.422,53.3629,0.0,1.0,0.7546043067803226,1.3252410328523019,8.523166666666667,1.0
Rajasthan,Jaisalmer,PMGSY-I,277.0,0.0,277.0,0.0,0.0,0.0,2005.68,267.1791,1959.13,233.0147,0.0,0.9767909138047944,0.8721292196882167,1.1200070949967644,7.24072202166065,1.0
Rajasthan,Jalor,PMGSY-III,17.0,0.0,17.0,0.0,0.0,0.0,139.78,71.5328,135.89,48.4593,0.0,0.9721705537272857,0.6774416771047688,1.435061624614123,8.22235294117647,1.0
Rajasthan,Jhalawar,PMGSY-III,13.0,0.0,13.0,0.0,0.0,0.0,104.398,48.5854,103.98,45.3376,0.0,0.9959960918791548,0.933152757824367,1.0673451731539714,8.030615384615384,1.0
Rajasthan,Jodhpur,PMGSY-II,9.0,1.0,9.0,1.0,0.0,0.0,94.7,46.4647,94.7,33.7623,0.0,1.0,0.7266225758479018,1.3762302923675223,10.522222222222222,1.0
Rajasthan,Karauli,PMGSY-III,18.0,0.0,18.0,0.0,0.0,0.0,149.32,85.3008,146.13,65.5319,0.0,0.9786364854004822,0.7682448464727177,1.2738601370302014,8.295555555555556,1.0
Rajasthan,Khairthal Tijara,PMGSY-I,181.0,0.0,181.0,0.0,0.0,0.0,455.68,80.9631,437.045,72.8551,0.0,0.9591050737359551,0.8998556132361532,1.0658432971115477,2.517569060773481,1.0
Rajasthan,Khairthal Tijara,PMGSY-II,8.0,0.0,8.0,0.0,0.0,0.0,59.826,19.0538,59.826,16.5637,0.0,1.0,0.8693121582046627,1.1503347681979266,7.47825,1.0
Rajasthan,Khairthal Tijara,PMGSY-III,7.0,0.0,6.0,0.0,1.0,0.0,54.842,33.28302,53.024,28.8453,0.45,0.9668502242806608,0.8666671473922739,1.1155957938290717,7.8345714285714285,0.8571428571428571
Rajasthan,Kotputli Behror,PMGSY-II,8.0,0.0,8.0,0.0,0.0,0.0,69.61,32.9576,69.74,27.586,0.0,1.0,0.8370148311770275,1.1969531607430166,8.70125,1.0
Rajasthan,Kotputli Behror,PMGSY-III,17.0,0.0,16.0,0.0,1.0,0.0,130.193,80.36925,128.95,64.9867,0.303,0.9904526357023802,0.8086015484778072,1.2248957939381984,7.658411764705883,0.9411764705882353
Rajasthan,Pali,PMGSY-III,32.0,9.0,32.0,8.0,0.0,1.0,324.44,226.93041,322.45,179.6481,0.0,0.993866354333621,0.7916440110428568,1.255446059680753,10.13875,1.0
Rajasthan,Sikar,PMGSY-II,11.0,0.0,11.0,0.0,0.0,0.0,111.89,58.14324,112.49,46.8423,0.0,1.0,0.8056362184150729,1.2479111372216949,10.171818181818182,1.0
Sikkim,East,PMGSY-III,3.0,3.0,1.0,0.0,2.0,3.0,21.05,38.2148,14.15,7.6189,6.9,0.672209026128266,0.19937040099647257,3.0,7.016666666666667,0.3333333333333333
Sikkim,South,PMGSY-II,10.0,0.0,10.0,0.0,0.0,0.0,41.782,36.0774,41.78,33.2743,0.0,0.9999521324972477,0.9223031593185762,1.0841902929575138,4.1781999999999995,1.0
Tamil Nadu,Chengalpattu,PMGSY-III,19.0,3.0,17.0,1.0,2.0,2.0,81.153,71.6795,80.153,49.9247,1.0,0.9876775966384483,0.6964989990164552,1.4180603246137815,4.27121052631579,0.8947368421052632
Tamil Nadu,Coimbatore,PMGSY-I,160.0,5.0,160.0,5.0,0.0,0.0,330.124,107.93731,326.648,192.651,0.0,0.9894706231597824,1.0,0.5543744771005112,2.063275,1.0
Tamil Nadu,Dharmapuri,PM-JANMAN,1.0,0.0,0.0,0.0,1.0,0.0,1.52,1.7112,0.0,0.0,1.52,0.0,0.0,,1.52,0.0
Tamil Nadu,Mayiladuthurai,PMGSY-I,255.0,6.0,255.0,6.0,0.0,0.0,471.007,243.27293,468.107,230.6614,0.0,0.993842978979081,0.9481589258615827,1.0481818520834845,1.847086274509804,1.0
Tamil Nadu,Mayiladuthurai,PMGSY-II,27.0,1.0,27.0,1.0,0.0,0.0,74.724,63.01125,74.724,69.2189,0.0,1.0,1.0,0.91031856906134,2.7675555555555555,1.0
Tamil Nadu,Mayiladuthurai,PMGSY-III,59.0,10.0,50.0,6.0,9.0,4.0,236.544,234.7002,225.538,221.8548,10.89,0.9534716585497836,0.945268900495185,1.0086776980077325,4.009220338983051,0.847457627118644
Tamil Nadu,Namakkal,PMGSY-III,108.0,0.0,104.0,0.0,4.0,0.0,375.834,209.22077,363.314,192.6063,12.521,0.9666874205101189,0.9205888115219154,1.0500751349693176,3.4799444444444445,0.9629629629629629
Tamil Nadu,Pudukkottai,PMGSY-I,317.0,2.0,317.0,2.0,0.0,0.0,734.32,217.13178,734.418,175.4299,0.0,1.0,0.8079420709395926,1.2378776805625096,2.316466876971609,1.0
Tamil Nadu,Pudukkottai,PMGSY-II,17.0,0.0,17.0,0.0,0.0,0.0,92.88,37.80413,92.967,39.9942,0.0,1.0,1.0,0.9461257093599632,5.463529411764705,1.0
Tamil Nadu,Ramanathapuram,PMGSY-I,361.0,2.0,361.0,2.0,0.0,0.0,822.018,260.6557,819.181,240.7931,0.0,0.9965487373755806,0.9237975613040497,1.0787522928387405,2.2770581717451526,1.0
Tamil Nadu,Ranipet,PMGSY-III,7.0,0.0,7.0,0.0,0.0,0.0,18.032,9.47379,18.03,9.2599,0.0,0.9998890860692103,0.9774229743323423,1.0229850457036926,2.576,1.0
Tamil Nadu,Salem,PMGSY-I,304.0,5.0,304.0,5.0,0.0,0.0,630.305,184.66714,619.565,196.6479,0.0,0.9829606301711078,1.0,0.9230738202965614,2.0733717105263154,1.0
Tamil Nadu,Tenkasi,PMGSY-II,3.0,0.0,3.0,0.0,0.0,0.0,9.532,4.1148,9.532,3.9285,0.0,1.0,0.954724409448819,1.047422680412371,3.1773333333333333,1.0
Tamil Nadu,Thanjavur,PMGSY-III,29.0,1.0,22.0,1.0,7.0,0.0,109.826,65.78695,92.081,46.1832,17.745,0.8384262378671717,0.702011569163793,1.194319687445992,3.787103448275862,0.7586206896551724
Tamil Nadu,Tiruchirappalli,PMGSY-I,268.0,1.0,268.0,1.0,0.0,0.0,552.955,140.1259,545.514,123.8914,0.0,0.9865432087602065,0.8841434738331744,1.1158180068706287,2.0632649253731343,1.0
Tamil Nadu,Tiruchirappalli,PMGSY-III,83.0,1.0,78.0,1.0,5.0,0.0,323.195,177.88772,309.977,155.0361,12.685,0.9591020900694627,0.8715390809438673,1.1004694006730777,3.893915662650602,0.9397590361445783
Tamil Nadu,Tirunelveli,PMGSY-I,211.0,0.0,211.0,0.0,0.0,0.0,446.564,87.18956,438.87,78.9586,0.0,0.9827706666905527,0.9055969544977633,1.08521860835496,2.1164170616113744,1.0
Tamil Nadu,Tirunelveli,PMGSY-II,18.0,0.0,18.0,0.0,0.0,0.0,74.681,25.50315,74.681,24.4464,0.0,1.0,0.9585639421012698,1.0432272236402906,4.148944444444444,1.0
Tamil Nadu,Tirunelveli,PMGSY-III,46.0,0.0,43.0,0.0,3.0,0.0,192.225,102.1219,188.625,86.8354,3.6,0.981271946937183,0.8503112456779595,1.1540150173538015,4.178804347826087,0.9347826086956522
Tamil Nadu,Tiruvallur,PMGSY-I,198.0,1.0,198.0,1.0,0.0,0.0,403.181,89.74477,402.781,78.8675,0.0,0.9990078897567098,0.8787977282687337,1.1367893402783311,2.0362676767676766,1.0
Tamil Nadu,Tuticorin,PMGSY-III,36.0,2.0,28.0,2.0,8.0,0.0,164.34,101.52025,147.85,75.9426,16.48,0.8996592430327369,0.7480537134217065,1.202666635952604,4.565,0.7777777777777778
Telangana,Adilabad,PMGSY-I,186.0,28.0,180.0,28.0,6.0,0.0,654.472,193.42658,578.392,48.196,30.75,0.883753621239717,0.2491694781554841,3.0,3.5186666666666664,0.967741935483871
Telangana,Adilabad,PMGSY-III,7.0,7.0,5.0,4.0,2.0,3.0,60.545,62.04833,44.62,46.8793,15.05,0.736972499793542,0.7555287950537911,0.9754393275521313,8.649285714285714,0.7142857142857143
Telangana,Adilabad,PM-JANMAN,15.0,0.0,0.0,0.0,15.0,0.0,43.875,44.28494,0.0,0.0,43.875,0.0,0.0,,2.925,0.0
Telangana,Jagitial,PMGSY-I,83.0,6.0,83.0,6.0,0.0,0.0,270.489,44.4377,266.892,87.5639,0.0,0.9867018621829354,1.0,0.5007401605127983,3.258903614457831,1.0
Telangana,Jayashankar Bhoopalapally,PMGSY-III,3.0,0.0,0.0,0.0,3.0,0.0,26.067,19.118,2.6,13.8843,23.467,0.09974297003874631,0.7262422847578199,0.1373411768112726,8.689,0.0
Telangana,Jogulamba Gadwal,PMGSY-I,25.0,1.0,25.0,1.0,0.0,0.0,151.925,31.8538,146.475,60.6567,0.0,0.9641270363666281,1.0,0.5063102640106583,6.077000000000001,1.0
Telangana,Karimnagar,PMGSY-I,65.0,7.0,65.0,7.0,0.0,0.0,170.461,30.67287,170.612,49.1757,0.0,1.0,1.0,0.6242929138624793,2.622476923076923,1.0
Telangana,Khammam,PMGSY-I,135.0,9.0,135.0,9.0,0.0,0.0,423.151,108.162,419.051,37.213,0.0,0.990310787402133,0.3440487417022614,2.8784025847684815,3.134451851851852,1.0
Telangana,Mahaboobnagar,PMGSY-I,43.0,4.0,43.0,4.0,0.0,0.0,181.035,42.3286,175.095,71.2372,0.0,0.9671886651752424,1.0,0.5746961156914753,4.2101162790697675,1.0
Telangana,Mahabubabad,PMGSY-III,15.0,12.0,5.0,1.0,10.0,11.0,103.632,96.02237,43.991,72.0584,58.888,0.42449243476918325,0.7504334667015614,0.5656629849345444,6.9088,0.3333333333333333
Telangana,Nagarkurnool,PMGSY-I,47.0,3.0,47.0,3.0,0.0,0.0,246.22,53.8064,240.37,95.9604,0.0,0.9762407602956705,1.0,0.5473924748622657,5.238723404255319,1.0
Telangana,Narayanpet,PMGSY-II,3.0,0.0,3.0,0.0,0.0,0.0,30.29,18.952,29.853,14.4262,0.0,0.9855727963024101,0.7611967074715069,1.2947675503960347,10.096666666666666,1.0
Telangana,Rajanna Sircilla,PMGSY-III,12.0,4.0,1.0,2.0,11.0,2.0,80.699,58.18098,33.817,25.879,47.128,0.41905104152467815,0.4448017204247849,0.9421075105655732,6.724916666666666,0.08333333333333333
Telangana,Sangareddy,PMGSY-I,147.0,9.0,147.0,9.0,0.0,0.0,414.57,94.1774,405.846,182.4015,0.0,0.9789565091540633,1.0,0.5054540601102836,2.820204081632653,1.0
Telangana,Suryapet,PMGSY-II,6.0,0.0,6.0,0.0,0.0,0.0,39.72,19.7316,39.72,13.9825,0.0,1.0,0.7086348800908188,1.4111639549436796,6.62,1.0
Telangana,Vikarabad,PMGSY-III,13.0,2.0,9.0,0.0,4.0,2.0,93.085,60.13381,74.434,48.7987,16.577,0.7996347424397057,0.8115018822190045,0.9853763250100556,7.160384615384615,0.6923076923076923
Telangana,Yadadri Bhongiri,PMGSY-II,6.0,1.0,6.0,1.0,0.0,0.0,34.0,16.2395,31.98,14.415,0.0,0.9405882352941176,0.8876504818498107,1.059638060843484,5.666666666666667,1.0
Tripura,Gomati,PMGSY-III,20.0,1.0,1.0,0.0,19.0,1.0,148.475,144.96541,10.103,10.1197,138.372,0.0680451254419936,0.06980768722690468,0.9747511792049205,7.42375,0.05
Tripura,Gomati,PM-JANMAN,25.0,0.0,0.0,0.0,25.0,0.0,44.103,44.6882,0.0,0.0,44.103,0.0,0.0,,1.7641200000000001,0.0
Tripura,Khowai,PMGSY-II,6.0,0.0,5.0,0.0,1.0,0.0,24.681,25.23502,23.961,25.8621,0.578,0.9708277622462622,1.0,0.9472880391321536,4.1135,0.8333333333333334
Tripura,Unakoti,PMGSY-II,3.0,0.0,3.0,0.0,0.0,0.0,17.488,16.9733,17.488,18.5313,0.0,1.0,1.0,0.915926027855574,5.8293333333333335,1.0
Tripura,West Tripura,PMGSY-I,168.0,6.0,168.0,6.0,0.0,0.0,465.545,274.9518,443.853,247.0557,0.0,0.9534051488040898,0.8985418535175984,1.0610581411113054,2.7711011904761906,1.0
Uttar Pradesh,Aligarh,PMGSY-I,205.0,0.0,205.0,0.0,0.0,0.0,690.625,184.3754,682.44,175.3916,0.0,0.9881484162895928,0.9512744107944986,1.0387627429863242,3.3689024390243905,1.0
Uttar Pradesh,Ambedkarnagar,PMGSY-II,17.0,0.0,17.0,0.0,0.0,0.0,108.825,65.43626,103.845,50.0185,0.0,0.9542384562370778,0.7643850672394785,1.2483740161006036,6.401470588235294,1.0
Uttar Pradesh,Amethi,PMGSY-II,17.0,0.0,17.0,0.0,0.0,0.0,106.3,71.95935,106.275,64.0155,0.0,0.9997648165569145,0.8896064236266726,1.1238282346041943,6.252941176470588,1.0
Uttar Pradesh,Badaun,PMGSY-III,22.0,0.0,22.0,0.0,0.0,0.0,143.705,96.9952,141.583,80.4611,0.0,0.9852336383563549,0.8295369255385834,1.18769111780851,6.532045454545455,1.0
Uttar Pradesh,Baghpat,PMGSY-III,12.0,0.0,12.0,0.0,0.0,0.0,72.715,31.08809,72.635,29.486,0.0,0.9988998143436705,0.9484661167669033,1.0531739581258672,6.059583333333333,1.0
Uttar Pradesh,Bahraich,PMGSY-III,43.0,0.0,41.0,0.0,2.0,0.0,354.029,289.68228,336.225,266.9239,12.76,0.9497103344641259,0.9214367547783731,1.030684232573893,8.233232558139536,0.9534883720930233
Uttar Pradesh,Bijnor,PMGSY-I,240.0,0.0,240.0,0.0,0.0,0.0,607.99,117.6318,597.435,106.644,0.0,0.9826395170973206,0.9065915849285653,1.0838833422160514,2.5332916666666665,1.0
Uttar Pradesh,Bijnor,PMGSY-II,9.0,0.0,9.0,0.0,0.0,0.0,97.67,44.97122,97.67,39.5673,0.0,1.0,0.8798360373590043,1.1365754044375027,10.852222222222222,1.0
Uttar Pradesh,Chandauli,PMGSY-III,18.0,0.0,18.0,0.0,0.0,0.0,135.425,55.76251,132.61,44.5444,0.0,0.9792135868561935,0.7988234389018716,1.225819798430428,7.523611111111112,1.0
Uttar Pradesh,Chitrakoot,PMGSY-II,14.0,0.0,14.0,0.0,0.0,0.0,101.7,55.808,101.699,51.8173,0.0,0.9999901671583087,0.9284923308486239,1.0770042292587783,7.264285714285714,1.0
Uttar Pradesh,Deoria,PMGSY-I,173.0,0.0,173.0,0.0,0.0,0.0,578.835,182.1108,572.889,162.2231,0.0,0.9897276425924486,0.8907934070906283,1.1110630531325372,3.3458670520231215,1.0
Uttar Pradesh,Etah,PMGSY-I,274.0,0.0,274.0,0.0,0.0,0.0,718.952,166.1075,714.712,150.8243,0.0,0.994102527011539,0.9079921135409299,1.0948360808276199,2.623912408759124,1.0
Uttar Pradesh,Etawah,PMGSY-I,245.0,0.0,245.0,0.0,0.0,0.0,562.59,143.5727,548.383,136.8036,0.0,0.9747471515668604,0.9528524573264973,1.0229780529734844,2.2962857142857143,1.0
Uttar Pradesh,Fatehpur,PMGSY-II,11.0,0.0,11.0,0.0,0.0,0.0,101.975,86.3941,101.465,78.3542,0.0,0.9949987742093651,0.9069392470087657,1.0970952877946722,9.270454545454545,1.0
Uttar Pradesh,Ghazipur,PMGSY-I,252.0,0.0,252.0,0.0,0.0,0.0,717.532,206.8764,710.807,196.5916,0.0,0.9906275957030487,0.9502852911206885,1.0424528349110653,2.8473492063492065,1.0
Uttar Pradesh,Gonda,PMGSY-II,16.0,0.0,16.0,0.0,0.0,0.0,101.14,63.7346,100.89,61.843,0.0,0.997528178762112,0.9703206735430991,1.0280397047706562,6.32125,1.0
Uttar Pradesh,Hapur,PMGSY-I,131.0,0.0,131.0,0.0,0.0,0.0,424.57,100.07328,425.04,94.6871,0.0,1.0,0.9461776410246572,1.0580539625674676,3.2409923664122138,1.0
Uttar Pradesh,J.B.F.Nagar,PMGSY-III,8.0,0.0,8.0,0.0,0.0,0.0,70.35,48.99476,68.695,38.8453,0.0,0.9764747690120824,0.792846010471324,1.2316070915606885,8.79375,1.0
Uttar Pradesh,Jhansi,PMGSY-II,14.0,0.0,14.0,0.0,0.0,0.0,110.42,70.2237,110.24,64.3545,0.0,0.9983698605325122,0.9164213791070537,1.0894222715595174,7.887142857142857,1.0
Uttar Pradesh,Kannauj,PMGSY-II,14.0,0.0,14.0,0.0,0.0,0.0,107.955,80.04009,107.85,74.0124,0.0,0.9990273725163262,0.9246916139149768,1.0803897834507499,7.711071428571429,1.0
Uttar Pradesh,Kanpur Nagar,PMGSY-II,11.0,0.0,11.0,0.0,0.0,0.0,103.22,85.5865,103.22,77.4466,0.0,1.0,0.9048927108831416,1.1051033873662628,9.383636363636363,1.0
Uttar Pradesh,Lalitpur,PMGSY-II,14.0,0.0,14.0,0.0,0.0,0.0,110.291,66.9178,109.891,61.9163,0.0,0.9963732308166579,0.9252590491618075,1.0768586718706212,7.877928571428571,1.0
Uttar Pradesh,Lucknow,PMGSY-II,15.0,0.0,15.0,0.0,0.0,0.0,99.5,61.2842,99.162,55.7579,0.0,0.996603015075377,0.9098250446281423,1.0953787444735619,6.633333333333334,1.0
Uttar Pradesh,Mahoba,PMGSY-I,94.0,0.0,94.0,0.0,0.0,0.0,418.29,105.789,414.5,103.4036,0.0,0.9909393004853092,0.9774513418219285,1.0137991100797301,4.449893617021277,1.0
Uttar Pradesh,Mainpuri,PMGSY-III,11.0,0.0,11.0,0.0,0.0,0.0,77.3,42.6268,76.438,31.625,0.0,0.9888486416558863,0.7419041541940751,1.3328522775695537,7.027272727272727,1.0
Uttar Pradesh,Mathura,PMGSY-I,201.0,0.0,201.0,0.0,0.0,0.0,580.757,152.4311,571.651,145.1983,0.0,0.9843204644971993,0.9525503653781938,1.0333526711801657,2.8893383084577113,1.0
Uttar Pradesh,Mathura,PMGSY-II,11.0,0.0,11.0,0.0,0.0,0.0,94.5,69.5562,90.835,58.4898,0.0,0.9612169312169312,0.8408998766465103,1.1430813083838738,8.590909090909092,1.0
Uttar Pradesh,Mau,PMGSY-I,214.0,0.0,214.0,0.0,0.0,0.0,573.175,156.0495,572.837,154.6465,0.0,0.9994103022637066,0.9910092630863925,1.008477255955358,2.6783878504672893,1.0
Uttar Pradesh,Meerut,PMGSY-I,289.0,0.0,289.0,0.0,0.0,0.0,660.754,147.5156,649.583,141.2229,0.0,0.9830935567548588,0.9573421387297344,1.0268988661245948,2.2863460207612456,1.0
Uttar Pradesh,Muzaffarnagar,PMGSY-I,204.0,0.0,204.0,0.0,0.0,0.0,560.02,108.6372,559.77,104.6458,0.0,0.9995535873718796,0.9632593623546998,1.0376785593118536,2.7451960784313725,1.0
Uttar Pradesh,Prayagraj,PMGSY-III,66.0,0.0,54.0,0.0,12.0,0.0,478.542,436.48762,404.726,327.1316,66.165,0.8457481266012179,0.7494636388541788,1.1284711929377176,7.250636363636363,0.8181818181818182
Uttar Pradesh,Rampur,PMGSY-I,274.0,0.0,274.0,0.0,0.0,0.0,776.525,183.53337,750.727,176.2981,0.0,0.9667776311129712,0.9605779047156384,1.0064541630271706,2.834032846715328,1.0
Uttar Pradesh,S.K. Nagar,PMGSY-I,236.0,0.0,236.0,0.0,0.0,0.0,598.98,162.2786,584.136,148.8684,0.0,0.9752178703796454,0.9173631027134816,1.0630663774191857,2.5380508474576273,1.0
Uttar Pradesh,S.K. Nagar,PMGSY-II,9.0,0.0,9.0,0.0,0.0,0.0,84.1,48.7657,83.59,37.6026,0.0,0.9939357907253271,0.7710870550407356,1.2890059354878143,9.344444444444443,1.0
Uttar Pradesh,S.K. Nagar,PMGSY-III,23.0,0.0,23.0,0.0,0.0,0.0,152.4,137.38049,151.35,122.1548,0.0,0.9931102362204723,0.8891713808853061,1.116894062910211,6.626086956521739,1.0
Uttar Pradesh,Saharanpur,PMGSY-II,11.0,0.0,11.0,0.0,0.0,0.0,104.1,46.7217,101.22,41.432,0.0,0.9723342939481269,0.8867828011395134,1.0964740099815649,9.463636363636363,1.0
Uttar Pradesh,Sitapur,PMGSY-I,384.0,0.0,384.0,0.0,0.0,0.0,992.655,327.422,957.959,301.1009,0.0,0.9650472722144149,0.9196110829449456,1.0494080488068556,2.5850390625,1.0
Uttar Pradesh,Sitapur,PMGSY-II,11.0,0.0,11.0,0.0,0.0,0.0,92.775,77.9234,90.918,66.0692,0.0,0.979983831851253,0.8478736810765444,1.1558134822712842,8.43409090909091,1.0
Uttar Pradesh,Sonebhadra,PMGSY-I,170.0,0.0,170.0,0.0,0.0,0.0,896.93,257.4752,870.422,230.5315,0.0,0.9704458541915201,0.8953541933359019,1.0838681065153024,5.276058823529412,1.0
Uttar Pradesh,Sonebhadra,PMGSY-II,12.0,0.0,12.0,0.0,0.0,0.0,101.6,43.24026,99.45,41.1159,0.0,0.9788385826771654,0.9508707856983285,1.0294128260111568,8.466666666666667,1.0
Uttar Pradesh,Sonebhadra,RCPLWEA,18.0,11.0,13.0,11.0,5.0,0.0,460.375,363.0348,408.775,313.3997,51.5,0.8879174585935379,0.8632772946285039,1.028542583151845,25.57638888888889,0.7222222222222222
Uttar Pradesh,Sonebhadra,PMGSY-III,28.0,0.0,26.0,0.0,2.0,0.0,237.15,177.62324,221.9,136.8736,14.75,0.9356947079907232,0.770583849275579,1.214267219421175,8.469642857142857,0.9285714285714286
Uttar Pradesh,Unnao,PMGSY-I,307.0,0.0,307.0,0.0,0.0,0.0,1074.58,338.0768,1056.763,328.4345,0.0,0.9834195685756295,0.9714789657261309,1.012291159428834,3.500260586319218,1.0
Uttar Pradesh,Unnao,PMGSY-III,73.0,0.0,71.0,0.0,2.0,0.0,557.875,485.47716,537.044,418.6417,9.3,0.9626600941071028,0.8623303720405714,1.116347197454169,7.642123287671233,0.9726027397260274
Uttar Pradesh,Varanasi,PMGSY-III,16.0,0.0,16.0,0.0,0.0,0.0,94.4,34.6486,92.484,28.2152,0.0,0.9797033898305083,0.8143243882869726,1.203087373928994,5.9,1.0
Uttarakhand,Almora,PMGSY-I,306.0,33.0,304.0,33.0,2.0,0.0,2772.415,1363.5677,2767.312,1292.6049,3.95,0.9981593664729126,0.9479579928447998,1.0529573820855287,9.060179738562091,0.9934640522875817
Uttarakhand,Almora,PMGSY-II,10.0,0.0,10.0,0.0,0.0,0.0,108.175,62.7289,108.175,56.0987,0.0,1.0,0.8943039013915436,1.1181881220063923,10.817499999999999,1.0
Uttarakhand,Bageshwar,PMGSY-II,9.0,0.0,9.0,0.0,0.0,0.0,52.125,31.849,52.125,30.9384,0.0,1.0,0.9714088354422431,1.0294326791301425,5.791666666666667,1.0
Uttarakhand,Champawat,PMGSY-II,4.0,0.0,4.0,0.0,0.0,0.0,42.0,26.0547,42.0,25.7562,0.0,1.0,0.9885433338322835,1.01158944254199,10.5,1.0
Uttarakhand,Dehradun,PMGSY-III,12.0,0.0,6.0,0.0,6.0,0.0,114.045,93.08242,54.325,47.9906,59.715,0.47634705598667193,0.515571039085576,0.9239212831495107,9.50375,0.5
Uttarakhand,Nainital,PMGSY-III,9.0,0.0,3.0,0.0,6.0,0.0,96.283,75.4575,54.212,38.7865,42.063,0.5630485132370201,0.5140178246032535,1.0953871369569939,10.69811111111111,0.3333333333333333
Uttarakhand,Pauri,PMGSY-II,16.0,0.0,16.0,0.0,0.0,0.0,136.372,95.2061,135.947,98.1275,0.0,0.9968835244771653,1.0,0.9672048357466098,8.52325,1.0
Uttarakhand,Pithoragarh,PMGSY-II,13.0,0.0,13.0,0.0,0.0,0.0,89.6,59.7582,87.55,56.7585,0.0,0.9771205357142857,0.9498027049007499,1.0287615845612803,6.892307692307692,1.0
Uttarakhand,Pithoragarh,PMGSY-III,26.0,5.0,2.0,0.0,24.0,5.0,375.502,343.16935,138.8,141.5065,236.702,0.3696385105805029,0.41235180239727115,0.8964154113830766,14.442384615384615,0.07692307692307693
Uttarakhand,Rudraprayag,PMGSY-II,7.0,2.0,7.0,2.0,0.0,0.0,44.915,36.24517,43.2,37.4478,0.0,0.9618167650005567,1.0,0.930928176189128,6.416428571428571,1.0
Uttarakhand,Tehri,PMGSY-I,258.0,16.0,257.0,13.0,1.0,3.0,2097.752,1030.97501,2074.19,1001.5418,0.0,0.9887679763861505,0.9714510926894337,1.017825790538539,8.130821705426357,0.9961240310077519
Uttarakhand,Tehri,PMGSY-III,18.0,0.0,15.0,0.0,3.0,0.0,164.127,140.24796,134.013,113.2139,29.353,0.8165201337988265,0.8072409751984984,1.011494905344772,9.118166666666667,0.8333333333333334
West Bengal,Alipurduar,PMGSY-II,11.0,2.0,11.0,2.0,0.0,0.0,135.36,113.9922,135.16,101.2693,0.0,0.9985224586288415,0.8883879774230167,1.123971152249602,12.305454545454547,1.0
West Bengal,Cooch-Behar,PMGSY-I,379.0,4.0,379.0,4.0,0.0,0.0,1251.68,495.71501,1248.466,458.8132,0.0,0.9974322510545826,0.9255584171235807,1.077654562479556,3.302585751978892,1.0
West Bengal,Dakshin Dinajpur,PMGSY-I,248.0,0.0,248.0,0.0,0.0,0.0,926.373,449.5262,919.535,391.7352,0.0,0.992618524071837,0.8714401963667524,1.1390552423566263,3.7353750000000003,1.0
West Bengal,Darjeeling,PMGSY-II,11.0,1.0,11.0,1.0,0.0,0.0,82.719,97.20272,80.228,95.8807,0.0,0.9698859995889699,0.9863993517876867,0.9832589587890654,7.51990909090909,1.0
West Bengal,Hooghly,PMGSY-III,10.0,1.0,2.0,0.0,8.0,1.0,65.788,50.86468,14.228,11.6468,51.518,0.21627044445795587,0.2289761775754807,0.9445106768221054,6.578799999999999,0.2
West Bengal,Jalpaiguri,PMGSY-II,16.0,0.0,16.0,0.0,0.0,0.0,95.62,78.00579,93.74,67.0303,0.0,0.980338841246601,0.859299034084521,1.1408587725122177,5.97625,1.0
West Bengal,Jalpaiguri,PMGSY-III,19.0,2.0,10.0,0.0,9.0,2.0,117.163,97.10361,66.354,47.4932,50.339,0.5663392026493006,0.48909819109711783,1.1579253674582604,6.166473684210526,0.5263157894736842
West Bengal,Murshidabad,PMGSY-I,410.0,4.0,410.0,4.0,0.0,0.0,2053.367,922.56231,2032.725,841.8226,0.0,0.9899472427481302,0.9124831904307905,1.0848936759928347,5.008212195121952,1.0
West Bengal,Murshidabad,PMGSY-II,14.0,0.0,14.0,0.0,0.0,0.0,162.946,105.63891,162.849,99.9851,0.0,0.9994047107630748,0.9464798529254042,1.0559175746573888,11.639,1.0
West Bengal,Nadia,PMGSY-II,14.0,0.0,14.0,0.0,0.0,0.0,132.955,121.22049,132.693,97.3562,0.0,0.9980294084464668,0.8031331996760613,1.2426698446148354,9.496785714285716,1.0
West Bengal,North 24 Parganas,PMGSY-I,468.0,0.0,468.0,0.0,0.0,0.0,2160.54,1095.63808,2146.782,1006.0385,0.0,0.993632147518676,0.9182215535991594,1.0821267956779377,4.616538461538461,1.0
West Bengal,Paschim Medinipur,PMGSY-III,28.0,0.0,0.0,0.0,28.0,0.0,267.988,231.62961,0.0,26.0738,267.988,0.0,0.11256678280466818,0.0,9.571,0.0
West Bengal,Purba Burdwan,PMGSY-III,27.0,1.0,4.0,0.0,23.0,1.0,262.32,224.35171,23.98,16.062,238.34,0.09141506556877096,0.07159294662830963,1.2768725115250834,9.715555555555556,0.14814814814814814
West Bengal,Purba Medinipur,PMGSY-III,34.0,0.0,0.0,0.0,34.0,0.0,314.717,240.26852,0.0,1.05,314.717,0.0,0.004370110574618764,0.0,9.256382352941175,0.0
West Bengal,Uttardinajpur,PMGSY-III,22.0,0.0,5.0,0.0,17.0,0.0,158.926,110.2833,43.525,36.2597,115.301,0.2738695996879051,0.3287868607486356,0.8329700252142499,7.22390909090909,0.22727272727272727
