specialist_id,center_name,lat,lon,specialty,specialists_count,state,district,has_telemedicine
SPEC_1,Chunawadh,29.082107,73.727328,Community Health Center,2,Rajasthan,Ganganagar,0
SPEC_16,COMMUNITY HEALTH CENTER,29.821068,73.727328,Community Health Center,2,Rajasthan,Ganganagar,0
SPEC_20,Kumbakonam,10.96929,79.385643,District Hospital,8,Tamil Nadu,Thanjavur,0
SPEC_21,NEEDAMANGALAM,10.770053,79.41564,Sub-District Hospital,3,Tamil Nadu,Thiruvarur,0
SPEC_22,KODAVASAL,10.858903,79.478826,Sub-District Hospital,3,Tamil Nadu,Thiruvarur,0
SPEC_23,VALANGAIMAN,10.888702,79.393221,Sub-District Hospital,3,Tamil Nadu,Thiruvarur,0
SPEC_24,NANNILAM,10.880219,79.613713,Sub-District Hospital,3,Tamil Nadu,Thiruvarur,0
SPEC_27,DH Kanker,20.264274,81.495599,District Hospital,8,Chhattisgarh,Kanker,0
SPEC_28,CH Pakhanjure,20.03318,80.627774,Sub-District Hospital,3,Chhattisgarh,Kanker,0
SPEC_31,CHENNIMALAI,11.1629,77.6018,Community Health Center,2,Tamil Nadu,Erode,0
SPEC_34,COIMBATORE MEDL COLLEGE HOSP MCH,11.030322,77.023219,Medical Colleges Hospital,20,Tamil Nadu,Coimbatore,0
SPEC_35,POLLACHI,10.657274,77.010669,District Hospital,8,Tamil Nadu,Coimbatore,0
SPEC_37,METTUPALAYAM,11.289725,76.941483,Sub-District Hospital,3,Tamil Nadu,Coimbatore,0
SPEC_38,VALPARAI,10.3298,76.9578,Sub-District Hospital,3,Tamil Nadu,Coimbatore,0
SPEC_39,THONDAMUTHUR,10.9913,76.842,Sub-District Hospital,3,Tamil Nadu,Coimbatore,0
SPEC_57,UTHAGAMANDALAM,11.40798,76.699939,District Hospital,8,Tamil Nadu,The Nilgiris,0
SPEC_60,Civil Hospital Kharsia,21.9881,83.1041,Sub-District Hospital,3,Chhattisgarh,Raigarh,0
SPEC_62,MANNARGUDI,10.664869,79.450715,District Hospital,8,Tamil Nadu,Thiruvarur,0
SPEC_66,KOOTHANALLUR,10.709803,79.519298,Sub-District Hospital,3,Tamil Nadu,Thiruvarur,0
SPEC_68,DH Raigarh,21.8907,83.4032,District Hospital,8,Chhattisgarh,Raigarh,0
SPEC_70,"Goverment Medical College, Raigarh",21.87422,83.41685,Medical Colleges Hospital,20,Chhattisgarh,Raigarh,0
SPEC_80,ARCOT,12.9023,79.3382,Sub-District Hospital,3,Tamil Nadu,Vellore,0
SPEC_81,ANNUR,11.2323,77.1018,Sub-District Hospital,3,Tamil Nadu,Coimbatore,0
SPEC_89,KOTTUR,10.535008,76.99597,Sub-District Hospital,3,Tamil Nadu,Coimbatore,0
SPEC_93,Bhavani,11.450614,77.681761,Sub-District Hospital,3,Tamil Nadu,Erode,0
SPEC_96,Kavanthapadi,11.339511,77.7169,Sub-District Hospital,3,Tamil Nadu,Erode,0
SPEC_100,SULUR,11.0252,77.1232,Sub-District Hospital,3,Tamil Nadu,Coimbatore,0
SPEC_117,VETTAIKARANPUTHUR,10.5643,76.9198,Sub-District Hospital,3,Tamil Nadu,Coimbatore,0
SPEC_135,Civil Hospital Dharamjaigarh,22.464482,83.20808,Civil Hospital/General Hospital,5,Chhattisgarh,Raigarh,0
SPEC_136,HARUR,12.061148,78.475372,Sub-District Hospital,3,Tamil Nadu,Dharmapuri,0
SPEC_139,PENNAGARAM,12.129591,77.902363,District Hospital,8,Tamil Nadu,Dharmapuri,0
SPEC_145,PALACODE,12.214333,78.132023,Sub-District Hospital,3,Tamil Nadu,Dharmapuri,0
SPEC_149,PAPPIREDDIPATTI,11.918415,78.364843,Sub-District Hospital,3,Tamil Nadu,Dharmapuri,0
SPEC_150,Civil Hospital jhajjar,28.36,76.38,District Hospital,8,Haryana,Jhajjar,0
SPEC_151,CUDDALORE,11.757087,79.760034,District Hospital,8,Tamil Nadu,Cuddalore,0
SPEC_154,DHARMAPURI MEDL COLL HOSPITAL  MCH,12.122189,78.157252,Medical Colleges Hospital,20,Tamil Nadu,Dharmapuri,0
SPEC_156,PANRUTTI,11.767497,79.549828,Sub-District Hospital,3,Tamil Nadu,Cuddalore,0
SPEC_160,CHIDAMBARAM,11.395203,79.699365,Sub-District Hospital,3,Tamil Nadu,Cuddalore,0
SPEC_164,VIRUDHACHALAM,11.515631,79.317366,Sub-District Hospital,3,Tamil Nadu,Cuddalore,0
SPEC_167,KATTUMANNARKOIL,11.284465,79.552102,Sub-District Hospital,3,Tamil Nadu,Cuddalore,0
SPEC_169,THITTAKUDI,11.401305,79.122784,Sub-District Hospital,3,Tamil Nadu,Cuddalore,0
SPEC_172,KURINCHIPADI,11.560902,79.597497,Sub-District Hospital,3,Tamil Nadu,Cuddalore,0
SPEC_175,PORTNOVA,11.490339,79.754879,Sub-District Hospital,3,Tamil Nadu,Cuddalore,0
SPEC_181,PERAMBALUR,11.240984,78.866573,District Hospital,8,Tamil Nadu,Perambalur,0
SPEC_182,Kovilpatti,9.167414,77.876744,District Hospital,8,Tamil Nadu,Thoothukkudi,0
SPEC_184,Ettayapuram,9.1478,77.9918,Sub-District Hospital,3,Tamil Nadu,Thoothukkudi,0
SPEC_186,KRISHNAPURAM,11.379712,78.788169,Sub-District Hospital,3,Tamil Nadu,Perambalur,0
SPEC_187,Ottapidaram,8.9094,78.0213,Sub-District Hospital,3,Tamil Nadu,Thoothukkudi,0
SPEC_188,SATHANKULAM,8.4433,77.9093,Sub-District Hospital,3,Tamil Nadu,Thoothukkudi,0
SPEC_189,SRIVAIKUNDAM,8.6288,77.9121,Sub-District Hospital,3,Tamil Nadu,Thoothukkudi,0
SPEC_190,VEPPUR,11.314634,79.064646,Sub-District Hospital,3,Tamil Nadu,Perambalur,0
SPEC_191,Kalavai,12.798085,79.402864,Sub-District Hospital,3,Tamil Nadu,Vellore,0
SPEC_192,THOOTHUKUDI MEDL COLL HL MCH,8.798356,78.136132,Medical Colleges Hospital,20,Tamil Nadu,Thoothukkudi,0
SPEC_193,Vilathikulam,9.1291,78.1681,Sub-District Hospital,3,Tamil Nadu,Thoothukkudi,0
SPEC_194,KAYALPATTINAM,8.5677,78.1212,Sub-District Hospital,3,Tamil Nadu,Thoothukkudi,0
SPEC_195,TIRUCHENDUR,8.5,78.118,Sub-District Hospital,3,Tamil Nadu,Thoothukkudi,0
SPEC_196,KALANGUDIYIRUPPU,8.431,78.0325,Sub-District Hospital,3,Tamil Nadu,Thoothukkudi,0
SPEC_199,Government Hospital Gudalur,11.407689,76.70033,Sub-District Hospital,3,Tamil Nadu,The Nilgiris,0
SPEC_200,"Government Head Quarters Hospital, Ikkadu",13.1274,79.9106,District Hospital,8,Tamil Nadu,Thiruvallur,0
SPEC_203,PANDALUR,11.484914,76.338509,Sub-District Hospital,3,Tamil Nadu,The Nilgiris,0
SPEC_205,THIRUVARUR MEDL COLLEGE HL MCH,10.775962,79.602604,Medical Colleges Hospital,20,Tamil Nadu,Thiruvarur,0
SPEC_206,TIRUTHURAIPOONDI,10.525131,79.636175,Sub-District Hospital,3,Tamil Nadu,Thiruvarur,0
SPEC_210,VIJAYAPURAM WCH,10.766001,79.637658,Women Hospital,3,Tamil Nadu,Thiruvarur,0
SPEC_211,RAMANATHAPURAM,9.363748,78.831925,District Hospital,8,Tamil Nadu,Ramanathapuram,0
SPEC_212,PODADDURPET,13.2777,79.4844,Sub-District Hospital,3,Tamil Nadu,Thiruvallur,0
SPEC_214,KILAKARAI,9.23475,78.786123,Sub-District Hospital,3,Tamil Nadu,Ramanathapuram,0
SPEC_216,RAMESWARAM,9.283054,79.310164,Sub-District Hospital,3,Tamil Nadu,Ramanathapuram,0
SPEC_217,Tiruthani,13.1735,79.6193,Sub-District Hospital,3,Tamil Nadu,Thiruvallur,0
SPEC_221,Kamuthi,9.40126,78.355778,Sub-District Hospital,3,Tamil Nadu,Ramanathapuram,0
SPEC_222,THIRUVADANAI,9.782783,78.919394,Sub-District Hospital,3,Tamil Nadu,Ramanathapuram,0
SPEC_224,Ponneri,13.3322,80.1973,Sub-District Hospital,3,Tamil Nadu,Thiruvallur,0
SPEC_225,Ariyalur,11.142177,79.069507,District Hospital,8,Tamil Nadu,Ariyalur,0
SPEC_226,PANNAIKULAM,9.366219,78.949896,Sub-District Hospital,3,Tamil Nadu,Ramanathapuram,0
SPEC_227,Arakkonam,13.075239,79.655824,Sub-District Hospital,3,Tamil Nadu,Vellore,0
SPEC_228,MANDAPAM CAMP,9.278389,79.134369,Sub-District Hospital,3,Tamil Nadu,Ramanathapuram,0
SPEC_229,VANIYAMBADI,12.695032,78.621885,Sub-District Hospital,3,Tamil Nadu,Vellore,0
SPEC_230,Pallipattu,13.336891,79.446336,Sub-District Hospital,3,Tamil Nadu,Thiruvallur,0
SPEC_231,Paramakudi,9.537103,78.603058,Sub-District Hospital,3,Tamil Nadu,Ramanathapuram,0
SPEC_236,Uthukottai,13.3326,79.8981,Sub-District Hospital,3,Tamil Nadu,Thiruvallur,0
SPEC_237,Gummudipoondi,13.416363,80.129599,Sub-District Hospital,3,Tamil Nadu,Thiruvallur,0
SPEC_242,GUDIYATHAM,12.9453,78.8709,Sub-District Hospital,3,Tamil Nadu,Vellore,0
SPEC_250,PAZHAVARKADU,13.4187,80.3179,Sub-District Hospital,3,Tamil Nadu,Thiruvallur,0
SPEC_251,Kadaladi,9.2219,78.4965,Sub-District Hospital,3,Tamil Nadu,Ramanathapuram,0
SPEC_274,AMBUR,12.783569,78.721846,Sub-District Hospital,3,Tamil Nadu,Vellore,0
SPEC_283,TIRUPATHUR,12.496281,78.565139,Sub-District Hospital,3,Tamil Nadu,Vellore,0
SPEC_285,Mudukulathur,9.349296,78.51781,Sub-District Hospital,3,Tamil Nadu,Ramanathapuram,0
SPEC_286,Tiruppur,11.08413,77.364675,District Hospital,8,Tamil Nadu,Tiruppur,0
SPEC_287,THENI MEDL COLL HOSPITAL MCH,10.007148,77.554305,Medical Colleges Hospital,20,Tamil Nadu,Theni,0
SPEC_288,Andipatti,9.999739,77.61823,Sub-District Hospital,3,Tamil Nadu,Theni,0
SPEC_291,Avinashi,11.1937,77.2688,Sub-District Hospital,3,Tamil Nadu,Tiruppur,0
SPEC_292,Dharapuram,10.73116,77.48768,Sub-District Hospital,3,Tamil Nadu,Tiruppur,0
SPEC_293,Kangayam,11.005686,77.560118,Sub-District Hospital,3,Tamil Nadu,Tiruppur,0
SPEC_294,Madathukulam,10.5591,77.3628,Sub-District Hospital,3,Tamil Nadu,Tiruppur,0
SPEC_295,Karadivavi,10.962,77.1949,Sub-District Hospital,3,Tamil Nadu,Tiruppur,0
SPEC_296,Palladam,10.996076,77.280363,Sub-District Hospital,3,Tamil Nadu,Tiruppur,0
SPEC_297,Jallipatti,10.510166,77.203022,Sub-District Hospital,3,Tamil Nadu,Tiruppur,0
SPEC_298,UDUMALPET,10.4665,77.1916,Sub-District Hospital,3,Tamil Nadu,Tiruppur,0
SPEC_299,Uthukuli,11.1729,77.4569,Sub-District Hospital,3,Tamil Nadu,Tiruppur,0
SPEC_303,CHINNAMANUR,9.844866,77.385447,Sub-District Hospital,3,Tamil Nadu,Theni,0
SPEC_307,BODINAICKANNUR,10.016621,77.352091,Sub-District Hospital,3,Tamil Nadu,Theni,0
SPEC_309,MAYILADUTHURAI,11.101979,79.64762,Sub-District Hospital,3,Tamil Nadu,Nagapattinam,0
SPEC_311,SIRKAZHI,11.235717,79.735036,Sub-District Hospital,3,Tamil Nadu,Nagapattinam,0
SPEC_314,THIRUKUVALAI,10.632287,79.720337,Sub-District Hospital,3,Tamil Nadu,Nagapattinam,0
SPEC_315,PERIAKULAM,10.123192,77.533182,District Hospital,8,Tamil Nadu,Theni,0
SPEC_317,Tharangambadi,11.031247,79.848417,Sub-District Hospital,3,Tamil Nadu,Nagapattinam,0
SPEC_319,Kilvelur,10.76515,79.742565,Sub-District Hospital,3,Tamil Nadu,Nagapattinam,0
SPEC_322,VEDARANYAM,10.378047,79.852059,Sub-District Hospital,3,Tamil Nadu,Nagapattinam,0
SPEC_325,Kuthalam,11.0722,79.5592,Sub-District Hospital,3,Tamil Nadu,Nagapattinam,0
SPEC_329,Rajapalayam,9.4383,77.5376,Sub-District Hospital,3,Tamil Nadu,Virudhunagar,0
SPEC_332,NAGAPATTINAM,10.772844,79.839911,District Hospital,8,Tamil Nadu,Nagapattinam,0
SPEC_336,KUNDRATHUR,12.998316,80.097558,Community Health Center,2,Tamil Nadu,Kancheepuram,0
SPEC_340,MATHUR,12.386354,78.409817,Sub-District Hospital,3,Tamil Nadu,Krishnagiri,0
SPEC_342,VANUR,12.0226,79.7281,Sub-District Hospital,3,Tamil Nadu,Viluppuram,0
SPEC_348,KOTHAGIRI,11.42072,76.860352,Sub-District Hospital,3,Tamil Nadu,The Nilgiris,0
SPEC_349,VALAVANUR,11.9185,79.5755,Sub-District Hospital,3,Tamil Nadu,Viluppuram,0
SPEC_350,JAYAMKONDAN,11.209537,79.366282,Sub-District Hospital,3,Tamil Nadu,Ariyalur,0
SPEC_365,Dindigul,10.363477,77.977019,District Hospital,8,Tamil Nadu,Dindigul,0
SPEC_366,BATALAGUNDU,10.162772,77.755365,Sub-District Hospital,3,Tamil Nadu,Dindigul,0
SPEC_367,Pattiveeranpatti,10.20884,77.762792,Sub-District Hospital,3,Tamil Nadu,Dindigul,0
SPEC_368,Kodaikanal,10.237403,77.491575,Sub-District Hospital,3,Tamil Nadu,Dindigul,0
SPEC_369,Pannaikadu,10.279624,77.629419,Sub-District Hospital,3,Tamil Nadu,Dindigul,0
SPEC_370,Thandikudi,10.308586,77.643482,Sub-District Hospital,3,Tamil Nadu,Dindigul,0
SPEC_371,VILLUPURAM MCH,12.04749,79.50906,Medical Colleges Hospital,20,Tamil Nadu,Viluppuram,0
SPEC_372,VILLUPURAM,12.04749,79.50906,Sub-District Hospital,3,Tamil Nadu,Viluppuram,0
SPEC_373,Natham,10.225958,78.228413,Sub-District Hospital,3,Tamil Nadu,Dindigul,0
SPEC_374,Nilakottai,10.173586,77.857618,Sub-District Hospital,3,Tamil Nadu,Dindigul,0
SPEC_376,Oddanchatram,10.484606,77.746485,Sub-District Hospital,3,Tamil Nadu,Dindigul,0
SPEC_377,Ayakudi,10.456848,77.562452,Sub-District Hospital,3,Tamil Nadu,Dindigul,0
SPEC_378,Palani,10.449463,77.517486,Sub-District Hospital,3,Tamil Nadu,Dindigul,0
SPEC_379,VEDASENDUR,10.528886,77.95489,Sub-District Hospital,3,Tamil Nadu,Dindigul,0
SPEC_380,KRISHNAGIRI,12.525,78.215,District Hospital,8,Tamil Nadu,Krishnagiri,0
SPEC_382,UTHANGARAI,12.266359,78.535451,Sub-District Hospital,3,Tamil Nadu,Krishnagiri,0
SPEC_386,Hosur,12.7714,77.8462,Sub-District Hospital,3,Tamil Nadu,Krishnagiri,0
SPEC_387,Pochampalli,12.330143,78.365564,Sub-District Hospital,3,Tamil Nadu,Krishnagiri,0
SPEC_388,Uthamapalayam,9.804847,77.328567,Sub-District Hospital,3,Tamil Nadu,Theni,0
SPEC_390,THENKANIKOTTAI,12.538733,77.802027,Sub-District Hospital,3,Tamil Nadu,Krishnagiri,0
SPEC_391,KKMC HOSPITAL ASARIPALLAM MCH,8.174288,77.393166,Medical Colleges Hospital,20,Tamil Nadu,Kanniyakumari,0
SPEC_392,ANNAL GANDHI MEMORIAL HL TRICHY MCH ATT,10.811572,78.67743,Medical Colleges Hospital,20,Tamil Nadu,Tiruchirappalli,0
SPEC_394,PADHMANABAPURAM,8.247694,77.31359,District Hospital,8,Tamil Nadu,Kanniyakumari,0
SPEC_395,SRIRANGAM,10.857324,78.691306,Sub-District Hospital,3,Tamil Nadu,Tiruchirappalli,0
SPEC_398,COLACHAL,8.178317,77.257814,Sub-District Hospital,3,Tamil Nadu,Kanniyakumari,0
SPEC_399,MANAPPARAI,10.606536,78.425515,District Hospital,8,Tamil Nadu,Tiruchirappalli,0
SPEC_402,LALGUDI,10.879084,78.818362,Sub-District Hospital,3,Tamil Nadu,Tiruchirappalli,0
SPEC_403,KANYAKUMARI,8.083427,77.546851,Sub-District Hospital,3,Tamil Nadu,Kanniyakumari,0
SPEC_405,BOOTHAPANDI,8.264779,77.443957,Sub-District Hospital,3,Tamil Nadu,Kanniyakumari,0
SPEC_406,KUZHITHURAI,8.310364,77.212433,Sub-District Hospital,3,Tamil Nadu,Kanniyakumari,0
SPEC_408,MANACHANALUR,10.915155,78.701111,Sub-District Hospital,3,Tamil Nadu,Tiruchirappalli,0
SPEC_410,MUSIRI,10.949798,78.444909,Sub-District Hospital,3,Tamil Nadu,Tiruchirappalli,0
SPEC_411,OMANDUR,11.033341,78.672181,Sub-District Hospital,3,Tamil Nadu,Tiruchirappalli,0
SPEC_414,THOTTIYAM,10.989635,78.335861,Sub-District Hospital,3,Tamil Nadu,Tiruchirappalli,0
SPEC_415,THURAIYUR,11.151799,78.611609,Sub-District Hospital,3,Tamil Nadu,Tiruchirappalli,0
SPEC_417,THUVARANKURICHI,10.386254,78.379037,Sub-District Hospital,3,Tamil Nadu,Tiruchirappalli,0
SPEC_419,THUVAKUDI,10.75372,78.823503,Sub-District Hospital,3,Tamil Nadu,Tiruchirappalli,0
SPEC_428,TINDIVANAM,12.2408,79.6521,Sub-District Hospital,3,Tamil Nadu,Viluppuram,0
SPEC_433,KARUNGAL,8.229349,77.241408,Sub-District Hospital,3,Tamil Nadu,Kanniyakumari,0
SPEC_434,KULASERAM,8.372355,77.299393,Sub-District Hospital,3,Tamil Nadu,Kanniyakumari,0
SPEC_436,"Government Hospital, Arumanai",8.365633,77.241472,Sub-District Hospital,3,Tamil Nadu,Kanniyakumari,0
SPEC_454,Canning Sub Divisional Hospital,22.3141,88.66005,Sub-District Hospital,3,West Bengal,South 24 Parganas,0
SPEC_457,Melapalayam,8.7058,77.7097,Sub-District Hospital,3,Tamil Nadu,Tirunelveli,0
SPEC_458,TIRUNELVELI MEDL COLL HOSP MCH,8.71176,77.75168,Sub-District Hospital,3,Tamil Nadu,Tirunelveli,0
SPEC_469,District Head Quarters Hospital,11.41,76.950841,District Hospital,8,Tamil Nadu,The Nilgiris,0
SPEC_473,Manjoor,11.269556,76.642715,Sub-District Hospital,3,Tamil Nadu,The Nilgiris,0
SPEC_476,COONOOR,11.353002,76.795909,Sub-District Hospital,3,Tamil Nadu,The Nilgiris,0
SPEC_477,KARAIKUDI,10.073132,78.780154,District Hospital,8,Tamil Nadu,Sivaganga,0
SPEC_486,TIRUPATHUR,10.111246,78.593552,Sub-District Hospital,3,Tamil Nadu,Sivaganga,0
SPEC_487,SHOLINGAR,13.111585,79.431005,Sub-District Hospital,3,Tamil Nadu,Vellore,0
SPEC_488,DH Dhamtari,20.7088,81.5399,District Hospital,8,Chhattisgarh,Dhamtari,0
SPEC_491,Sivagangai MCH,9.838867,78.47892,Medical Colleges Hospital,20,Tamil Nadu,Sivaganga,0
SPEC_493,VELLORE,12.915465,79.134226,Sub-District Hospital,3,Tamil Nadu,Vellore,0
SPEC_495,DEVAKOTTAI,9.950676,78.814573,Sub-District Hospital,3,Tamil Nadu,Sivaganga,0
SPEC_496,MANAMADURAI,9.693712,78.459108,Sub-District Hospital,3,Tamil Nadu,Sivaganga,0
SPEC_498,THIRUPPUVANAM,9.825964,78.257581,Sub-District Hospital,3,Tamil Nadu,Sivaganga,0
SPEC_499,ILAYANKUDI,9.627042,78.62576,Sub-District Hospital,3,Tamil Nadu,Sivaganga,0
SPEC_501,SINGAMPUNARI,10.182038,78.433778,Sub-District Hospital,3,Tamil Nadu,Sivaganga,0
SPEC_503,PULANKURICHI,10.268708,78.591366,Sub-District Hospital,3,Tamil Nadu,Sivaganga,0
SPEC_504,KANDANUR,10.105281,78.824107,Sub-District Hospital,3,Tamil Nadu,Sivaganga,0
SPEC_505,Kanadukathan,10.161898,78.787288,Sub-District Hospital,3,Tamil Nadu,Sivaganga,0
SPEC_506,Aruppukottai,9.5024,78.0966,Sub-District Hospital,3,Tamil Nadu,Virudhunagar,0
SPEC_508,Virudhunagar,9.5889,77.9622,District Hospital,8,Tamil Nadu,Virudhunagar,0
SPEC_509,TIRUCHULI,9.5358,78.2035,Sub-District Hospital,3,Tamil Nadu,Virudhunagar,0
SPEC_512,SRIVILLIPUTHUR,9.50758,77.634759,Sub-District Hospital,3,Tamil Nadu,Virudhunagar,0
SPEC_513,Mangalam,12.327715,79.175113,Community Health Center,2,Tamil Nadu,Tiruvannamalai,0
SPEC_515,Sivakasi,9.4612,77.7865,Sub-District Hospital,3,Tamil Nadu,Virudhunagar,0
SPEC_517,KARIAPATTI,9.6733,78.0964,Sub-District Hospital,3,Tamil Nadu,Virudhunagar,0
SPEC_518,MELUR,10.030027,78.337691,Sub-District Hospital,3,Tamil Nadu,Madurai,0
SPEC_519,TIRUMANGALAM,9.824828,77.986623,Sub-District Hospital,3,Tamil Nadu,Madurai,0
SPEC_520,Islampur SDH,26.27,88.2,Sub-District Hospital,3,West Bengal,Uttar Dinajpur,0
SPEC_521,PERAIYUR,9.734701,77.78891,Sub-District Hospital,3,Tamil Nadu,Madurai,0
SPEC_522,VADIPATTI,10.088672,77.959503,Sub-District Hospital,3,Tamil Nadu,Madurai,0
SPEC_525,USILAMPATTI,9.962389,77.78846,District Hospital,8,Tamil Nadu,Madurai,0
SPEC_526,SATHUR,9.3532,77.9203,Sub-District Hospital,3,Tamil Nadu,Virudhunagar,0
SPEC_527,GOVT RAJAJI HOSP MADURAI MCH,9.926324,78.134513,Medical Colleges Hospital,20,Tamil Nadu,Madurai,0
SPEC_532,Indira gandhi dstt hospital korba,22.364063,82.744204,District Hospital,8,Chhattisgarh,Korba,0
SPEC_538,Parsad,24.143841,73.824997,Community Health Center,2,Rajasthan,Udaipur,0
SPEC_540,"Community Health Center, Sarada",24.291213,73.845267,Community Health Center,2,Rajasthan,Udaipur,0
SPEC_541,Semari,26.7278,83.66044,Community Health Center,2,Rajasthan,Udaipur,0
SPEC_542,PERUNDURAI,11.275957,77.587193,Sub-District Hospital,3,Tamil Nadu,Erode,0
SPEC_543,BHAVANI,11.450614,77.681761,Sub-District Hospital,3,Tamil Nadu,Erode,0
SPEC_545,KAVANTHAPADI,11.427481,77.557048,Sub-District Hospital,3,Tamil Nadu,Erode,0
SPEC_546,CHERANMADEVI,8.6827,77.564,Sub-District Hospital,3,Tamil Nadu,Tirunelveli,0
SPEC_547,RADHAPURAM,8.2689,77.6861,Sub-District Hospital,3,Tamil Nadu,Tirunelveli,0
SPEC_548,TIRUNELVELI MCH,8.71176,77.75168,Medical Colleges Hospital,20,Tamil Nadu,Tirunelveli,0
SPEC_549,AMBASAMUDRAM,8.7027,77.4575,Sub-District Hospital,3,Tamil Nadu,Tirunelveli,0
SPEC_550,MELAPALAYAM,8.7058,77.7097,Sub-District Hospital,3,Tamil Nadu,Tirunelveli,0
SPEC_583,GOVT KILPAUK MEDICAL COLL HOSPITAL MCH,13.07727,80.242648,Medical Colleges Hospital,20,Tamil Nadu,Chennai,0
SPEC_595,JAISINGHPURA KHOR,27.505444,76.108075,Community Health Center,2,Rajasthan,Jaipur,0
SPEC_597,Thiruvaiyaru,10.883979,79.109625,Sub-District Hospital,3,Tamil Nadu,Thanjavur,0
SPEC_599,THANJAVUR MEDL COLLEGE HL MCH,10.758877,79.107032,Medical Colleges Hospital,20,Tamil Nadu,Thanjavur,0
SPEC_602,GOVT. RAJA MIRASDAR HOPL THANJAVUR MCH,10.785554,79.136576,Medical Colleges Hospital,20,Tamil Nadu,Thanjavur,0
SPEC_608,Kumbakonam,10.96929,79.385643,District Hospital,8,Tamil Nadu,Thanjavur,0
SPEC_610,Pattukottai,10.421209,79.317932,Sub-District Hospital,3,Tamil Nadu,Thanjavur,0
SPEC_611,GOVT PERIPHERAL HOSPITAL  ANNA NAGAR,13.095,80.219,Medical Colleges Hospital,20,Tamil Nadu,Chennai,0
SPEC_612,Orathanadu,10.629474,79.253017,Sub-District Hospital,3,Tamil Nadu,Thanjavur,0
SPEC_613,GOVT PERIPHERAL HL  PERIYAR NAGAR MCH ATT,13.167947,80.303681,Medical Colleges Hospital,20,Tamil Nadu,Chennai,0
SPEC_614,GOVT PERIPHERAL HL TONDIARPETTAI,13.122638,80.28712,Medical Colleges Hospital,20,Tamil Nadu,Chennai,0
SPEC_615,ICH HOSPITAL FOR CHILDREN MCH ATT,13.0713,80.258927,Medical Colleges Hospital,20,Tamil Nadu,Chennai,0
SPEC_616,INST OF SOCIAL OBST AND GOVT KASTHURBA GANDHI HOSPITAL,13.06075,80.275625,Medical Colleges Hospital,20,Tamil Nadu,Chennai,0
SPEC_617,POLUR,12.5087,79.1236,Sub-District Hospital,3,Tamil Nadu,Tiruvannamalai,0
SPEC_618,CHENGAM,12.3041,78.796,Sub-District Hospital,3,Tamil Nadu,Tiruvannamalai,0
SPEC_619,Papanasam,10.925906,79.263456,Sub-District Hospital,3,Tamil Nadu,Thanjavur,0
SPEC_620,Thiruvidaimaruthur,10.995025,79.449576,Sub-District Hospital,3,Tamil Nadu,Thanjavur,0
SPEC_621,Ayyampettai,10.895715,79.189956,Sub-District Hospital,3,Tamil Nadu,Thanjavur,0
SPEC_622,Nachiyarkovil,10.91976,79.443902,Sub-District Hospital,3,Tamil Nadu,Thanjavur,0
SPEC_623,Aduthurai,11.014612,79.484633,Sub-District Hospital,3,Tamil Nadu,Thanjavur,0
SPEC_626,THANIPADI,12.109,78.8365,Sub-District Hospital,3,Tamil Nadu,Tiruvannamalai,0
SPEC_627,GOVT PERIPHERAL HL KK NAGAR MCH ATT,13.035,80.20916,Medical Colleges Hospital,20,Tamil Nadu,Chennai,0
SPEC_628,KALASAPAKKAM,12.434509,79.104214,Sub-District Hospital,3,Tamil Nadu,Tiruvannamalai,0
SPEC_629,GOVT. STANLEY HOSP MCH,13.105014,80.286703,Medical Colleges Hospital,20,Tamil Nadu,Chennai,0
SPEC_630,PUDUKKOTTAI MCH,10.378785,78.81766,Sub-District Hospital,3,Tamil Nadu,Pudukkottai,0
SPEC_631,GOVT RSRM HOSPITAL MCH ATT,13.108429,80.2888,Medical Colleges Hospital,20,Tamil Nadu,Chennai,0
SPEC_632,Tiruvannamalai MCH,12.225453,79.064742,Medical Colleges Hospital,20,Tamil Nadu,Tiruvannamalai,0
SPEC_633,WANDAVASH,12.5046,79.613,Sub-District Hospital,3,Tamil Nadu,Tiruvannamalai,0
SPEC_634,Cheyyar,12.664,79.5405,District Hospital,8,Tamil Nadu,Tiruvannamalai,0
SPEC_635,ARANI,12.6691,79.2806,Sub-District Hospital,3,Tamil Nadu,Tiruvannamalai,0
SPEC_636,Adirampattinam,10.342295,79.383345,Sub-District Hospital,3,Tamil Nadu,Thanjavur,0
SPEC_637,PERAVURANI,10.288546,79.202199,Sub-District Hospital,3,Tamil Nadu,Thanjavur,0
SPEC_638,THIRUKATTUPALLI,10.848981,78.953612,Sub-District Hospital,3,Tamil Nadu,Thanjavur,0
SPEC_639,TIRUPANANDAL,11.090723,79.452719,Sub-District Hospital,3,Tamil Nadu,Thanjavur,0
SPEC_640,RAJIVGANDHI GOVT.GENERAL HOSPITAL  MCH,13.081089,80.277719,Medical Colleges Hospital,20,Tamil Nadu,Chennai,0
SPEC_641,IOG HL FOR WOMEN AND CHILDREN MCH ATT,13.074103,80.259251,Medical Colleges Hospital,20,Tamil Nadu,Chennai,0
SPEC_642,GOBICHETTYPALAYAM,11.4559,77.429561,Sub-District Hospital,3,Tamil Nadu,Erode,0
SPEC_643,ANTHIYUR,11.581085,77.586961,Sub-District Hospital,3,Tamil Nadu,Erode,0
SPEC_654,VELLORE MEDL COLL HOSP MCH,12.8428,79.1369,Medical Colleges Hospital,20,Tamil Nadu,Vellore,0
SPEC_655,KOODANKULAM,8.200937,77.710315,Sub-District Hospital,3,Tamil Nadu,Tirunelveli,0
SPEC_656,Namakkal,11.216753,78.168904,District Hospital,8,Tamil Nadu,Namakkal,0
SPEC_657,Karur,10.962276,78.0808,District Hospital,8,Tamil Nadu,Karur,0
SPEC_658,Sendamangalam,11.279963,78.234965,Sub-District Hospital,3,Tamil Nadu,Namakkal,0
SPEC_659,Aravakurtchi,10.771923,77.90941,Sub-District Hospital,3,Tamil Nadu,Karur,0
SPEC_660,NANGUNERI,8.4909,77.6594,Sub-District Hospital,3,Tamil Nadu,Tirunelveli,0
SPEC_661,Pallapatti,10.724158,77.891775,Sub-District Hospital,3,Tamil Nadu,Karur,0
SPEC_662,Rasipuram,11.461089,78.185172,Sub-District Hospital,3,Tamil Nadu,Namakkal,0
SPEC_663,Velur,11.108557,78.009078,Sub-District Hospital,3,Tamil Nadu,Namakkal,0
SPEC_664,Tiruchengode,11.376497,77.894269,Sub-District Hospital,3,Tamil Nadu,Namakkal,0
SPEC_665,Manmangalam,11.0277,78.0645,Sub-District Hospital,3,Tamil Nadu,Karur,0
SPEC_666,Pallipalayam,11.360862,77.747712,Sub-District Hospital,3,Tamil Nadu,Namakkal,0
SPEC_667,Velauthapalayam,11.073477,78.001964,Sub-District Hospital,3,Tamil Nadu,Karur,0
SPEC_668,Komarapalayam,11.443769,77.694568,Sub-District Hospital,3,Tamil Nadu,Namakkal,0
SPEC_669,VALLIYUR,8.3852,77.6112,Sub-District Hospital,3,Tamil Nadu,Tirunelveli,0
SPEC_670,"GH, KRISHNARAYAPURAM",10.931922,78.273897,Sub-District Hospital,3,Tamil Nadu,Karur,0
SPEC_671,KALAKKAD,8.435019,77.561895,Sub-District Hospital,3,Tamil Nadu,Tirunelveli,0
SPEC_672,Kulithalai,10.942489,78.414457,Sub-District Hospital,3,Tamil Nadu,Karur,0
SPEC_673,SATHIYAMANGALAM,11.502293,77.258252,Sub-District Hospital,3,Tamil Nadu,Erode,0
SPEC_680,RH Rahata,19.707969,74.479993,Community Health Center,2,Maharashtra,Ahmadnagar,0
SPEC_681,RH Loni,19.576612,74.467664,Community Health Center,2,Maharashtra,Ahmadnagar,0
SPEC_682,RH Puntamba,19.766435,74.616186,Community Health Center,2,Maharashtra,Ahmadnagar,0
SPEC_683,Thirumayam,10.244596,78.746204,Sub-District Hospital,3,Tamil Nadu,Pudukkottai,0
SPEC_684,Keeranur,10.57242,78.78618,Sub-District Hospital,3,Tamil Nadu,Pudukkottai,0
SPEC_685,ILLUPPUR,10.517798,78.620013,Sub-District Hospital,3,Tamil Nadu,Pudukkottai,0
SPEC_686,Govt Hospital Annavasal,10.456612,78.70245,Sub-District Hospital,3,Tamil Nadu,Pudukkottai,0
SPEC_687,Valayampatti,10.326425,78.817992,Sub-District Hospital,3,Tamil Nadu,Pudukkottai,0
SPEC_688,Aranthangi,10.16961,79.001709,District Hospital,8,Tamil Nadu,Pudukkottai,0
SPEC_689,Alangudi,10.35892,78.976,Sub-District Hospital,3,Tamil Nadu,Pudukkottai,0
SPEC_690,GANDARVAKOTTAI,10.573211,79.015619,Sub-District Hospital,3,Tamil Nadu,Pudukkottai,0
SPEC_691,Karambakkudi,10.458987,79.134224,Sub-District Hospital,3,Tamil Nadu,Pudukkottai,0
SPEC_692,Avudaiyarkoil,10.087452,79.030603,Sub-District Hospital,3,Tamil Nadu,Pudukkottai,0
SPEC_693,MANAMELKUDI,10.039086,79.231509,Sub-District Hospital,3,Tamil Nadu,Pudukkottai,0
SPEC_694,SUBRAMANIYAPURAM,10.175475,79.132879,Sub-District Hospital,3,Tamil Nadu,Pudukkottai,0
SPEC_695,ERODE,11.339147,77.717663,District Hospital,8,Tamil Nadu,Erode,0
SPEC_696,KODUMUDI,11.081962,77.8844,Sub-District Hospital,3,Tamil Nadu,Erode,0
SPEC_699,TAMBARAM,12.944917,80.134969,Sub-District Hospital,3,Tamil Nadu,Kancheepuram,0
SPEC_701,EDAPADI,11.58392,77.838436,Sub-District Hospital,3,Tamil Nadu,Salem,0
SPEC_706,RH Soundad,21.071122,80.088959,Community Health Center,2,Maharashtra,Gondiya *,0
SPEC_707,RH Soundad,21.071122,80.088959,Community Health Center,2,Maharashtra,Gondiya *,0
SPEC_728,CHEYYUR,12.352267,80.002738,Sub-District Hospital,3,Tamil Nadu,Kancheepuram,0
SPEC_729,"District Hospital, Nanded",19.154756,77.311493,District Hospital,8,Maharashtra,Nanded,0
SPEC_731,GOTAN,26.671301,73.744392,Community Health Center,2,Rajasthan,Nagaur,0
SPEC_732,KANCHEEPURAM,12.834174,79.70364,District Hospital,8,Tamil Nadu,Kancheepuram,0
SPEC_734,MADHURANTHAGAM,12.510217,79.884935,Sub-District Hospital,3,Tamil Nadu,Kancheepuram,0
SPEC_735,UTHIRAMERUR,12.613622,79.756811,Sub-District Hospital,3,Tamil Nadu,Kancheepuram,0
SPEC_736,Avadi,13.116245,80.103624,Sub-District Hospital,3,Tamil Nadu,Thiruvallur,0
SPEC_737,SRIPERUMPUDUR,12.933123,79.9196,Sub-District Hospital,3,Tamil Nadu,Kancheepuram,0
SPEC_738,MAHABALIPURAM,12.617376,80.179581,Sub-District Hospital,3,Tamil Nadu,Kancheepuram,0
SPEC_739,THIRUKALUKUNDRAM,12.606989,80.058822,Sub-District Hospital,3,Tamil Nadu,Kancheepuram,0
SPEC_743,cottage hospital Neknoor,18.806716,75.780753,Community Health Center,2,Maharashtra,Beed,0
SPEC_758,VVMC Vijay Nagar Tulinj Hospital,19.423448,72.8266,Community Health Center,2,Maharashtra,Palghar,0
SPEC_760,UDAYARPALAYAM,11.187775,79.291076,Sub-District Hospital,3,Tamil Nadu,Ariyalur,0
SPEC_761,SENDURAI,11.252714,79.180518,Sub-District Hospital,3,Tamil Nadu,Ariyalur,0
SPEC_770,Thirumakottai,10.53438,79.454918,Community Health Center,2,Tamil Nadu,Thiruvarur,0
SPEC_784,Haora District Hospital,22.579923,88.336062,District Hospital,8,West Bengal,Howrah,0
SPEC_785,Uluberia Sub Divisional Hospital,22.470073,88.093749,Sub-District Hospital,3,West Bengal,Howrah,0
SPEC_786,Tulshiram Laxmidebi Jaiswal Hospital (SGH),22.614618,88.346408,Sub-District Hospital,3,West Bengal,Howrah,0
SPEC_787,South Howrah State General Hospital (SGH),22.560341,88.303962,Sub-District Hospital,3,West Bengal,Howrah,0
SPEC_788,Malda Medical Collage & Hospital,24.9953,88.138,Medical Colleges Hospital,20,West Bengal,Maldah,0
SPEC_789,ISLAMPUR SUB-DIVISIONAL HOSPITAL,26.254644,88.197415,Sub-District Hospital,3,West Bengal,Uttar Dinajpur,0
SPEC_791,Raiganj District Hospital,25.609896,88.132494,District Hospital,8,West Bengal,Uttar Dinajpur,0
SPEC_793,Fort-Gloster State General Hospital,22.510233,88.183315,Sub-District Hospital,3,West Bengal,Howrah,0
SPEC_794,Belur State General Hospital,22.636867,88.340628,Sub-District Hospital,3,West Bengal,Howrah,0
SPEC_795,GOVT. MOHAN KUMARAMANGALAM MEDL COLLEGE HL SALEM MCH,11.656607,78.153942,Sub-District Hospital,3,Tamil Nadu,Salem,0
SPEC_797,ATTUR,11.596703,78.601127,Sub-District Hospital,3,Tamil Nadu,Salem,0
SPEC_798,METTUR DAM,11.795824,77.798916,District Hospital,8,Tamil Nadu,Salem,0
SPEC_799,OMALUR,11.742972,78.04808,Sub-District Hospital,3,Tamil Nadu,Salem,0
SPEC_800,GANGAVALLI,11.503967,78.644106,Sub-District Hospital,3,Tamil Nadu,Salem,0
SPEC_801,SANKARI,11.47825,77.873497,Sub-District Hospital,3,Tamil Nadu,Salem,0
SPEC_802,YERCAUD,11.780837,78.213703,Sub-District Hospital,3,Tamil Nadu,Salem,0
SPEC_803,VEMBADITHALAM,11.567149,78.010976,Sub-District Hospital,3,Tamil Nadu,Salem,0
SPEC_804,JALAKANDAPURAM,11.699325,77.880736,Sub-District Hospital,3,Tamil Nadu,Salem,0
SPEC_805,Kharagpur Sub Divisional Hospital,22.327826,87.314668,Sub-District Hospital,3,West Bengal,Paschim Medinipur,0
SPEC_806,Ghatal Sub Divisional Hospital,22.657176,87.737699,Sub-District Hospital,3,West Bengal,Paschim Medinipur,0
SPEC_807,Midnapore Medical Collage & Hospital,22.420854,87.321791,Medical Colleges Hospital,20,West Bengal,Paschim Medinipur,0
SPEC_816,Khatra Sub Divisional Hospital,22.969457,86.847991,Sub-District Hospital,3,West Bengal,Bankura,0
SPEC_827,CHC Shahpura,23.134919,79.655059,Community Health Center,2,Madhya Pradesh,Jabalpur,0
SPEC_828,tenkasi,9.036173,77.271351,District Hospital,8,Tamil Nadu,Tirunelveli,0
SPEC_838,Gingee GH,12.2522,79.4198,Sub-District Hospital,3,Tamil Nadu,Viluppuram,0
SPEC_840,GUDALUR,11.493713,76.499823,Sub-District Hospital,3,Tamil Nadu,The Nilgiris,0
SPEC_842,Kallakurichi,11.73729,78.95936,District Hospital,8,Tamil Nadu,Viluppuram,0
SPEC_844,MARAKKANAM,12.1972,79.9494,Sub-District Hospital,3,Tamil Nadu,Viluppuram,0
SPEC_846,Sankarapuram,11.887335,78.913503,Sub-District Hospital,3,Tamil Nadu,Viluppuram,0
SPEC_848,SANKARANKOVIL,9.1676,77.5356,Sub-District Hospital,3,Tamil Nadu,Tirunelveli,0
SPEC_849,TENKASI,8.9702,77.3036,District Hospital,8,Tamil Nadu,Tirunelveli,0
SPEC_850,Thirukoilur,11.97003,79.206187,Sub-District Hospital,3,Tamil Nadu,Viluppuram,0
SPEC_851,Ulundurpet,11.692728,79.285951,Sub-District Hospital,3,Tamil Nadu,Viluppuram,0
SPEC_872,VENNANDUR,11.517073,78.08947,Sub-District Hospital,3,Tamil Nadu,Namakkal,0
SPEC_880,WATRAP,9.6398,77.6354,Sub-District Hospital,3,Tamil Nadu,Virudhunagar,0
SPEC_886,Shenkottai,8.9723,77.2469,Sub-District Hospital,3,Tamil Nadu,Tirunelveli,0
SPEC_902,Periyanaikanpalayam,11.152266,76.946892,Sub-District Hospital,3,Tamil Nadu,Coimbatore,0
SPEC_921,SDH MADHUPUR,24.26538,86.648017,Sub-District Hospital,3,Jharkhand,DEOGHAR,0
SPEC_926,Ayikudi,9.002,77.3462,Sub-District Hospital,3,Tamil Nadu,Tirunelveli,0
SPEC_927,Kadayanallur,8.9704,77.3036,Sub-District Hospital,3,Tamil Nadu,Tirunelveli,0
SPEC_932,Sivagiri,9.344,77.435,Sub-District Hospital,3,Tamil Nadu,Tirunelveli,0
SPEC_933,Puliyangudi,9.174499,77.395648,Sub-District Hospital,3,Tamil Nadu,Tirunelveli,0
SPEC_938,Krishnapuram,11.4869,79.6111,Community Health Center,2,Tamil Nadu,Cuddalore,0
SPEC_939,Kumaratchi,11.3065,79.627,Community Health Center,2,Tamil Nadu,Cuddalore,0
SPEC_983,RH Harusul,20.0658,73.2715,Community Health Center,2,Maharashtra,Nashik,0
SPEC_987,RH Trimbak,19.5601,73.3156,Community Health Center,2,Maharashtra,Nashik,0
SPEC_1003,Annavasal,10.458111,78.703048,Sub-District Hospital,3,Tamil Nadu,Pudukkottai,0
SPEC_1028,Walajapet,12.926179,79.356932,District Hospital,8,Tamil Nadu,Vellore,0
SPEC_1039,GOVINDPUR,22.04549,84.29027,Community Health Center,2,Odisha,Sambalpur,0
SPEC_1045,Ranaghat Sub Divisional Hospital,23.1673,88.55395,Sub-District Hospital,3,West Bengal,Nadia,0
SPEC_1066,CHC RAJMARG (RONSARA),23.116275,78.995798,Community Health Center,2,Madhya Pradesh,Narsinghpur,0
SPEC_1071,Nagore,10.818557,79.83837,Sub-District Hospital,3,Tamil Nadu,Nagapattinam,0
SPEC_1074,VAITHEESWARANKOVIL,11.19481,79.705003,Sub-District Hospital,3,Tamil Nadu,Nagapattinam,0
SPEC_1080,Poraiyar GH,11.024126,79.838532,Sub-District Hospital,3,Tamil Nadu,Nagapattinam,0
SPEC_1102,Madhavaram,13.1634,80.243,Sub-District Hospital,3,Tamil Nadu,Thiruvallur,0
SPEC_1103,Thiruvottriyur,13.126464,80.290812,Sub-District Hospital,3,Tamil Nadu,Thiruvallur,0
SPEC_1119,WCH PULANKURICHI,10.269279,78.590651,Women Hospital,3,Tamil Nadu,Sivaganga,0
SPEC_1120,WCH  SIVAGANGA,9.8433,78.480878,Women Hospital,3,Tamil Nadu,Sivaganga,0
SPEC_1121,WCH PAGANERI,9.96521,78.591633,Women Hospital,3,Tamil Nadu,Sivaganga,0
SPEC_1122,WCH PALLATHUR,10.148601,78.80145,Women Hospital,3,Tamil Nadu,Sivaganga,0
SPEC_1123,WCH PALAVANGUDI,10.135607,78.724238,Women Hospital,3,Tamil Nadu,Sivaganga,0
SPEC_1124,WCH KOTHAMANGALAM,10.187629,78.806106,Women Hospital,3,Tamil Nadu,Sivaganga,0
SPEC_1133,"Government Hospital, Seynamvilai",8.208477,77.278476,Sub-District Hospital,3,Tamil Nadu,Kanniyakumari,0
SPEC_1134,WATRAP,9.6398,77.6354,Sub-District Hospital,3,Tamil Nadu,Virudhunagar,0
SPEC_1135,government hospital,9.6398,77.6354,Sub-District Hospital,3,Tamil Nadu,Virudhunagar,0
SPEC_1137,Chandannagore Sub Divisional Hospital,22.866875,88.369235,Sub-District Hospital,3,West Bengal,Hooghly,0
SPEC_1138,Arambagh Sub Divisional Hospital,22.887373,87.785988,Sub-District Hospital,3,West Bengal,Hooghly,0
SPEC_1139,Serampore SDH (Walsh),22.755273,88.34658,Sub-District Hospital,3,West Bengal,Hooghly,0
SPEC_1140,Birbhum District Hospital,23.91535,87.51765,District Hospital,8,West Bengal,Birbhum,0
SPEC_1141,Bolpur Sub Divisional Hospital,23.675767,87.722867,Sub-District Hospital,3,West Bengal,Birbhum,0
SPEC_1142,Uttarpara State General Hospital,22.662925,88.343162,Sub-District Hospital,3,West Bengal,Hooghly,0
SPEC_1143,M R Bangur Hospital,22.499333,88.345517,District Hospital,8,West Bengal,South 24 Parganas,0
SPEC_1144,Vidyasagar State General Hospital,22.4989,88.316333,Sub-District Hospital,3,West Bengal,South 24 Parganas,0
SPEC_1145,Gardenreach State General Hospital,22.553583,88.26,Sub-District Hospital,3,West Bengal,South 24 Parganas,0
SPEC_1146,Baghajatin State General Hospital,22.4828,88.374867,Sub-District Hospital,3,West Bengal,South 24 Parganas,0
SPEC_1147,Bijaygarh State General Hospital,22.4872,88.363883,Sub-District Hospital,3,West Bengal,South 24 Parganas,0
SPEC_1148,Baruipur Sub Division Hospital,22.3592,88.433133,Sub-District Hospital,3,West Bengal,South 24 Parganas,0
SPEC_1149,Alipurduar District Hospital,26.484216,89.523263,District Hospital,8,West Bengal,Alipurduar*,0
SPEC_1151,Balurghat District Hospital,25.2468,88.78125,District Hospital,8,West Bengal,Dakhshin Dinajpur,0
SPEC_1152,Gangarampur Sub-divisional Hospital,25.4,88.516667,Sub-District Hospital,3,West Bengal,Dakhshin Dinajpur,0
SPEC_1153,MJN District Hospital,26.3219,89.446433,District Hospital,8,West Bengal,Cooch Behar,0
SPEC_1154,Dinhata Sub Divisional Hospital,26.136533,89.4611,Sub-District Hospital,3,West Bengal,Cooch Behar,0
SPEC_1155,Mathabhanga Sub Divisional Hospital,26.34925,89.208867,Sub-District Hospital,3,West Bengal,Cooch Behar,0
SPEC_1156,Tufanganj Sub Divisional Hospital,26.311717,89.6688,Sub-District Hospital,3,West Bengal,Cooch Behar,0
SPEC_1157,Mekhliganj Sub Divisional Hospital,26.360583,88.90775,Sub-District Hospital,3,West Bengal,Cooch Behar,0
SPEC_1162,CH  Ashta,23.022548,76.724557,Sub-District Hospital,3,Madhya Pradesh,Sehore,0
SPEC_1178,Padampur CHC,21.72423,85.58954,Community Health Center,2,Odisha,Kendujhar,0
SPEC_1179,Basudevpur CHC,22.02698,85.51892,Community Health Center,2,Odisha,Kendujhar,0
SPEC_1255,Tamluk District Hospital,22.28625,87.920033,District Hospital,8,West Bengal,Purba Medinipur,0
SPEC_1257,Haldia Sub Divisional Hospital,22.081533,88.141983,Sub-District Hospital,3,West Bengal,Purba Medinipur,0
SPEC_1258,Egra Sub Divisional Hospital,21.885717,87.537983,Sub-District Hospital,3,West Bengal,Purba Medinipur,0
SPEC_1262,MAL SUB DIVISIONAL HOSPITAL,26.869333,88.741133,Sub-District Hospital,3,West Bengal,Jalpaiguri,0
SPEC_1263,Jalpaiguri District Hospial,26.529883,88.726633,District Hospital,8,West Bengal,Jalpaiguri,0
SPEC_1264,Atgam CHC,20.648152,73.031019,Community Health Center,2,Gujarat,VALSAD,0
SPEC_1270,MAJHAULI,24.133426,81.613085,Community Health Center,2,Madhya Pradesh,Sidhi,0
SPEC_1304,Kelwara,25.150286,73.583212,Community Health Center,2,Rajasthan,Rajsamand,0
SPEC_1308,COMMUNITY HEALTH CENTER BAYTU,25.899008,71.771145,Community Health Center,2,Rajasthan,Barmer,0
SPEC_1310,Bankura Sammilani Medical College & Hospital,23.231457,87.038574,Medical Colleges Hospital,20,West Bengal,Bankura,0
SPEC_1321,DASARATHPUR,20.83185,86.44926,Community Health Center,2,Odisha,Jajapur,0
SPEC_1322,UNIT4 CHC,20.279581,85.827312,Community Health Center,2,Odisha,Khordha,0
SPEC_1343,Kandi Sub Divisional Hospital,23.951288,88.04684,Sub-District Hospital,3,West Bengal,Murshidabad,0
SPEC_1344,Jangipur Sub Divisional Hospital,24.460022,88.061745,Sub-District Hospital,3,West Bengal,Murshidabad,0
SPEC_1345,LALBAGH Sub Divisional HOSPITAL,24.1769,88.2815,Sub-District Hospital,3,West Bengal,Murshidabad,0
SPEC_1382,Jharsuguda,21.85168,84.01711,District Hospital,8,Odisha,Jharsuguda,0
SPEC_1384,Brarajnagar,21.82446,83.93085,Community Health Center,2,Odisha,Jharsuguda,0
SPEC_1385,Rajpur,21.88976,83.93427,Community Health Center,2,Odisha,Jharsuguda,0
SPEC_1418,Kirmira,21.87597,84.1779,Community Health Center,2,Odisha,Jharsuguda,0
SPEC_1429,Kolabira,21.80494,84.16486,Community Health Center,2,Odisha,Jharsuguda,0
SPEC_1442,Mundrajore,21.88326,84.25841,Community Health Center,2,Odisha,Jharsuguda,0
SPEC_1473,"CHC,K.GUMMA",18.37251,82.18591,Community Health Center,2,Odisha,Malkangiri,0
SPEC_1488,Lakhanpur,21.7654,83.77366,Community Health Center,2,Odisha,Jharsuguda,0
SPEC_1491,Astaranga CHC,19.9761,86.27152,Community Health Center,2,Odisha,Puri,0
SPEC_1502,Gopa CHC,19.98479,86.02047,Community Health Center,2,Odisha,Puri,0
SPEC_1522,CHC Chiliguda,19.7307,82.90639,Community Health Center,2,Odisha,Kalahandi,0
SPEC_1558,Pipli,20.10713,85.83662,Community Health Center,2,Odisha,Puri,0
SPEC_1559,Mangalpur,20.17534,85.89028,Community Health Center,2,Odisha,Puri,0
SPEC_1561,Panidol,20.11891,85.78378,Community Health Center,2,Odisha,Puri,0
SPEC_1597,Bangurigaon,19.93571,86.19395,Community Health Center,2,Odisha,Puri,0
SPEC_1598,Anantapur CHC,21.22914,86.76051,Community Health Center,2,Odisha,Baleshwar,0
SPEC_1642,Sunabeda,18.5472,82.7932,Community Health Center,2,Odisha,Koraput,0
SPEC_1644,Leprosy Home & Hospital,20.460957,85.918002,Civil Hospital/General Hospital,5,Odisha,Cuttack,0
SPEC_1646,Udit Narayan Pur T.B Hospital,20.284614,83.167662,Civil Hospital/General Hospital,5,Odisha,Kalahandi,0
SPEC_1647,B.M.S.N Chandpur,19.94299,85.40331,Civil Hospital/General Hospital,5,Odisha,Nayagarh,0
SPEC_1648,"I.D.H,Puri",19.811171,85.835598,Civil Hospital/General Hospital,5,Odisha,Puri,0
SPEC_1651,Leprosy Home & Hosp.,21.3313,84.10079,Civil Hospital/General Hospital,5,Odisha,Sambalpur,0
SPEC_1677,Delanga,20.06026,85.74628,Community Health Center,2,Odisha,Puri,0
SPEC_1735,Krushna Prasad,19.63488,85.26502,Community Health Center,2,Odisha,Puri,0
SPEC_1737,Chilka Nuapada,19.66357,85.38094,Community Health Center,2,Odisha,Puri,0
SPEC_1744,Rebana Nuagaon,19.80092,85.69789,Community Health Center,2,Odisha,Puri,0
SPEC_1787,Devprayag CHC,30.1578,78.59895,Community Health Center,2,Uttarakhand,Tehri Garhwal,0
SPEC_1815,Charichhak,19.80338,85.82059,Community Health Center,2,Odisha,Puri,0
SPEC_1817,Nimapada,20.04956,86.00712,Community Health Center,2,Odisha,Puri,0
SPEC_1893,Algum,19.95062,85.7472,Community Health Center,2,Odisha,Puri,0
SPEC_1896,Sakhigopal,19.94548,85.82049,Community Health Center,2,Odisha,Puri,0
SPEC_1897,Chandanpur,19.88729,85.81898,Community Health Center,2,Odisha,Puri,0
SPEC_1918,Puri,19.80338,85.82059,District Hospital,8,Odisha,Puri,0
SPEC_1984,Kanas,20.00382,85.65072,Community Health Center,2,Odisha,Puri,0
SPEC_2073,VAYALPADU,13.635851,78.628112,Community Health Center,2,Andhra Pradesh,Chittoor District,0
SPEC_2074,KALIKIRI,13.64667,78.802784,Community Health Center,2,Andhra Pradesh,Chittoor District,0
SPEC_2082,CHINNAGOTTIGALLU,13.644,79.153,Community Health Center,2,Andhra Pradesh,Chittoor District,0
SPEC_2093,SAMALKOT CHC,17.05042,82.16654,Community Health Center,2,Andhra Pradesh,East Godavari District,0
SPEC_2095,MUMMIDIVARAM CHC,16.638851,82.099689,Community Health Center,2,Andhra Pradesh,East Godavari District,0
SPEC_2097,Area Hospital - Narsipatnam,17.666433,82.610523,Sub-District Hospital,3,Andhra Pradesh,Visakhapatnam District,0
SPEC_2098,Anakapalli,17.689591,82.997733,District Hospital,8,Andhra Pradesh,Visakhapatnam District,0
SPEC_2099,DISTRICT HOSPITAL,18.106658,83.395551,District Hospital,8,Andhra Pradesh,Vizianagaram District,0
SPEC_2104,AREA HOSPITAL PARVATHIPURAM,18.781716,83.426752,Sub-District Hospital,3,Andhra Pradesh,Vizianagaram District,0
SPEC_2107,COMMUNITY HEALTH CENTER BADANGI,18.494074,83.366362,Community Health Center,2,Andhra Pradesh,Vizianagaram District,0
SPEC_2109,COMMUNITY HEALTH CENTER SALUR,18.516385,83.205086,Community Health Center,2,Andhra Pradesh,Vizianagaram District,0
SPEC_2112,COMMUNITY HEALTH CENTER BOBBILI,18.573505,83.358365,Community Health Center,2,Andhra Pradesh,Vizianagaram District,0
SPEC_2115,COMMUNITY HEALTH CENTER KURUPAM,18.86688,83.550989,Community Health Center,2,Andhra Pradesh,Vizianagaram District,0
SPEC_2119,PEDAKURAPADU,16.469792,80.259739,Community Health Center,2,Andhra Pradesh,Guntur District,0
SPEC_2139,ALAMURU,16.788602,81.888336,Community Health Center,2,Andhra Pradesh,East Godavari District,0
SPEC_2147,P.Kothakota,13.393685,79.104043,Community Health Center,2,Andhra Pradesh,Chittoor District,0
SPEC_2159,COMMUNITY HEALTH CENTER S.KOTA,18.11118,83.139301,Community Health Center,2,Andhra Pradesh,Vizianagaram District,0
SPEC_2160,COMMUNITY HEALTH CENTER GAJAPATHINAGARAM,18.27977,83.333347,Community Health Center,2,Andhra Pradesh,Vizianagaram District,0
SPEC_2161,COMMUNITY HEALTH CENTER BHOGAPURAM,18.030654,83.49369,Community Health Center,2,Andhra Pradesh,Vizianagaram District,0
SPEC_2162,COMMUNITY HEALTH CENTER NELLIMARLA,18.164904,83.451016,Community Health Center,2,Andhra Pradesh,Vizianagaram District,0
SPEC_2163,COMMUNITY HEALTH CENTER CHEEPURUPALLI,18.310533,83.568301,Community Health Center,2,Andhra Pradesh,Vizianagaram District,0
SPEC_2164,COMMUNITY HEALTH CENTER BHADRAGIRI,18.986456,83.666161,Community Health Center,2,Andhra Pradesh,Vizianagaram District,0
SPEC_2165,COMMUNITY HEALTH CENTER CHINAMERANGI,18.839439,83.548724,Community Health Center,2,Andhra Pradesh,Vizianagaram District,0
SPEC_2166,Challapalli,16.1148,80.9334,Community Health Center,2,Andhra Pradesh,Krishna District,0
SPEC_2168,Mylavaram,16.765641,80.645256,Community Health Center,2,Andhra Pradesh,Krishna District,0
SPEC_2171,Vuyyurru,16.38113,80.85027,Community Health Center,2,Andhra Pradesh,Krishna District,0
SPEC_2179,Vissannapeta,16.93856,80.78155,Community Health Center,2,Andhra Pradesh,Krishna District,0
SPEC_2185,Jaggaiahpeta,16.89267,80.1097,Community Health Center,2,Andhra Pradesh,Krishna District,0
SPEC_2307,Pamidi,14.952117,77.594796,Community Health Center,2,Andhra Pradesh,Anantapur District,0
SPEC_2320,ALLAVARAM,16.5095,81.98826,Community Health Center,2,Andhra Pradesh,East Godavari District,0
SPEC_2323,Madakasira,13.940279,77.271717,Sub-District Hospital,3,Andhra Pradesh,Anantapur District,0
SPEC_2324,Chennekothapalli,14.631076,77.602261,Community Health Center,2,Andhra Pradesh,Anantapur District,0
SPEC_2329,CHC Rajampeta,14.199081,79.156096,Community Health Center,2,Andhra Pradesh,Kadapa District,0
SPEC_2330,Gurazala,16.55986,79.64264,Community Health Center,2,Andhra Pradesh,Guntur District,0
SPEC_2331,vemuru,16.177978,80.739457,Community Health Center,2,Andhra Pradesh,Guntur District,0
SPEC_2332,Ipur,16.228259,79.772839,Community Health Center,2,Andhra Pradesh,Guntur District,0
SPEC_2333,NAGARAM,16.001741,80.723923,Community Health Center,2,Andhra Pradesh,Guntur District,0
SPEC_2336,NIZAMPATNAM,15.90959,80.66851,Community Health Center,2,Andhra Pradesh,Guntur District,0
SPEC_2337,VINUKONDA,16.050267,79.73986,Community Health Center,2,Andhra Pradesh,Guntur District,0
SPEC_2338,MADANAPALLI,13.55655,78.50132,Sub-District Hospital,3,Andhra Pradesh,Chittoor District,0
SPEC_2347,CHC SIDDAVATAM,14.46676,78.96983,Community Health Center,2,Andhra Pradesh,Kadapa District,0
SPEC_2348,Gudiwada,16.43458,80.99148,Sub-District Hospital,3,Andhra Pradesh,Krishna District,0
SPEC_2349,Avanigadda,16.0214,80.9159,Community Health Center,2,Andhra Pradesh,Krishna District,0
SPEC_2350,Singanamala,14.800029,77.717308,Community Health Center,2,Andhra Pradesh,Anantapur District,0
SPEC_2351,CHC Tadipatri,14.907027,78.00927,Community Health Center,2,Andhra Pradesh,Anantapur District,0
SPEC_2354,GUDURU,16.214917,81.07783,Community Health Center,2,Andhra Pradesh,Krishna District,0
SPEC_2355,Tiruvuru,17.11428,80.61021,Community Health Center,2,Andhra Pradesh,Krishna District,0
SPEC_2356,Gooty,15.122948,77.632559,Sub-District Hospital,3,Andhra Pradesh,Anantapur District,0
SPEC_2357,District Hospital,16.17713,81.13863,District Hospital,8,Andhra Pradesh,Krishna District,0
SPEC_2358,SATHYAVEDU,13.437108,79.955387,Community Health Center,2,Andhra Pradesh,Chittoor District,0
SPEC_2360,Gannavaram,16.539398,80.798547,Community Health Center,2,Andhra Pradesh,Krishna District,0
SPEC_2364,KAIKALURU,16.552723,81.212937,Community Health Center,2,Andhra Pradesh,Krishna District,0
SPEC_2373,M.T.Agarwal Hospital,19.1779,72.9462,Sub-District Hospital,3,Maharashtra,Mumbai (Suburban) *,0
SPEC_2374,V.D. SAWARKAR HOSPITAL,19.1746,72.9431,Sub-District Hospital,3,Maharashtra,Mumbai (Suburban) *,0
SPEC_2375,Nandigamma,16.7725,80.2859,Community Health Center,2,Andhra Pradesh,Krishna District,0
SPEC_2376,AH Dharmavaram,14.413745,77.712619,Sub-District Hospital,3,Andhra Pradesh,Anantapur District,0
SPEC_2381,CHC Kalyandurg,14.55,77.1,Community Health Center,2,Andhra Pradesh,Anantapur District,0
SPEC_2384,CHC Kanekal,14.809323,77.069398,Community Health Center,2,Andhra Pradesh,Anantapur District,0
SPEC_2385,AH Penukonda,14.084431,77.597323,Sub-District Hospital,3,Andhra Pradesh,Anantapur District,0
SPEC_2386,CHC Nallamada,14.141684,77.983144,Community Health Center,2,Andhra Pradesh,Anantapur District,0
SPEC_2388,CHC Tanakal,13.918394,78.1968,Community Health Center,2,Andhra Pradesh,Anantapur District,0
SPEC_2390,AH Kadiri,14.113443,78.158298,Sub-District Hospital,3,Andhra Pradesh,Anantapur District,0
SPEC_2406,GGH Vijayawada,16.5,80.64,Civil Hospital/General Hospital,5,Andhra Pradesh,Krishna District,0
SPEC_2409,Chilakaluripet,16.07854,80.17626,Community Health Center,2,Andhra Pradesh,Guntur District,0
SPEC_2422,NAGARI,13.341812,79.579645,Sub-District Hospital,3,Andhra Pradesh,Chittoor District,0
SPEC_2441,BANGARUPALYAM,13.196233,78.913265,Community Health Center,2,Andhra Pradesh,Chittoor District,0
SPEC_2442,DISTRICT HOSPITAL,13.217417,79.097055,District Hospital,8,Andhra Pradesh,Chittoor District,0
SPEC_2444,CHANDRAGIRI,13.3516,79.1858,Sub-District Hospital,3,Andhra Pradesh,Chittoor District,0
SPEC_2445,CHC Badvel,14.733777,79.05735,Community Health Center,2,Andhra Pradesh,Kadapa District,0
SPEC_2446,CHC Kamalapuram,14.608784,78.662567,Community Health Center,2,Andhra Pradesh,Kadapa District,0
SPEC_2447,Lakkireddypalli,14.184207,78.701665,Community Health Center,2,Andhra Pradesh,Kadapa District,0
SPEC_2448,DH Proddatur,14.741592,78.55005,District Hospital,8,Andhra Pradesh,Kadapa District,0
SPEC_2449,AH Pulivendula,14.421039,78.227409,Sub-District Hospital,3,Andhra Pradesh,Kadapa District,0
SPEC_2450,CHC Rayachoti,14.058546,78.751886,Community Health Center,2,Andhra Pradesh,Kadapa District,0
SPEC_2451,CHC Mydukur,14.730185,78.729404,Community Health Center,2,Andhra Pradesh,Kadapa District,0
SPEC_2452,CHC Vempalli,14.368389,78.458245,Community Health Center,2,Andhra Pradesh,Kadapa District,0
SPEC_2455,ADDATEEGALA,17.476058,82.021641,Community Health Center,2,Andhra Pradesh,East Godavari District,0
SPEC_2456,PUNGANUR,13.361943,78.559767,Community Health Center,2,Andhra Pradesh,Chittoor District,0
SPEC_2457,CHC Uravakonda,14.946038,77.260484,Community Health Center,2,Andhra Pradesh,Anantapur District,0
SPEC_2459,PEDAPUDI,16.952348,82.130561,Community Health Center,2,Andhra Pradesh,East Godavari District,0
SPEC_2460,Palamaner,13.19844,78.74782,Sub-District Hospital,3,Andhra Pradesh,Chittoor District,0
SPEC_2461,Kaviti,19.009387,84.688443,Community Health Center,2,Andhra Pradesh,Srikakulam District,0
SPEC_2462,Bheemunipatnam,17.887517,83.44568,Community Health Center,2,Andhra Pradesh,Visakhapatnam District,0
SPEC_2463,Chodavaram,17.831381,82.934022,Community Health Center,2,Andhra Pradesh,Visakhapatnam District,0
SPEC_2464,Kotabommali,18.518414,84.151428,Community Health Center,2,Andhra Pradesh,Srikakulam District,0
SPEC_2465,Kothuru,14.826705,76.221839,Community Health Center,2,Andhra Pradesh,Srikakulam District,0
SPEC_2466,Haripuram,18.84703,84.50266,Community Health Center,2,Andhra Pradesh,Srikakulam District,0
SPEC_2467,Narasannapeta,18.416364,84.045926,Community Health Center,2,Andhra Pradesh,Srikakulam District,0
SPEC_2471,Y. RAMAVARAM CHC,17.631999,81.956209,Community Health Center,2,Andhra Pradesh,East Godavari District,0
SPEC_2476,Palasa,18.774716,84.409385,Community Health Center,2,Andhra Pradesh,Srikakulam District,0
SPEC_2477,Pathapatnam,18.750523,84.091578,Community Health Center,2,Andhra Pradesh,Srikakulam District,0
SPEC_2479,Ponduru,18.349737,83.758392,Community Health Center,2,Andhra Pradesh,Srikakulam District,0
SPEC_2480,Rajam,18.450177,83.658022,Sub-District Hospital,3,Andhra Pradesh,Srikakulam District,0
SPEC_2481,Ranasthalam,18.190546,83.619411,Community Health Center,2,Andhra Pradesh,Srikakulam District,0
SPEC_2482,Seethampeta,18.692534,83.816805,Community Health Center,2,Andhra Pradesh,Srikakulam District,0
SPEC_2483,Budithi,18.543851,84.013304,Community Health Center,2,Andhra Pradesh,Srikakulam District,0
SPEC_2484,Sompeta,18.947972,84.5842,Community Health Center,2,Andhra Pradesh,Srikakulam District,0
SPEC_2485,P.Gannavaram,16.58912,81.89051,Community Health Center,2,Andhra Pradesh,East Godavari District,0
SPEC_2486,CHC ROUTHULAPUDI,17.38116,82.36873,Community Health Center,2,Andhra Pradesh,East Godavari District,0
SPEC_2487,RIMS Teching Hospital,18.314836,83.894633,Medical Colleges Hospital,20,Andhra Pradesh,Srikakulam District,0
SPEC_2488,Tekkali,18.602456,84.238908,Sub-District Hospital,3,Andhra Pradesh,Srikakulam District,0
SPEC_2491,COMMUNITY HEALTH CENTRE ANAPARTHY (APVVP),16.9272,81.9538,Community Health Center,2,Andhra Pradesh,East Godavari District,0
SPEC_2498,Araku valley,18.327349,82.877522,Community Health Center,2,Andhra Pradesh,Visakhapatnam District,0
SPEC_2499,Baruva,18.88494,84.58379,Community Health Center,2,Andhra Pradesh,Srikakulam District,0
SPEC_2500,Paderu,18.08058,82.664547,Community Health Center,2,Andhra Pradesh,Visakhapatnam District,0
SPEC_2501,K Kotapadu,17.886116,83.043521,Community Health Center,2,Andhra Pradesh,Visakhapatnam District,0
SPEC_2502,Kotauratla,17.566214,82.683445,Community Health Center,2,Andhra Pradesh,Visakhapatnam District,0
SPEC_2503,Nakkapalli,17.413509,82.725526,Community Health Center,2,Andhra Pradesh,Visakhapatnam District,0
SPEC_2504,Madugula,17.916823,82.814239,Community Health Center,2,Andhra Pradesh,Visakhapatnam District,0
SPEC_2505,YELLAMANCHILI,17.551485,82.858322,Community Health Center,2,Andhra Pradesh,Visakhapatnam District,0
SPEC_2506,Chintapalli,17.871333,82.353451,Community Health Center,2,Andhra Pradesh,Visakhapatnam District,0
SPEC_2520,CHC Sadar Block,24.18741,86.290123,Community Health Center,2,Jharkhand,GIRIDIH,0
SPEC_2527,Mandapeta CHC,16.861165,81.925723,Community Health Center,2,Andhra Pradesh,East Godavari District,0
SPEC_2546,GOVERNMENT GENERALA HOSPITAL,16.95579,82.22869,Medical Colleges Hospital,20,Andhra Pradesh,East Godavari District,0
SPEC_2573,T.Kothapalli,16.663791,82.205347,Community Health Center,2,Andhra Pradesh,East Godavari District,0
SPEC_2633,HUDCO Colony,18.313053,83.893017,Sub-District Hospital,3,Andhra Pradesh,Srikakulam District,0
SPEC_2641,CHC Konakondla,15.1053,77.364,Community Health Center,2,Andhra Pradesh,Anantapur District,0
SPEC_2663,"GOVT. HOSPITAL, DAMAN",20.432833,72.831556,District Hospital,8,Daman & Diu,Daman,0
SPEC_2667,"GOVT. HOSPITAL, DIU",20.715341,70.978824,District Hospital,8,Daman & Diu,Diu,0
SPEC_2674,CHC PATTAN,34.1601,74.5537,Community Health Center,2,Jammu & Kashmir,Baramula,0
SPEC_2706,SIDDHARTHA MEDICAL COLLEG,16.518623,80.671009,Medical Colleges Hospital,20,Andhra Pradesh,Krishna District,0
SPEC_2709,CHC Addateegala,17.476058,82.021641,Community Health Center,2,Andhra Pradesh,East Godavari District,0
SPEC_2721,Saiyan,26.94528,77.93862,Community Health Center,2,Uttar Pradesh,Agra,0
SPEC_2744,chc Littipara,24.69,87.61,Community Health Center,2,Jharkhand,PAKAUR,0
SPEC_2745,DH Hindupur,13.818538,77.498875,District Hospital,8,Andhra Pradesh,Anantapur District,0
SPEC_2748,VIRAMPUR,24.30395,72.767345,Community Health Center,2,Gujarat,BANASKANTHA,0
SPEC_2751,CHC Nagra (East),25.998019,83.971159,Community Health Center,2,Uttar Pradesh,Ballia,0
SPEC_2767,TADAV CHC,24.49916,71.436165,Community Health Center,2,Gujarat,BANASKANTHA,0
SPEC_2790,"Area Hospital, Siddipet",18.098842,78.841392,Sub-District Hospital,3,Telangana,Medak District,0
SPEC_2812,Community Health Centre  Dubbak,18.172392,78.662665,Community Health Center,2,Telangana,Medak District,0
SPEC_2814,Commuity HEalth Centre Jogipet,17.838669,78.070972,Community Health Center,2,Telangana,Medak District,0
SPEC_2817,"Area Hospital, Medak",18.045017,78.262219,Sub-District Hospital,3,Telangana,Medak District,0
SPEC_2820,"Community Health Center, Burgampadu",17.644227,80.868516,Community Health Center,2,Telangana,Khammam District,0
SPEC_2822,"Community Health Centre, Venkatapuram",18.302824,80.552178,Community Health Center,2,Telangana,Khammam District,0
SPEC_2856,CHC KASIA,26.745423,83.917035,Community Health Center,2,Uttar Pradesh,Kushinagar,0
SPEC_2860,CHC Siyana,28.62791,78.060914,Community Health Center,2,Rajasthan,Jalor,0
SPEC_2869,chcpatti,25.95894,82.157158,Community Health Center,2,Uttar Pradesh,Pratapgarh,0
SPEC_2871,chcsangramgarh,25.858265,81.500651,Community Health Center,2,Uttar Pradesh,Pratapgarh,0
SPEC_2899,chckunda,25.72006,81.516738,Community Health Center,2,Uttar Pradesh,Pratapgarh,0
SPEC_2979,Agasvani,22.729374,74.068199,Community Health Center,2,Gujarat,DAHOD,0
SPEC_3034,"Commuity Health Centre, Narasapur",17.739663,78.28409,Community Health Center,2,Telangana,Medak District,0
SPEC_3035,"District Hospital, Sangareddy",17.625477,78.081776,District Hospital,8,Telangana,Medak District,0
SPEC_3036,"COmmunity Health Centre, Sadasivpet",17.619528,77.943224,Community Health Center,2,Telangana,Medak District,0
SPEC_3041,Area Hospital Zaheerabad,17.675633,77.610552,Sub-District Hospital,3,Telangana,Medak District,0
SPEC_3044,"Commuity Health Centre, Koheer",17.683305,77.616695,Community Health Center,2,Telangana,Medak District,0
SPEC_3053,Area Hospital Patancheru,17.530125,78.266666,Sub-District Hospital,3,Telangana,Medak District,0
SPEC_3055,SANGRAMGARH,25.858265,81.500651,Community Health Center,2,Uttar Pradesh,Pratapgarh,0
SPEC_3057,RAMPUR SANGRAMGARH,25.858265,81.500651,Community Health Center,2,Uttar Pradesh,Pratapgarh,0
SPEC_3059,"Community Health Centre, Ramayanpet",18.113415,78.430007,Community Health Center,2,Telangana,Medak District,0
SPEC_3110,Patti,25.918763,82.201143,Community Health Center,2,Uttar Pradesh,Pratapgarh,0
SPEC_3111,KOHANDAUR,26.237479,82.124346,Community Health Center,2,Uttar Pradesh,Pratapgarh,0
SPEC_3130,"Commuity Health Centre, Narayankhed",18.032944,77.780558,Community Health Center,2,Telangana,Medak District,0
SPEC_3132,Sandwachandika,26.0404,81.88471,Community Health Center,2,Uttar Pradesh,Pratapgarh,0
SPEC_3157,chc BELKHARNATH,25.8935,82.054022,Community Health Center,2,Uttar Pradesh,Pratapgarh,0
SPEC_3221,chc jahanabad,28.632112,79.709775,Community Health Center,2,Uttar Pradesh,Pilibhit,0
SPEC_3318,"Sadar Hospital, Supaul",26.31074,86.572879,District Hospital,8,Bihar,Supaul *,0
SPEC_3345,District Hospital of North Tripura,24.0234,92.009507,District Hospital,8,Tripura,North District,0
SPEC_3361,Dhalai District Hospital,23.95498,91.82561,District Hospital,8,Tripura,Dhalai District,0
SPEC_3378,Khowai District Hospital,24.07175,91.60238,District Hospital,8,Tripura,Khowai District,0
SPEC_3416,"Sadar Hospital, Sheikhpura",25.138342,85.841429,District Hospital,8,Bihar,Sheikhpura *,0
SPEC_3468,Sub Divisional Hospital Rajgir Nalanda,25.02661,85.42351,Sub-District Hospital,3,Bihar,Nalanda,0
SPEC_3497,District Hospital South,23.018628,91.033434,District Hospital,8,Tripura,South District,0
SPEC_3544,Manihari SDH,25.346062,87.622682,Sub-District Hospital,3,Bihar,Katihar,0
SPEC_3617,Chirala,15.825322,80.361726,Sub-District Hospital,3,Andhra Pradesh,Prakasam District,0
SPEC_3618,Markapur,15.736154,79.269125,Sub-District Hospital,3,Andhra Pradesh,Prakasam District,0
SPEC_3621,Kandukuru,15.219717,79.902478,Sub-District Hospital,3,Andhra Pradesh,Prakasam District,0
SPEC_3623,"MCH, Ongole",15.503093,80.044777,Community Health Center,2,Andhra Pradesh,Prakasam District,0
SPEC_3626,Kanigiri,15.218405,79.899364,Community Health Center,2,Andhra Pradesh,Prakasam District,0
SPEC_3628,Giddaluru,15.376358,78.925086,Community Health Center,2,Andhra Pradesh,Prakasam District,0
SPEC_3629,Cumbum,15.584261,79.114875,Community Health Center,2,Andhra Pradesh,Prakasam District,0
SPEC_3630,Community Health Center,15.80456,79.826568,Community Health Center,2,Andhra Pradesh,Prakasam District,0
SPEC_3654,Darsi,15.782705,79.666333,Community Health Center,2,Andhra Pradesh,Prakasam District,0
SPEC_3655,Podili,15.602481,79.606868,Community Health Center,2,Andhra Pradesh,Prakasam District,0
SPEC_3656,Chimakurthy,15.585537,79.867181,Community Health Center,2,Andhra Pradesh,Prakasam District,0
SPEC_3657,Community Health Center,15.348463,79.560344,Community Health Center,2,Andhra Pradesh,Prakasam District,0
SPEC_3660,Ulavapadu,15.168059,80.007377,Community Health Center,2,Andhra Pradesh,Prakasam District,0
SPEC_3663,Martur,15.993843,80.103772,Community Health Center,2,Andhra Pradesh,Prakasam District,0
SPEC_3665,Yerragondapalem,15.348463,79.560344,Community Health Center,2,Andhra Pradesh,Prakasam District,0
SPEC_3666,Pedda Dornala,15.393142,79.533221,Community Health Center,2,Andhra Pradesh,Prakasam District,0
SPEC_3667,Parchuru,15.963869,80.273946,Community Health Center,2,Andhra Pradesh,Prakasam District,0
SPEC_3668,Pamur,15.096035,79.411307,Community Health Center,2,Andhra Pradesh,Prakasam District,0
SPEC_3723,SUBHASH CHANDER BOSE JILA CHIKITASALAY,26.748853,83.365573,District Hospital,8,Uttar Pradesh,Gorakhpur,0
SPEC_3729,CHAURI CHAURA,26.748989,83.58463,Community Health Center,2,Uttar Pradesh,Gorakhpur,0
SPEC_3735,Rajpura,28.340813,78.384754,Community Health Center,2,Uttar Pradesh,Sambhal,0
SPEC_3736,CHC Rajpura,28.340475,78.38498,Community Health Center,2,Uttar Pradesh,Sambhal,0
SPEC_3749,"District Hospital, King Koti",17.393265,78.482152,District Hospital,8,Telangana,Hyderabad District,0
SPEC_3750,"Area Hospital, Malakpet",17.372696,78.49908,Sub-District Hospital,3,Telangana,Hyderabad District,0
SPEC_3751,"Area Hospital, Nampally",17.392273,78.463295,Sub-District Hospital,3,Telangana,Hyderabad District,0
SPEC_3752,"Area Hospital, Golconda",17.397391,78.429363,Sub-District Hospital,3,Telangana,Hyderabad District,0
SPEC_3753,"Community Health Centre, Surajbhan Baghvathi Maternity Hospital",17.369511,78.47638,Community Health Center,2,Telangana,Hyderabad District,0
SPEC_3754,"Community Health Centre, BARKAS",17.31441,78.483241,Community Health Center,2,Telangana,Hyderabad District,0
SPEC_3755,"Community Health Centre, AMBERPET",17.39229,78.51784,Community Health Center,2,Telangana,Hyderabad District,0
SPEC_3756,"Community Health Centre, Jangammet",17.334248,78.469866,Community Health Center,2,Telangana,Hyderabad District,0
SPEC_3757,"Community Health Centre, Lalapet",17.438865,78.541595,Community Health Center,2,Telangana,Hyderabad District,0
SPEC_3758,"Community Health Centre, Panipura",17.37323,78.446466,Community Health Center,2,Telangana,Hyderabad District,0
SPEC_3759,"Community Health Centre, Seethaphalmandi",17.426795,78.519316,Community Health Center,2,Telangana,Hyderabad District,0
SPEC_3760,"Community Health Centre, Sriramnagar",17.44919,78.422925,Community Health Center,2,Telangana,Hyderabad District,0
SPEC_3762,"Community Health Centre,Dabeerpura",17.365588,78.485669,Community Health Center,2,Telangana,Hyderabad District,0
SPEC_3775,Meso Prem Joty,24.88,87.6,Community Health Center,2,Jharkhand,SAHIBGANJ,0
SPEC_3783,Pvt SMC Biru,22.68219,84.560314,Community Health Center,2,Jharkhand,SIMDEGA,0
SPEC_3784,Simdega Sadar Hospital,22.614979,84.502882,District Hospital,8,Jharkhand,SIMDEGA,0
SPEC_3791,"Community Health Centre, GAJWEL",17.845159,78.681832,Community Health Center,2,Telangana,Medak District,0
SPEC_3823,Surya Nursing Pvt.,25.23,87.63,Community Health Center,2,Jharkhand,SAHIBGANJ,0
SPEC_3829,CHC- Sarai Akil,25.37653,81.51654,Community Health Center,2,Uttar Pradesh,Kaushambi,0
SPEC_3835,REF. HOSPITAL DOMCHANCH,24.471858,85.687145,Community Health Center,2,Jharkhand,KODERMA,0
SPEC_3846,Gumla Sadar Hospital,23.05,84.54,District Hospital,8,Jharkhand,GUMLA,0
SPEC_3849,Gumla Sadar Hospital,23.05,84.54,District Hospital,8,Jharkhand,GUMLA,0
SPEC_3858,Private Facilities koderma,24.429601,85.535958,Community Health Center,2,Jharkhand,KODERMA,0
SPEC_3864,St. Joseph Hospital,23.027522,84.589608,Community Health Center,2,Jharkhand,GUMLA,0
SPEC_3873,St. Ursula Hospital,22.85,84.79,Community Health Center,2,Jharkhand,GUMLA,0
SPEC_3875,Private Institution,23.738498,83.82874,Community Health Center,2,Jharkhand,GARHWA,0
SPEC_3881,Dhanbad Sadar Hospital,23.81,86.43,District Hospital,8,Jharkhand,DHANBAD,0
SPEC_3887,Patliputra Medical College Hospital,23.796319,86.432579,Medical Colleges Hospital,20,Jharkhand,DHANBAD,0
SPEC_3888,SDH Sherghati,24.567829,84.803091,Sub-District Hospital,3,Bihar,Gaya,0
SPEC_3889,SDH Tekari,24.93773,84.84013,Sub-District Hospital,3,Bihar,Gaya,0
SPEC_3890,UCHC Kenduadih,23.735863,86.375687,Community Health Center,2,Jharkhand,DHANBAD,0
SPEC_3898,CHC Morva(H),23.053169,73.837439,Community Health Center,2,Gujarat,PANCHMAHALS,0
SPEC_3902,"Government Maternity Hospital, Sultan Bazar",17.393265,78.482152,Women Hospital,3,Telangana,Hyderabad District,0
SPEC_3910,Sadar Hospital Begusarai,25.413687,86.135637,District Hospital,8,Bihar,Begusarai,0
SPEC_3914,Sadar Hospital Munger,25.381813,86.47178,District Hospital,8,Bihar,Munger,0
SPEC_3925,CHC Badlapur,25.888966,82.462388,Community Health Center,2,Uttar Pradesh,Jaunpur,0
SPEC_3996,SDH Bikramganj,25.223293,84.266437,Sub-District Hospital,3,Bihar,Rohtas,0
SPEC_4006,Barkot CHC,30.484382,78.124109,Community Health Center,2,Uttarakhand,Uttarkashi,0
SPEC_4021,"Sadar Hospital, Khagaria",25.50874,86.47543,District Hospital,8,Bihar,Khagaria,0
SPEC_4023,Sadar Hospital Motihari Purbi Champaran,26.646308,84.90994,District Hospital,8,Bihar,Purba Champaran,0
SPEC_4042,Gandhi Hospital,17.423224,78.504144,Medical Colleges Hospital,20,Telangana,Hyderabad District,0
SPEC_4043,CHC BARDAH,25.81528,82.86394,Community Health Center,2,Uttar Pradesh,Azamgarh,0
SPEC_4068,Sadar Hospital Araria,26.131138,87.445534,District Hospital,8,Bihar,Araria,0
SPEC_4082,dighal,28.53,76.62,Community Health Center,2,Haryana,Jhajjar,0
SPEC_4224,Family Planning Association of India,28.33201,77.10389,Community Health Center,2,Delhi,New Delhi,0
SPEC_4228,Mohan Nursing Home,28.7028,77.2676,Community Health Center,2,Delhi,North-East,0
SPEC_4283,Barasat District Hospital,22.721683,88.491883,District Hospital,8,West Bengal,North 24 Parganas,0
SPEC_4285,Salt Lake Sub-divisional Hospital,22.59045,88.4112,Sub-District Hospital,3,West Bengal,North 24 Parganas,0
SPEC_4287,Killar CH,33.08089,76.40711,Civil Hospital/General Hospital,5,Himachal Pradesh,Chamba,0
SPEC_4296,College of Medicine & Sagore Dutta Hospital,22.6752,88.37465,Medical Colleges Hospital,20,West Bengal,North 24 Parganas,0
SPEC_4303,DADABARI,25.155977,75.831253,Community Health Center,2,Rajasthan,Kota,0
SPEC_4323,Dr. B.N.Bose Sub-divisional Hospital,22.752033,88.371017,Sub-District Hospital,3,West Bengal,North 24 Parganas,0
SPEC_4338,Mirjapur,25.013181,76.349257,Community Health Center,2,Rajasthan,Baran,0
SPEC_4360,Dr. Jiban Ratan Dhar Sub-divisional Hospital,23.048317,88.823167,Sub-District Hospital,3,West Bengal,North 24 Parganas,0
SPEC_4383,BERMO,23.762264,86.002069,Sub-District Hospital,3,Jharkhand,BOKARO,0
SPEC_4390,CHC NAUGARH,24.831014,83.256244,Community Health Center,2,Uttar Pradesh,Chandauli,0
SPEC_4393,AGANAMPUDI,17.689461,83.135736,Community Health Center,2,Andhra Pradesh,Visakhapatnam District,0
SPEC_4400,Dr. N. C. Joshi,28.653323,77.199393,Sub-District Hospital,3,Delhi,Central,0
SPEC_4415,Derwa,26.402138,84.894472,Sub-District Hospital,3,Bihar,Purba Champaran,0
SPEC_4504,Prashant Nursing Home,28.715741,77.135145,Community Health Center,2,Delhi,North West,0
SPEC_4514,Northex Stone Clinic,28.698674,77.188056,Community Health Center,2,Delhi,North West,0
SPEC_4526,"Community Health Centre, Khanapur",19.040633,78.652551,Community Health Center,2,Telangana,Adilabad District,0
SPEC_4531,Max Medcentre,28.695364,77.153549,District Hospital,8,Delhi,North West,0
SPEC_4532,"Community Health Centre, Utnoor",19.367352,78.76905,Community Health Center,2,Telangana,Adilabad District,0
SPEC_4533,Max Hospital,28.716413,77.154585,District Hospital,8,Delhi,North West,0
SPEC_4537,Manna Clinic and Maternity Home,28.686694,77.129393,Community Health Center,2,Delhi,North West,0
SPEC_4566,Community Health Center Nakrekal,17.164901,79.427138,Community Health Center,2,Telangana,Nalgonda District,0
SPEC_4570,Sub Divisional Hospital Forbesganj,26.302457,87.254219,Sub-District Hospital,3,Bihar,Araria,0
SPEC_4597,SHERGARH,26.328109,72.295951,Community Health Center,2,Rajasthan,Jodhpur,0
SPEC_4598,MEHNAJPUR,25.678297,83.11287,Community Health Center,2,Uttar Pradesh,Azamgarh,0
SPEC_4599,PARMANPUR,25.762399,83.190055,Community Health Center,2,Uttar Pradesh,Azamgarh,0
SPEC_4609,Brahm Shakti Hospital,28.71231,77.08073,District Hospital,8,Delhi,North West,0
SPEC_4662,Mandhan,28.107966,76.378198,Community Health Center,2,Rajasthan,Alwar,0
SPEC_4678,jatwara,27.25419,76.89894,Community Health Center,2,Rajasthan,Alwar,0
SPEC_4680,kherli,27.206521,77.033755,Community Health Center,2,Rajasthan,Alwar,0
SPEC_4706,LALGANJ,25.80436,82.983984,Community Health Center,2,Uttar Pradesh,Azamgarh,0
SPEC_4711,CHC AUNCHHA,23.3234,78.818347,Community Health Center,2,Uttar Pradesh,Mainpuri,0
SPEC_4826,CHC Kiratpur,29.301561,78.122696,Community Health Center,2,Uttar Pradesh,Bijnor,0
SPEC_4879,CHC BHAMORA,28.21129,79.293235,Community Health Center,2,Uttar Pradesh,Bareilly,0
SPEC_4884,Mahila Hospital,27.42999,83.420588,Women Hospital,3,Uttar Pradesh,Mahrajganj,0
SPEC_4898,RAM SAGAR MISRA 100 BEDED HOSPITAL,27.00863,80.91375,District Hospital,8,Uttar Pradesh,Lucknow,0
SPEC_4906,CHC Mansoorganj,26.977282,83.403345,Community Health Center,2,Uttar Pradesh,Mahrajganj,0
SPEC_4915,District Hospital Janjgir,22.00366,82.607611,District Hospital,8,Chhattisgarh,Janjgir - Champa,0
SPEC_4917,CHC JAGDISHPUR,26.461488,81.617135,Community Health Center,2,Uttar Pradesh,Amethi,0
SPEC_4918,Shahpur,29.357653,77.555838,Community Health Center,2,Uttar Pradesh,Muzaffarnagar,0
SPEC_4919,General Hospital Panchkula,30.691111,76.848611,Civil Hospital/General Hospital,5,Haryana,Panchkula,0
SPEC_4921,General Hospital Kurukshetra,29.96393,76.82087,Civil Hospital/General Hospital,5,Haryana,Kurukshetra,0
SPEC_4922,General Hospital Rohtak,28.5358,76.3504,Civil Hospital/General Hospital,5,Haryana,Rohtak,0
SPEC_4923,General Hospital Faridabad,28.392526,77.29944,Civil Hospital/General Hospital,5,Haryana,Faridabad,0
SPEC_4924,General Hospital Hisar,29.149,75.722,Civil Hospital/General Hospital,5,Haryana,Hisar,0
SPEC_4925,Old Hospital CHC Dungaprur,23.835353,73.716323,Community Health Center,2,Rajasthan,Dungarpur,0
SPEC_4927,Sadar Hospital jamui,24.919515,86.224718,District Hospital,8,Bihar,Jamui *,0
SPEC_4943,Jadiya CHC,24.506694,72.02673,Community Health Center,2,Gujarat,BANASKANTHA,0
SPEC_4961,CHC Sakaldiha,25.343798,83.255938,Community Health Center,2,Uttar Pradesh,Chandauli,0
SPEC_4977,CHC KHIRON,26.28767,80.933391,Community Health Center,2,Uttar Pradesh,Rae Bareli,0
SPEC_4981,Community Health Centre Jammikunta,18.289075,79.473882,Community Health Center,2,Telangana,Karimnagar District,0
SPEC_4982,Community Health Centre Sultanabad,18.522585,79.312191,Community Health Center,2,Telangana,Karimnagar District,0
SPEC_4983,Community Health Centre Korutla,18.826865,78.713999,Community Health Center,2,Telangana,Karimnagar District,0
SPEC_4984,Community Health Center,26.421747,79.797519,Community Health Center,2,Uttar Pradesh,Kanpur Dehat,0
SPEC_4985,CHC Rasulabad,26.77111,79.779791,Community Health Center,2,Uttar Pradesh,Kanpur Dehat,0
SPEC_4995,Rajeev Gandhi District Hospital,27.560932,76.625017,District Hospital,8,Rajasthan,Alwar,0
SPEC_4996,DH Nagaur,27.399509,74.575607,District Hospital,8,Rajasthan,Nagaur,0
SPEC_4999,CHC GAURIGANJ,26.203393,81.687221,Community Health Center,2,Uttar Pradesh,Amethi,0
SPEC_5002,B. D. K. Hospital,28.128875,75.399509,District Hospital,8,Rajasthan,Jhunjhunun,0
SPEC_5004,CHC FURSATGANJ,26.225648,81.092688,Community Health Center,2,Uttar Pradesh,Amethi,0
SPEC_5033,BHADAR,26.115568,81.949398,Community Health Center,2,Uttar Pradesh,Amethi,0
SPEC_5111,Lilapur,26.637406,83.751701,Community Health Center,2,Uttar Pradesh,Deoria,0
SPEC_5112,JAMON,26.368014,81.664202,Community Health Center,2,Uttar Pradesh,Amethi,0
SPEC_5116,JASUAI,26.311882,84.036568,Community Health Center,2,Uttar Pradesh,Deoria,0
SPEC_5142,Bhagirathpur BPHC,24.083689,88.557167,Community Health Center,2,West Bengal,Murshidabad,0
SPEC_5144,NAUGAWA SADAT,29.000856,78.24354,Community Health Center,2,Uttar Pradesh,Jyotiba Phule Nagar,0
SPEC_5145,CHC Dhabarsi,28.551283,78.299357,Community Health Center,2,Uttar Pradesh,Jyotiba Phule Nagar,0
SPEC_5146,AMETHI,26.155873,81.804591,Community Health Center,2,Uttar Pradesh,Amethi,0
SPEC_5150,"Area Hospital,  Nagarjuna Sagar",16.583763,79.319379,Sub-District Hospital,3,Telangana,Nalgonda District,0
SPEC_5175,Area Hospital  Miryalguda,16.874429,79.566593,Sub-District Hospital,3,Telangana,Nalgonda District,0
SPEC_5176,Area Hospital Huzurnagar,16.894314,79.871249,Sub-District Hospital,3,Telangana,Nalgonda District,0
SPEC_5177,"Community Health Centre,  Ramannapet",17.289238,79.094492,Community Health Center,2,Telangana,Nalgonda District,0
SPEC_5178,Area Hospital Suryapet,17.141408,79.606639,Sub-District Hospital,3,Telangana,Nalgonda District,0
SPEC_5183,Pandri,25.085583,82.73984,Community Health Center,2,Uttar Pradesh,Mirzapur,0
SPEC_5184,Gursundi,25.185553,82.631043,Community Health Center,2,Uttar Pradesh,Mirzapur,0
SPEC_5185,Vindhyachal,25.16214,82.50498,Community Health Center,2,Uttar Pradesh,Mirzapur,0
SPEC_5186,"District Hospital, Nalgonda",17.055999,79.277837,District Hospital,8,Telangana,Nalgonda District,0
SPEC_5205,Main center FW,26.195278,81.704901,Community Health Center,2,Uttar Pradesh,Amethi,0
SPEC_5206,Main center MCH,26.195278,81.704901,Community Health Center,2,Uttar Pradesh,Amethi,0
SPEC_5208,SHAHGARH,26.263363,81.768833,Community Health Center,2,Uttar Pradesh,Amethi,0
SPEC_5218,Chunar Chacheri More,25.115441,82.841827,Community Health Center,2,Uttar Pradesh,Mirzapur,0
SPEC_5237,"Community Health Centre, Armoor",18.792536,78.287458,Community Health Center,2,Telangana,Nizamabad District,0
SPEC_5240,"Community Health Centre, Balkonda",18.869638,78.335861,Community Health Center,2,Telangana,Nizamabad District,0
SPEC_5242,"Community Health Centre, Bichkunda",18.401354,77.706575,Community Health Center,2,Telangana,Nizamabad District,0
SPEC_5243,"Community Health Centre, Dharpally",18.577833,78.368579,Community Health Center,2,Telangana,Nizamabad District,0
SPEC_5244,"Community Health Centre,  Dichpally",18.60446,78.210586,Community Health Center,2,Telangana,Nizamabad District,0
SPEC_5246,"Community Health Centre, Domakonda",18.250506,78.438247,Community Health Center,2,Telangana,Nizamabad District,0
SPEC_5248,"Community Health Centre, Gandhari",18.39371,78.117581,Community Health Center,2,Telangana,Nizamabad District,0
SPEC_5249,"Community Health Centre, Kotagiri",11.414299,76.866331,Community Health Center,2,Telangana,Nizamabad District,0
SPEC_5250,"Community Health Centre, Madnoor",18.506714,77.623541,Community Health Center,2,Telangana,Nizamabad District,0
SPEC_5251,"Community Health Centre, Varni",18.532183,77.893023,Community Health Center,2,Telangana,Nizamabad District,0
SPEC_5252,"Community Health Centre, Morthad",18.812535,78.463117,Community Health Center,2,Telangana,Nizamabad District,0
SPEC_5253,"Community Health Centre, Navipet",18.771763,78.01453,Community Health Center,2,Telangana,Nizamabad District,0
SPEC_5254,"Community Health Centre, Yellareddy",18.195224,78.016685,Community Health Center,2,Telangana,Nizamabad District,0
SPEC_5255,"Community Health Centre, Pitlam",18.223706,77.822433,Community Health Center,2,Telangana,Nizamabad District,0
SPEC_5256,"Area Hospital, Kamareddy",18.323995,78.334305,Sub-District Hospital,3,Telangana,Nizamabad District,0
SPEC_5257,"Area Hospital ,Banswada",18.381849,77.875811,Sub-District Hospital,3,Telangana,Nizamabad District,0
SPEC_5258,Area Hospital Bodhan,18.656827,77.888175,Sub-District Hospital,3,Telangana,Nizamabad District,0
SPEC_5259,"Government General Hospital, Nizamabad",18.675657,78.098878,Medical Colleges Hospital,20,Telangana,Nizamabad District,0
SPEC_5268,Ahraura,25.02145,83.03323,Community Health Center,2,Uttar Pradesh,Mirzapur,0
SPEC_5280,CHC MUSAFIRKHANA,26.36256,81.812126,Community Health Center,2,Uttar Pradesh,Amethi,0
SPEC_5326,Nazirpur BPHC,23.8675,88.55388,Community Health Center,2,West Bengal,Nadia,0
SPEC_5343,TILOI,26.393082,81.46978,Community Health Center,2,Uttar Pradesh,Amethi,0
SPEC_5370,SANGRAMPUR,26.07557,81.839462,Community Health Center,2,Uttar Pradesh,Amethi,0
SPEC_5378,Choori CHC,32.478655,76.290728,Community Health Center,2,Himachal Pradesh,Chamba,0
SPEC_5387,Kihar CHC,32.764791,75.965926,Community Health Center,2,Himachal Pradesh,Chamba,0
SPEC_5388,Salooni CHC,32.720438,76.051899,Community Health Center,2,Himachal Pradesh,Chamba,0
SPEC_5398,BAZAR SHUKUL,26.605676,81.581207,Community Health Center,2,Uttar Pradesh,Amethi,0
SPEC_5400,BHETUA,26.210681,81.876561,Community Health Center,2,Uttar Pradesh,Amethi,0
SPEC_5445,"Community Health Center, Garla",17.486389,80.140701,Community Health Center,2,Telangana,Khammam District,0
SPEC_5488,Sahoo CHC,32.599225,76.237901,Community Health Center,2,Himachal Pradesh,Chamba,0
SPEC_5493,Chamba DH,32.558674,76.121764,District Hospital,8,Himachal Pradesh,Chamba,0
SPEC_5494,SINGHPUR,26.480595,81.436765,Community Health Center,2,Uttar Pradesh,Amethi,0
SPEC_5500,Bathri CHC,32.570559,75.980871,Community Health Center,2,Himachal Pradesh,Chamba,0
SPEC_5504,Chowari CH,32.429143,76.013397,Civil Hospital/General Hospital,5,Himachal Pradesh,Chamba,0
SPEC_5505,Dalhousi CH,32.534904,75.980992,Civil Hospital/General Hospital,5,Himachal Pradesh,Chamba,0
SPEC_5516,Parshurampur,25.906106,82.80803,Community Health Center,2,Uttar Pradesh,Azamgarh,0
SPEC_5544,CHC Sangipur,26.044729,81.666226,Community Health Center,2,Uttar Pradesh,Pratapgarh,0
SPEC_5560,MATRUMAL DHANNA LAL TB HOSPITAL,27.600542,78.04919,District Hospital,8,Uttar Pradesh,Mahamaya Nagar,0
SPEC_5568,Bhogaon,27.25508,79.17567,Community Health Center,2,Uttar Pradesh,Mainpuri,0
SPEC_5573,National Institute of Mental Health and Neuro Sciences (NIMHANS),12.957692,77.616696,Medical Colleges Hospital,20,Karnataka,Bangalore,0
SPEC_5574,institute of respiratory,26.938192,75.796276,Medical Colleges Hospital,20,Rajasthan,Jaipur,0
SPEC_5575,psychiatric center,26.902892,75.837518,Medical Colleges Hospital,20,Rajasthan,Jaipur,0
SPEC_5576,C H C Gopiganj,25.285205,82.433992,Community Health Center,2,Uttar Pradesh,Sant Ravidas Nagar (Bhadohi),0
SPEC_5578,District Tuberculosis Control Centre Hamirpur,25.95802,80.145425,Sub-District Hospital,3,Uttar Pradesh,Hamirpur,0
SPEC_5579,SONADI,26.33434,83.781083,Community Health Center,2,Uttar Pradesh,Deoria,0
SPEC_5585,Narhi,25.708949,84.018583,Community Health Center,2,Uttar Pradesh,Ballia,0
SPEC_5595,Kala Kua Satellite Hospital,27.549154,76.597945,Sub-District Hospital,3,Rajasthan,Alwar,0
SPEC_5609,CHC NIGOHI,28.102072,79.865314,Community Health Center,2,Uttar Pradesh,Shahjahanpur,0
SPEC_5653,KALYANPUR CHC,26.498666,80.238132,Community Health Center,2,Uttar Pradesh,Kanpur Nagar,0
SPEC_5660,CHC Allahaganj,27.542612,79.688433,Community Health Center,2,Uttar Pradesh,Shahjahanpur,0
SPEC_5666,CHC Khudaganj,28.142766,79.710442,Community Health Center,2,Uttar Pradesh,Shahjahanpur,0
SPEC_5667,CHC Miranpur katra,28.021826,79.674146,Community Health Center,2,Uttar Pradesh,Shahjahanpur,0
SPEC_5669,PhC Madnapur,27.869243,79.677247,Community Health Center,2,Uttar Pradesh,Shahjahanpur,0
SPEC_5678,CHC Meeranpur Katra,28.021826,79.674146,Community Health Center,2,Uttar Pradesh,Shahjahanpur,0
SPEC_5680,CHC Allahaganj,27.542565,79.688549,Community Health Center,2,Uttar Pradesh,Shahjahanpur,0
SPEC_5694,Dadasiba CHC,31.926248,76.089701,Community Health Center,2,Himachal Pradesh,Kangra,0
SPEC_5697,Reckong Peo RH,31.539126,78.267061,District Hospital,8,Himachal Pradesh,Kinnaur,0
SPEC_5698,Arki CH,31.152066,76.969581,Civil Hospital/General Hospital,5,Himachal Pradesh,Solan,0
SPEC_5699,DH Pauri,30.09033,78.462562,District Hospital,8,Uttarakhand,Garhwal,0
SPEC_5703,(NEIGRIHMS) North Eastern Indira Gandhi Regional Institute of Health and Medical Sciences,25.5938,91.9436,Medical Colleges Hospital,20,Meghalaya,East Khasi Hills,0
SPEC_5704,Marihan,24.929974,82.674912,Community Health Center,2,Uttar Pradesh,Mirzapur,0
SPEC_5706,Mahatma Gandhi Institute of Medical Sciences,20.7393,78.6609,Medical Colleges Hospital,20,Maharashtra,Wardha,0
SPEC_5709,"All India Institute of Medical Sciences (AIIMS), Bhopal",23.2095,77.4581,Medical Colleges Hospital,20,Madhya Pradesh,Bhopal,0
SPEC_5710,"All India Institute of Medical Sciences (AIIMS), Bhubaneswar",20.2315,85.7754,Medical Colleges Hospital,20,Odisha,Cuttack,0
SPEC_5711,All India Institute of Medical Sciences (AIIMS) Jodhpur,26.2414,73.0044,Medical Colleges Hospital,20,Rajasthan,Jodhpur,0
SPEC_5712,All India Institute of Medical Sciences (AIIMS) Patna,25.5612,85.0418,Medical Colleges Hospital,20,Bihar,Patna,0
SPEC_5713,"All India Institute of Medical Sciences (AIIMS), Rishikesh",30.0791,78.2855,Medical Colleges Hospital,20,Uttarakhand,Dehradun,0
SPEC_5714,"All India Institute of Medical Sciences (AIIMS), Raipur",21.2564,81.5782,Medical Colleges Hospital,20,Chhattisgarh,Raipur,0
SPEC_5744,SHYAM LAL SAH DISTRICT HOSPITAL,29.838482,79.776424,District Hospital,8,Uttarakhand,Bageshwar,0
SPEC_5745,MOHAN SINGH MEHTA CHC,29.95651,79.56756,Community Health Center,2,Uttarakhand,Bageshwar,0
SPEC_5785,Garli CH,31.811633,76.2415,Civil Hospital/General Hospital,5,Himachal Pradesh,Kangra,0
SPEC_5795,Fatehpur CH,32.099734,75.935144,Civil Hospital/General Hospital,5,Himachal Pradesh,Kangra,0
SPEC_5796,Rehan CHC,32.162189,75.908253,Community Health Center,2,Himachal Pradesh,Kangra,0
SPEC_5832,Gangath CHC,32.225031,75.827967,Community Health Center,2,Himachal Pradesh,Kangra,0
SPEC_5839,Jawali CHC,32.142185,76.013852,Community Health Center,2,Himachal Pradesh,Kangra,0
SPEC_5848,Nurpur CH,32.306689,75.894292,Civil Hospital/General Hospital,5,Himachal Pradesh,Kangra,0
SPEC_5920,Jari CHC,31.998707,77.247027,Community Health Center,2,Himachal Pradesh,Kullu,0
SPEC_5939,Kunihar CH,31.077999,76.95986,Civil Hospital/General Hospital,5,Himachal Pradesh,Solan,0
SPEC_5956,Palampur CH,32.10781,76.534698,Civil Hospital/General Hospital,5,Himachal Pradesh,Kangra,0
SPEC_5959,Darlaghat ESI-CHC,31.23466,76.941119,Community Health Center,2,Himachal Pradesh,Solan,0
SPEC_5981,Barsar CHC,31.5247,76.4563,Community Health Center,2,Himachal Pradesh,Hamirpur,0
SPEC_6054,Jawalamukhi CH,31.867176,76.322363,Civil Hospital/General Hospital,5,Himachal Pradesh,Kangra,0
SPEC_6057,Haripur CHC,31.998496,76.156529,Community Health Center,2,Himachal Pradesh,Kangra,0
SPEC_6060,Dehra CH,31.880653,76.212469,Civil Hospital/General Hospital,5,Himachal Pradesh,Kangra,0
SPEC_6140,Chadiyar CHC,31.95602,76.647782,Community Health Center,2,Himachal Pradesh,Kangra,0
SPEC_6142,Baijnath Ayurvedic Hospital,32.050097,76.62761,Medical Colleges Hospital,20,Himachal Pradesh,Kangra,0
SPEC_6143,Baijnath CH,32.051092,76.643061,Civil Hospital/General Hospital,5,Himachal Pradesh,Kangra,0
SPEC_6145,Galore CHC,31.634242,76.453687,Community Health Center,2,Himachal Pradesh,Hamirpur,0
SPEC_6227,Kangra CH,32.102998,76.272917,Civil Hospital/General Hospital,5,Himachal Pradesh,Kangra,0
SPEC_6264,Tissa CH,32.83288,76.156409,Civil Hospital/General Hospital,5,Himachal Pradesh,Chamba,0
SPEC_6295,Kullu RH,31.956449,77.111817,District Hospital,8,Himachal Pradesh,Kullu,0
SPEC_6311,Shahpur CH,32.219238,76.174472,Civil Hospital/General Hospital,5,Himachal Pradesh,Kangra,0
SPEC_6363,Dharamshala ZH,32.212938,76.319575,District Hospital,8,Himachal Pradesh,Kangra,0
SPEC_6366,Thural CH,31.925085,76.459758,Civil Hospital/General Hospital,5,Himachal Pradesh,Kangra,0
SPEC_6370,Jaisinghpur CH,31.899674,76.605635,Civil Hospital/General Hospital,5,Himachal Pradesh,Kangra,0
SPEC_6412,Keylong RH,32.571844,77.023482,District Hospital,8,Himachal Pradesh,Lahul & Spiti,0
SPEC_6424,Sujanpur Tihra CH,31.833754,76.500753,Civil Hospital/General Hospital,5,Himachal Pradesh,Hamirpur,0
SPEC_6437,Shansha CHC,32.61521,76.901147,Community Health Center,2,Himachal Pradesh,Lahul & Spiti,0
SPEC_6469,Udaipur CHC,32.726001,76.662078,Community Health Center,2,Himachal Pradesh,Lahul & Spiti,0
SPEC_6501,Sangla CHC,31.430906,78.263565,Community Health Center,2,Himachal Pradesh,Kinnaur,0
SPEC_6529,Kaza CHC,32.229134,78.067599,Community Health Center,2,Himachal Pradesh,Lahul & Spiti,0
SPEC_6543,Tauni Devi CH,31.713448,76.597542,Civil Hospital/General Hospital,5,Himachal Pradesh,Hamirpur,0
SPEC_6592,Hamirpur (RH),31.68024,76.527104,District Hospital,8,Himachal Pradesh,Hamirpur,0
SPEC_6630,Sonapur District Hospital,26.116793,91.968301,District Hospital,8,Assam,Kamrup Metropolitan,0
SPEC_6631,Bamuni CHC,26.303233,92.79655,Community Health Center,2,Assam,Nagaon,0
SPEC_6688,Nahan DH,30.563696,77.2942,District Hospital,8,Himachal Pradesh,Sirmaur,0
SPEC_6689,Dadahu CH,30.600376,77.437565,Civil Hospital/General Hospital,5,Himachal Pradesh,Sirmaur,0
SPEC_6690,Behat,30.17199,77.61644,Community Health Center,2,Uttar Pradesh,Saharanpur,0
SPEC_6698,Bagsaid CHC,31.561277,77.121483,Community Health Center,2,Himachal Pradesh,Mandi,0
SPEC_6699,District Women Hospital Saharanpur,29.955647,77.560111,District Hospital,8,Uttar Pradesh,Saharanpur,0
SPEC_6700,Kotgarh CH,31.310557,77.476985,Civil Hospital/General Hospital,5,Himachal Pradesh,Shimla,0
SPEC_6714,Bhoranj CH,31.64829,76.645949,Civil Hospital/General Hospital,5,Himachal Pradesh,Hamirpur,0
SPEC_6756,Sarahan CH,30.720432,77.188384,Civil Hospital/General Hospital,5,Himachal Pradesh,Sirmaur,0
SPEC_6757,Rajgrah CH,30.852522,77.299775,Civil Hospital/General Hospital,5,Himachal Pradesh,Sirmaur,0
SPEC_6765,Gohar CH,31.582888,77.042424,Civil Hospital/General Hospital,5,Himachal Pradesh,Mandi,0
SPEC_6781,Janjehli CHC,31.516876,77.220609,Community Health Center,2,Himachal Pradesh,Mandi,0
SPEC_6788,Rajpur CHC,30.543113,77.729021,Community Health Center,2,Himachal Pradesh,Sirmaur,0
SPEC_6885,Paonta CH,30.436689,77.622727,Civil Hospital/General Hospital,5,Himachal Pradesh,Sirmaur,0
SPEC_6921,Jogindernagar CH,31.990718,76.794022,Civil Hospital/General Hospital,5,Himachal Pradesh,Mandi,0
SPEC_6922,Barot CHC,32.035164,76.845698,Community Health Center,2,Himachal Pradesh,Mandi,0
SPEC_6926,Ratti CH,31.601584,76.902918,Civil Hospital/General Hospital,5,Himachal Pradesh,Mandi,0
SPEC_6947,Sarkaghat CH,31.701548,76.736964,Civil Hospital/General Hospital,5,Himachal Pradesh,Mandi,0
SPEC_6948,Sunder Nagar CH,31.516474,76.883923,Civil Hospital/General Hospital,5,Himachal Pradesh,Mandi,0
SPEC_6949,Kotli CH,31.759586,76.871884,Civil Hospital/General Hospital,5,Himachal Pradesh,Mandi,0
SPEC_6950,Baldwara CHC,31.557208,76.764019,Community Health Center,2,Himachal Pradesh,Mandi,0
SPEC_6951,Dharmpur CHC,31.802643,76.758141,Community Health Center,2,Himachal Pradesh,Mandi,0
SPEC_6952,Sandhole CH,31.857158,76.652947,Civil Hospital/General Hospital,5,Himachal Pradesh,Mandi,0
SPEC_6953,Rohanda CHC,31.461642,77.027121,Community Health Center,2,Himachal Pradesh,Mandi,0
SPEC_7010,Kumarsain CH,31.317831,77.449109,Civil Hospital/General Hospital,5,Himachal Pradesh,Shimla,0
SPEC_7038,CHC Rath,25.59893,79.56364,Community Health Center,2,Uttar Pradesh,Hamirpur,0
SPEC_7043,Syri CHC,31.081549,77.051775,Community Health Center,2,Himachal Pradesh,Solan,0
SPEC_7044,Kandaghat CH,30.96857,77.104563,Civil Hospital/General Hospital,5,Himachal Pradesh,Solan,0
SPEC_7045,Chail CH,30.968849,77.198508,Civil Hospital/General Hospital,5,Himachal Pradesh,Solan,0
SPEC_7085,Nerwa CH,30.919048,77.642483,Civil Hospital/General Hospital,5,Himachal Pradesh,Shimla,0
SPEC_7143,Chaupal CH,30.947547,77.588256,Civil Hospital/General Hospital,5,Himachal Pradesh,Shimla,0
SPEC_7144,Kupvi CHC,30.832392,77.574361,Community Health Center,2,Himachal Pradesh,Shimla,0
SPEC_7145,Bharari CHC,31.539477,76.667313,Community Health Center,2,Himachal Pradesh,Bilaspur,0
SPEC_7146,Harlog CHC,31.450979,76.748506,Community Health Center,2,Himachal Pradesh,Bilaspur,0
SPEC_7147,Kuthera CHC,31.516361,76.729213,Community Health Center,2,Himachal Pradesh,Bilaspur,0
SPEC_7148,Ghumarwin CH,31.437855,76.711614,Civil Hospital/General Hospital,5,Himachal Pradesh,Bilaspur,0
SPEC_7149,Berthin CHC,31.416282,76.645943,Community Health Center,2,Himachal Pradesh,Bilaspur,0
SPEC_7150,Jhandutta CHC,31.367562,76.635826,Community Health Center,2,Himachal Pradesh,Bilaspur,0
SPEC_7151,Talai CHC,31.451896,76.517123,Community Health Center,2,Himachal Pradesh,Bilaspur,0
SPEC_7187,CHC Dhampur,29.320035,78.520087,Community Health Center,2,Uttar Pradesh,Bijnor,0
SPEC_7188,CHC Siau,29.139534,78.286687,Community Health Center,2,Uttar Pradesh,Bijnor,0
SPEC_7190,CHC Nagina,29.45006,78.450028,Community Health Center,2,Uttar Pradesh,Bijnor,0
SPEC_7191,CHC Najibabad,29.630053,78.330064,Community Health Center,2,Uttar Pradesh,Bijnor,0
SPEC_7193,CHC Noorpur,29.144005,78.400529,Community Health Center,2,Uttar Pradesh,Bijnor,0
SPEC_7194,CHC Afzalgarh,29.391364,78.772024,Community Health Center,2,Uttar Pradesh,Bijnor,0
SPEC_7197,Chirgaon CHC,31.236921,77.896791,Community Health Center,2,Himachal Pradesh,Shimla,0
SPEC_7277,Sarahan CH,31.520494,77.797129,Civil Hospital/General Hospital,5,Himachal Pradesh,Shimla,0
SPEC_7278,Taklech CHC,31.377283,77.730141,Community Health Center,2,Himachal Pradesh,Shimla,0
SPEC_7279,Dhargaura CHC,31.481321,77.72061,Community Health Center,2,Himachal Pradesh,Shimla,0
SPEC_7280,"JAWAHARLAL NEHRU MEMORIAL Hospital, Kalyani",22.974083,88.455783,Medical Colleges Hospital,20,West Bengal,Nadia,0
SPEC_7289,District Hospital Rudraprayag,30.17189,78.58883,District Hospital,8,Uttarakhand,Rudraprayag,0
SPEC_7325,Theog  CH,31.126135,77.352541,Civil Hospital/General Hospital,5,Himachal Pradesh,Shimla,0
SPEC_7355,Dodra Kawar CHC,31.210813,78.090961,Community Health Center,2,Himachal Pradesh,Shimla,0
SPEC_7369,SUKSHAR,23.151093,74.027081,Community Health Center,2,Gujarat,DAHOD,0
SPEC_7401,Patha SC,31.607138,76.85272,Women Hospital,3,Himachal Pradesh,Mandi,0
SPEC_7425,Padhar CH,31.879266,76.913491,Civil Hospital/General Hospital,5,Himachal Pradesh,Mandi,0
SPEC_7467,Markand CHC,31.312805,76.816879,Community Health Center,2,Himachal Pradesh,Bilaspur,0
SPEC_7473,Ghawandal CHC,31.309972,76.540442,Community Health Center,2,Himachal Pradesh,Bilaspur,0
SPEC_7487,Borgang Model Hospital,26.88,93.33,Community Health Center,2,Assam,Sonitpur,0
SPEC_7490,Panjgain CHC,31.393004,76.832053,Community Health Center,2,Himachal Pradesh,Bilaspur,0
SPEC_7491,Bilaspur RH,31.33598,76.765033,District Hospital,8,Himachal Pradesh,Bilaspur,0
SPEC_7529,Kalna Sub Divisional Hospital,23.13242,88.20489,Sub-District Hospital,3,West Bengal,Bardhaman,0
SPEC_7530,Basirhat District Hospital,22.66665,88.88985,District Hospital,8,West Bengal,North 24 Parganas,0
SPEC_7531,DEBEN MAHATO HOSPITAL (DISTRICT HOSPITAL),23.332383,86.3633,District Hospital,8,West Bengal,Purulia,0
SPEC_7533,RAGHUNATHPUR SUB DIVN. HOSPITAL,23.533267,86.656217,Sub-District Hospital,3,West Bengal,Purulia,0
SPEC_7536,Rampurhat District Hospital,24.188676,87.79253,District Hospital,8,West Bengal,Birbhum,0
SPEC_7538,Kakdwip Sub Divisional Hospital,21.86712,88.18546,Sub-District Hospital,3,West Bengal,South 24 Parganas,0
SPEC_7539,Diamond Harbour District Hospital,22.19773,88.1906,District Hospital,8,West Bengal,South 24 Parganas,0
SPEC_7541,BARDDHAMAN MEDICAL COLLEGE & HOSPITAL,23.2448,87.8573,Medical Colleges Hospital,20,West Bengal,Bardhaman,0
SPEC_7545,Durgapur Sub Divisional Hospital,23.525082,87.34203,Sub-District Hospital,3,West Bengal,Bardhaman,0
SPEC_7548,Asansol District Hospital,23.689,86.9722,District Hospital,8,West Bengal,Bardhaman,0
SPEC_7551,DMO Ahmednagar,19.095208,74.749592,Sub-District Hospital,3,Maharashtra,Ahmadnagar,0
SPEC_7555,District Combined Hospital,25.19651,80.91326,District Hospital,8,Uttar Pradesh,Chitrakoot,0
SPEC_7556,CHC Manikpur,25.06765,81.09756,Community Health Center,2,Uttar Pradesh,Chitrakoot,0
SPEC_7557,CHC Mau,25.26976,81.36324,Community Health Center,2,Uttar Pradesh,Chitrakoot,0
SPEC_7559,CHC Shivrampur,25.21661,80.84558,Community Health Center,2,Uttar Pradesh,Chitrakoot,0
SPEC_7565,DMO Bhandara,21.162173,79.659835,Sub-District Hospital,3,Maharashtra,Bhandara,0
SPEC_7567,DMO Gondia,21.44764,80.198479,Sub-District Hospital,3,Maharashtra,Gondiya *,0
SPEC_7597,CHC MAND BHANDER,31.819462,75.735115,Community Health Center,2,Punjab,Hoshiarpur,0
SPEC_7607,CHC Sham Chaurasi,31.498766,75.753049,Community Health Center,2,Punjab,Hoshiarpur,0
SPEC_7618,DMO Osmanabad,18.17,76.05,Sub-District Hospital,3,Maharashtra,Osmanabad,0
SPEC_7620,DMO Wardha,20.7163,78.583832,Sub-District Hospital,3,Maharashtra,Wardha,0
SPEC_7626,DMO,20.173198,79.980909,Sub-District Hospital,3,Maharashtra,Gadchiroli,0
SPEC_7629,Mahatma Gandhi Model Hospital,24.42085,92.572217,Community Health Center,2,Assam,Hailakandi,0
SPEC_7650,Super speciality Hospital,21.073505,79.054831,District Hospital,8,Maharashtra,Nagpur,0
SPEC_7653,Super speciality Hospital,21.073505,79.054831,District Hospital,8,Maharashtra,Nagpur,0
SPEC_7660,dr. babasaheb ambedkar hospital and research center nagpur,21.1458,79.088155,District Hospital,8,Maharashtra,Nagpur,0
SPEC_7661,Indira gandhi rugnalaya nagpur,21.133255,79.053912,District Hospital,8,Maharashtra,Nagpur,0
SPEC_7663,Mahatma Gandhi Institute of Medical Sciences  (MGIMS) /Kasturba Hospital/Sevagram,20.739514,78.657399,Medical Colleges Hospital,20,Maharashtra,Wardha,0
SPEC_7665,AVBRH,20.714714,78.575828,Medical Colleges Hospital,20,Maharashtra,Wardha,0
SPEC_7668,DMO Beed,18.99035,75.749963,Sub-District Hospital,3,Maharashtra,Beed,0
SPEC_7670,Distrct Maleria Office (DMO),19.104642,77.311493,Sub-District Hospital,3,Maharashtra,Nanded,0
SPEC_7672,DMO satara,17.6861,74.0023,Sub-District Hospital,3,Maharashtra,Satara,0
SPEC_7675,DMO Raigad,18.648,72.88052,Sub-District Hospital,3,Maharashtra,Raigarh,0
SPEC_7676,DMO Latur,18.396474,76.573567,Sub-District Hospital,3,Maharashtra,Latur,0
SPEC_7677,MCL Latur,18.396474,76.573567,Community Health Center,2,Maharashtra,Latur,0
SPEC_7678,"Ayurvedic College, Jabalpur",23.109969,79.927665,Medical Colleges Hospital,20,Madhya Pradesh,Jabalpur,0
SPEC_7680,DMO Chandrapur,19.96819,79.30206,Sub-District Hospital,3,Maharashtra,Chandrapur,0
SPEC_7713,MG MODEL HOSPITAL BOITAMARI,26.344,90.514917,Community Health Center,2,Assam,Bongaigaon,0
SPEC_7738,DMO Parbhani,19.256465,76.80025,Sub-District Hospital,3,Maharashtra,Parbhani,0
SPEC_7740,DINGUCHA,23.245685,72.496727,Community Health Center,2,Gujarat,GANDHINAGAR,0
SPEC_7789,District Maleria Office,20.104751,77.116178,Sub-District Hospital,3,Maharashtra,Washim *,0
SPEC_7799,SDH DMO,20.713798,77.006895,Sub-District Hospital,3,Maharashtra,Akola,0
SPEC_7812,CHC Mahilpur,31.362945,76.038094,Community Health Center,2,Punjab,Hoshiarpur,0
SPEC_7840,CHC Harta Badla,31.401252,75.910505,Community Health Center,2,Punjab,Hoshiarpur,0
SPEC_7888,Rajawadi Hospital,19.0787,72.9012,Sub-District Hospital,3,Maharashtra,Mumbai (Suburban) *,0
SPEC_7910,GRANT GOVERNMENT MEDICAL COLLEGE & SIR JJ GROUP OF HOSPITALS,18.9631,72.8319,Medical Colleges Hospital,20,Maharashtra,Mumbai,0
SPEC_7911,Kasturba Hospital,18.9825,72.8292,Civil Hospital/General Hospital,5,Maharashtra,Mumbai,0
SPEC_7912,EYE HOSPITAL KAMATHIPURA,18.9623,72.8323,Civil Hospital/General Hospital,5,Maharashtra,Mumbai,0
SPEC_7913,NAIR DENTAL COLLEGE & HOSPITAL,18.9812,72.8152,Medical Colleges Hospital,20,Maharashtra,Mumbai,0
SPEC_7914,SETH ATTMASINGH JESSASINGH BANKEBEHARI,18.9352,72.8371,Sub-District Hospital,3,Maharashtra,Mumbai,0
SPEC_7917,Sant Muktabai Hospital,19.0997,72.9029,Sub-District Hospital,3,Maharashtra,Mumbai (Suburban) *,0
SPEC_7923,DMO Aurangabad,19.873533,75.315709,Sub-District Hospital,3,Maharashtra,Aurangabad,0
SPEC_7925,GTB HOSPITAL,19.0055,72.8531,Civil Hospital/General Hospital,5,Maharashtra,Mumbai,0
SPEC_7978,CHC Binewal,31.281661,76.260422,Community Health Center,2,Punjab,Hoshiarpur,0
SPEC_7984,DMO Jalna,19.840741,75.874351,Sub-District Hospital,3,Maharashtra,Jalna,0
SPEC_7990,CHC Fattu Dhinga,31.373228,75.225941,Community Health Center,2,Punjab,Kapurthala,0
SPEC_8482,Centenary Health Post,19.0661,72.9512,Sub-District Hospital,3,Maharashtra,Mumbai (Suburban) *,0
SPEC_8527,Krantiveer Mahatma Jyotiba Phule Hospital???ÿVikhroli,19.1182,72.9387,Sub-District Hospital,3,Maharashtra,Mumbai (Suburban) *,0
SPEC_8915,IRT Hospital,11.26,77.59,Medical Colleges Hospital,20,Tamil Nadu,Erode,0
SPEC_9599,Gandhi Medical College Bhopal,23.259808,77.392013,Medical Colleges Hospital,20,Madhya Pradesh,Bhopal,0
SPEC_9706,Dhanalakshmi Srinivasan Medical College & Hospital,11.198683,78.872942,Medical Colleges Hospital,20,Tamil Nadu,Perambalur,0
SPEC_9748,CHC Allagadda,15.691633,78.411949,Community Health Center,2,Andhra Pradesh,Kurnool District,0
SPEC_9749,VMMC & SAFDARJANG HOSPITAL,28.5677,77.2069,Civil Hospital/General Hospital,5,Delhi,Central,0
SPEC_9750,DMO DHULE,20.902835,74.753034,Sub-District Hospital,3,Maharashtra,Dhule,0
SPEC_9753,Deen Dayal Upadhyaya Zonal Hospital,31.103509,77.171359,Community Health Center,2,Himachal Pradesh,Shimla,0
SPEC_9754,Government T.B. Hospital,25.499374,81.863746,District Hospital,8,Uttar Pradesh,Allahabad,0
SPEC_9755,Manohar Das EYE Hospital,25.440418,81.827529,District Hospital,8,Uttar Pradesh,Allahabad,0
SPEC_9756,Moti Lal Nehru District Hospital,25.4398,81.828071,District Hospital,8,Uttar Pradesh,Allahabad,0
SPEC_9757,Tej Bahadur Sapru Hospital,25.472564,81.846329,District Hospital,8,Uttar Pradesh,Allahabad,0
SPEC_9758,Moti Lal Nehru Medical Collage,25.445973,81.845603,Medical Colleges Hospital,20,Uttar Pradesh,Allahabad,0
SPEC_9761,Attar Sain Jain Hospital,28.6817,77.1497,Civil Hospital/General Hospital,5,Delhi,New Delhi,0
SPEC_9764,Babu Jagjivan Ram Memorial Hospital,28.6062,77.2093,District Hospital,8,Delhi,North West,0
SPEC_9766,CHC Alur,15.394308,77.226665,Community Health Center,2,Andhra Pradesh,Kurnool District,0
SPEC_9767,CHC Kodumur,15.686007,77.770956,Community Health Center,2,Andhra Pradesh,Kurnool District,0
SPEC_9800,chc fareedpur,28.203452,79.540288,Community Health Center,2,Uttar Pradesh,Bareilly,0
SPEC_9806,CHC NAWABGANJ,28.575804,79.701106,Community Health Center,2,Uttar Pradesh,Bareilly,0
SPEC_9810,DWH Deoria,26.495162,83.781977,District Hospital,8,Uttar Pradesh,Deoria,0
SPEC_9811,CHC Segaon,21.845904,75.337162,Community Health Center,2,Madhya Pradesh,West Nimar (Khargone),0
SPEC_9813,"Deen Dayal Upadhyay Hospital, Hari Nagar",28.6275,77.113,Civil Hospital/General Hospital,5,Delhi,New Delhi,0
SPEC_9836,Kadiyam,16.906731,81.819359,Community Health Center,2,Andhra Pradesh,East Godavari District,0
SPEC_9842,CHC Laxmipur,27.256799,83.382479,Community Health Center,2,Uttar Pradesh,Mahrajganj,0
SPEC_9843,CHC Adda Bazar,27.334254,83.441907,Community Health Center,2,Uttar Pradesh,Mahrajganj,0
SPEC_9845,CHC Brizamanganj,27.19324,83.202145,Community Health Center,2,Uttar Pradesh,Mahrajganj,0
SPEC_9861,District Female Hospital,28.848257,78.765595,District Hospital,8,Uttar Pradesh,Moradabad,0
SPEC_9871,District Male Hospital,28.8484,78.7661,District Hospital,8,Uttar Pradesh,Moradabad,0
SPEC_9883,CHC Yemmiganur,15.764199,77.475933,Community Health Center,2,Andhra Pradesh,Kurnool District,0
SPEC_9884,CHC Veludurthi,15.550873,77.931028,Community Health Center,2,Andhra Pradesh,Kurnool District,0
SPEC_9907,Sadar Hospital,24.752826,84.375635,District Hospital,8,Bihar,Aurangabad,0
SPEC_9909,"Sub Divisional Hospital, Daudnagar",25.03718,84.404972,Sub-District Hospital,3,Bihar,Aurangabad,0
SPEC_9932,Dr. Ram Manohar Lohia Institute of Medical Sciences,26.8692,81.003,Medical Colleges Hospital,20,Uttar Pradesh,Lucknow,0
SPEC_9952,"All India Institute of Physical Medicine and Rehabilitation (AIIPMR), Maharashtra",18.9803,72.8136,Medical Colleges Hospital,20,Maharashtra,Mumbai,0
SPEC_9955,Balesar,26.397405,72.47906,Community Health Center,2,Rajasthan,Jodhpur,0
SPEC_9957,CHC KARTARPUR,31.439224,75.500539,Community Health Center,2,Punjab,Jalandhar,0
SPEC_10033,CHC APRA,31.086588,75.878428,Community Health Center,2,Punjab,Jalandhar,0
SPEC_10098,RH Rupouli,25.57873,87.15023,Community Health Center,2,Bihar,Purnia,0
SPEC_10111,SDH Maharajganj,26.11121,84.503866,Sub-District Hospital,3,Bihar,Siwan,0
SPEC_10189,CHC Ferozeshah,30.877782,74.78546,Community Health Center,2,Punjab,Firozpur,0
SPEC_10198,District Hospital Bemetara,21.702267,81.533736,District Hospital,8,Chhattisgarh,BEMETARA,0
SPEC_10200,Central Tihar Jail Hospital,28.616517,77.101052,District Hospital,8,Delhi,West,0
SPEC_10282,Palasava,23.4679,70.926485,Community Health Center,2,Gujarat,KACHCHH,0
SPEC_10305,National Blindness Control Society,20.395552,78.11869,Civil Hospital/General Hospital,5,Maharashtra,Yavatmal,0
SPEC_10323,Kamla Nehru Memorial Hospital,25.458368,81.862035,District Hospital,8,Uttar Pradesh,Allahabad,0
SPEC_10325,"Community Health Centre,Boath",19.339921,78.321633,Community Health Center,2,Telangana,Adilabad District,0
SPEC_10347,S.N. MEDICAL COLLAGE AGRA,27.1881,78.0064,Medical Colleges Hospital,20,Uttar Pradesh,Agra,0
SPEC_10350,BRD MEDICAL COLLEGE,26.813105,83.399238,Medical Colleges Hospital,20,Uttar Pradesh,Gorakhpur,0
SPEC_10352,District Combind Hospital Chicholi,26.533538,79.541116,District Hospital,8,Uttar Pradesh,Auraiya,0
SPEC_10353,MAHARAJA CHET SINGH,25.330367,82.465143,District Hospital,8,Uttar Pradesh,Sant Ravidas Nagar (Bhadohi),0
SPEC_10354,Government Medical Collage ORAI,26.001209,79.473203,District Hospital,8,Uttar Pradesh,Jalaun,0
SPEC_10357,"MAHAMAYA RAJKIYA ALLOPATHIC MEDICAL COLLEGE, AMBEDKARNAGAR",26.509127,82.613901,Medical Colleges Hospital,20,Uttar Pradesh,Ambedkar Nagar,0
SPEC_10358,medical collage,26.9782,79.8094,Medical Colleges Hospital,20,Uttar Pradesh,Kannauj,0
SPEC_10425,CHC Mehraj,30.314874,75.187022,Community Health Center,2,Punjab,Bathinda,0
SPEC_10430,CHC- Alamchand,25.547007,81.583549,Community Health Center,2,Uttar Pradesh,Kaushambi,0
SPEC_10432,District Female Hospital Uttarkashi,30.437734,78.265824,District Hospital,8,Uttarakhand,Uttarkashi,0
SPEC_10508,KALAYARKOVIL,9.8472,78.6338,Community Health Center,2,Tamil Nadu,Sivaganga,0
SPEC_10510,CHC Budhabar,32.045067,75.700671,Community Health Center,2,Punjab,Hoshiarpur,0
SPEC_10564,KCGMC,29.69618,76.990613,Medical Colleges Hospital,20,Haryana,Karnal,0
SPEC_10569,"Central Institute of Psychiatry (CIP), Ranchi",23.4346,85.3258,Medical Colleges Hospital,20,Jharkhand,RANCHI,0
SPEC_10570,"All India Institute of Hygiene and Public Health (A.I.I.H. & P.H.), Kolkata",22.5695,88.4151,Medical Colleges Hospital,20,West Bengal,North 24 Parganas,0
SPEC_10603,Umren,27.56267,76.359931,Community Health Center,2,Rajasthan,Alwar,0
SPEC_10608,CHC BAMHNIDIH,21.908827,82.720179,Community Health Center,2,Chhattisgarh,Janjgir - Champa,0
SPEC_10692,SDH KODOLI,16.873422,74.190137,Sub-District Hospital,3,Maharashtra,Kolhapur,0
SPEC_10693,CHC Manora,22.997504,84.05538,Community Health Center,2,Chhattisgarh,Jashpur,0
SPEC_10710,"Gov Hospital, Ratangarh",28.069665,74.610763,Sub-District Hospital,3,Rajasthan,Churu,0
SPEC_10741,Hunasangi CHC,16.465699,76.507974,Community Health Center,2,Karnataka,Yadgir,0
SPEC_10759,CHC BARKATHA,24.169488,85.609811,Community Health Center,2,Jharkhand,HAZARIBAGH,0
SPEC_10769,Kukavav,21.635096,70.981428,Community Health Center,2,Gujarat,AMRELI,0
SPEC_10784,Kannivadi,10.3807,77.8316,Community Health Center,2,Tamil Nadu,Dindigul,0
SPEC_10793,Jhadol S,24.14,73.84,Community Health Center,2,Rajasthan,Udaipur,0
SPEC_10818,Bairanatham,11.9458,78.3017,Community Health Center,2,Tamil Nadu,Dharmapuri,0
SPEC_10972,Mohanur,11.0554,78.1401,Community Health Center,2,Tamil Nadu,Namakkal,0
SPEC_10980,"CHC, GHOGHLA-DIU",20.726116,70.984251,Community Health Center,2,Daman & Diu,Diu,0
SPEC_11010,Baghmara CHC,25.198486,90.630321,Community Health Center,2,Meghalaya,South Garo Hills,0
SPEC_11019,MAROTH,27.098217,75.084843,Community Health Center,2,Rajasthan,Nagaur,0
SPEC_11032,R  H  Partur,19.585776,76.213349,Community Health Center,2,Maharashtra,Jalna,0
SPEC_11052,Akbarpur,24.46067,76.521469,Community Health Center,2,Rajasthan,Alwar,0
SPEC_11064,chc Baghrai,25.760056,81.700646,Community Health Center,2,Uttar Pradesh,Pratapgarh,0
SPEC_11172,RH Rajura,19.77737,79.36541,Community Health Center,2,Maharashtra,Chandrapur,0
SPEC_11204,Sonakhali RH,22.549831,87.767218,Community Health Center,2,West Bengal,Paschim Medinipur,0
SPEC_11219,Haraiya Main Center,26.240522,83.295752,Community Health Center,2,Uttar Pradesh,Azamgarh,0
SPEC_11256,Dantan RH,21.954517,87.279321,Community Health Center,2,West Bengal,Paschim Medinipur,0
SPEC_11257,THIRUPPARANKUNDRUM,9.8793,78.0666,Community Health Center,2,Tamil Nadu,Madurai,0
SPEC_11297,District Women Hospital Ghaziabad,28.662503,77.423493,District Hospital,8,Uttar Pradesh,Ghaziabad,0
SPEC_11392,Innungur,10.8543,78.4883,Community Health Center,2,Tamil Nadu,Karur,0
SPEC_11402,Polba RH,22.959801,88.303993,Community Health Center,2,West Bengal,Hooghly,0
SPEC_11417,Elampillai,11.6077,78.011,Community Health Center,2,Tamil Nadu,Salem,0
SPEC_11418,Dhenkanal,20.66298,85.59695,District Hospital,8,Odisha,Dhenkanal,0
SPEC_11432,CHC MAHESPUR,24.469171,87.785289,Community Health Center,2,Jharkhand,PAKAUR,0
SPEC_11435,FRU GANGAWATHI TALUKA HOSPITAL,15.4255,76.5295,Sub-District Hospital,3,Karnataka,Koppal,0
SPEC_11442,Valathy,12.347132,79.378265,Community Health Center,2,Tamil Nadu,Viluppuram,0
SPEC_11452,CHC Premnagar,22.96,82.68,Community Health Center,2,Chhattisgarh,SURAJPUR,0
SPEC_11474,CHC Amayan,26.320482,78.756122,Community Health Center,2,Madhya Pradesh,Bhind,0
SPEC_11509,Manubankul CHC,23.11865,91.707932,Community Health Center,2,Tripura,South District,0
SPEC_11521,CHC Sonakatch,22.974789,76.349213,Community Health Center,2,Madhya Pradesh,Dewas,0
SPEC_11542,Mylampatty,10.7318,78.2456,Community Health Center,2,Tamil Nadu,Karur,0
SPEC_11552,RH PURNA,19.177704,77.041153,Community Health Center,2,Maharashtra,Parbhani,0
SPEC_11563,KDMC HOSP 1 Bai Rukhminibai Hospital (Kalyan),19.237199,73.133917,Sub-District Hospital,3,Maharashtra,Thane,0
SPEC_11604,CHC MASTURI,21.993162,82.266013,Community Health Center,2,Chhattisgarh,Bilaspur,0
SPEC_11616,SDH CHAS,23.613107,86.180898,Sub-District Hospital,3,Jharkhand,BOKARO,0
SPEC_11660,AMAWAN,26.305027,81.354073,Community Health Center,2,Uttar Pradesh,Rae Bareli,0
SPEC_11669,NOTIONAL Osian,26.724545,72.904714,Community Health Center,2,Rajasthan,Jodhpur,0
SPEC_11676,CHC Tulsipur,27.52864,82.41301,Community Health Center,2,Uttar Pradesh,Balrampur,0
SPEC_11769,RH Chowk,18.898056,73.243675,Community Health Center,2,Maharashtra,Raigarh,0
SPEC_11790,CHC TONTO,22.391114,85.605024,Community Health Center,2,Jharkhand,PASHCHIMI SINGHBHUM,0
SPEC_11838,Arimalam,10.2548,78.8894,Community Health Center,2,Tamil Nadu,Pudukkottai,0
SPEC_11853,TB Hospital Jodhpur,26.27,73.03,Medical Colleges Hospital,20,Rajasthan,Jodhpur,0
SPEC_11865,Siwana,25.645073,72.424209,Community Health Center,2,Rajasthan,Barmer,0
SPEC_11869,Sarupganj,24.6545,72.9254,Community Health Center,2,Rajasthan,Sirohi,0
SPEC_11905,Mitrapura,26.433202,76.195129,Community Health Center,2,Rajasthan,Sawai Madhopur,0
SPEC_11930,Alangulam,8.86678,77.492018,Community Health Center,2,Tamil Nadu,Tirunelveli,0
SPEC_11961,P.L. SHARMA MAHARAJA CHET SINGH DISTRICT HOSPITAL,28.981332,77.699219,District Hospital,8,Uttar Pradesh,Meerut,0
SPEC_11975,CHC Panchhat,31.335319,75.865354,Community Health Center,2,Punjab,Kapurthala,0
SPEC_11979,CHC NIRSA,23.78,86.71,Community Health Center,2,Jharkhand,DHANBAD,0
SPEC_11991,CHC JARWAL (MUSTAFABAD),27.137315,81.516382,Community Health Center,2,Uttar Pradesh,Bahraich,0
SPEC_12012,Siruvandhadu,11.872727,79.581356,Community Health Center,2,Tamil Nadu,Viluppuram,0
SPEC_12019,Mandana,24.94582,75.943421,Community Health Center,2,Rajasthan,Kota,0
SPEC_12057,Kalyanpur CHC,23.93204,91.71305,Community Health Center,2,Tripura,Khowai District,0
SPEC_12060,G.H.Nanjangud,12.1278,76.6811,Sub-District Hospital,3,Karnataka,Mysore,0
SPEC_12117,RH Kalmeshwar,21.235622,78.917542,Community Health Center,2,Maharashtra,Nagpur,0
SPEC_12127,RH Dindori,20.2443,73.8166,Community Health Center,2,Maharashtra,Nashik,0
SPEC_12148,Bandwan BPHC,22.879,86.502317,Community Health Center,2,West Bengal,Purulia,0
SPEC_12220,Heirok CHC,24.655178,94.084983,Community Health Center,2,Manipur,THOUBAL,0
SPEC_12239,"Community Health Center, Atmakur",16.337761,77.806652,Community Health Center,2,Telangana,Mahbubnagar District,0
SPEC_12242,RH HATKANANGALE,16.752366,74.435104,Community Health Center,2,Maharashtra,Kolhapur,0
SPEC_12261,KEONJHAR DHH,21.62938,85.5814,District Hospital,8,Odisha,Kendujhar,0
SPEC_12337,Yeleswaram,17.27792,82.10676,Community Health Center,2,Andhra Pradesh,East Godavari District,0
SPEC_12357,Iruvelpattu,11.845192,79.442259,Community Health Center,2,Tamil Nadu,Viluppuram,0
SPEC_12371,Keeranur,10.5952,77.5006,Community Health Center,2,Tamil Nadu,Dindigul,0
SPEC_12404,Tuensang DH,26.296389,94.830556,District Hospital,8,Nagaland,Tuensang,0
SPEC_12416,Vadgam,24.080401,72.487824,Community Health Center,2,Gujarat,BANASKANTHA,0
SPEC_12420,Fatehpur,27.99502,74.961792,Community Health Center,2,Rajasthan,Sikar,0
SPEC_12431,Dhabaan,29.858419,74.543399,Community Health Center,2,Rajasthan,Hanumangarh,0
SPEC_12432,Kittur CHC,15.5988,74.7944,Community Health Center,2,Karnataka,Belgaum,0
SPEC_12451,R.REDDIYAPATTI,9.414232,77.64939,Community Health Center,2,Tamil Nadu,Virudhunagar,0
SPEC_12599,Padmerhat RH,22.24525,88.447883,Community Health Center,2,West Bengal,South 24 Parganas,0
SPEC_12602,Jaspur CHC,29.275181,78.828645,Community Health Center,2,Uttarakhand,Udham Singh Nagar,0
SPEC_12681,Gangarar,25.061714,74.623505,Community Health Center,2,Rajasthan,Chittaurgarh,0
SPEC_12695,SUMANDAL,19.70904,85.0373,Community Health Center,2,Odisha,Ganjam,0
SPEC_12700,CHC CHAKULIA,22.474237,86.716756,Community Health Center,2,Jharkhand,PURBI SINGHBHUM,0
SPEC_12751,Chechat,24.76732,75.890465,Community Health Center,2,Rajasthan,Kota,0
SPEC_12752,Fatehpur BHADO,30.042688,77.766066,Community Health Center,2,Uttar Pradesh,Saharanpur,0
SPEC_12791,R H Lakhanwada,20.559122,76.643437,Community Health Center,2,Maharashtra,Buldana,0
SPEC_12792,"Goverment Medical College,Ghati Hospital Compound",19.890017,75.31814,Medical Colleges Hospital,20,Maharashtra,Aurangabad,0
SPEC_12823,CHC Dhamnod,22.215842,75.473654,Community Health Center,2,Madhya Pradesh,Dhar,0
SPEC_12899,CHC Miyaganj,26.79786,80.494227,Community Health Center,2,Uttar Pradesh,Unnao,0
SPEC_12918,RAJNAGAR,20.57187,86.71792,Community Health Center,2,Odisha,Kendrapara,0
SPEC_12973,CHC Semariya,24.3741,81.7198,Community Health Center,2,Madhya Pradesh,Sidhi,0
SPEC_13031,B.D.Pandey Male Hospital Nainital,29.394008,79.455771,District Hospital,8,Uttarakhand,Nainital,0
SPEC_13038,NOTIONAL Gadra Road,25.742726,70.642499,Community Health Center,2,Rajasthan,Barmer,0
SPEC_13064,Simdega Sadar,22.614979,84.502882,Community Health Center,2,Jharkhand,SIMDEGA,0
SPEC_13159,FRU CHINTAMANI TALUK HOSPITAL,13.401794,78.054051,Sub-District Hospital,3,Karnataka,Chikkaballapura,0
SPEC_13160,Arudesam,8.3023,77.1616,Community Health Center,2,Tamil Nadu,Kanniyakumari,0
SPEC_13176,Nadol,25.33064,73.45849,Community Health Center,2,Rajasthan,Pali,0
SPEC_13259,District Women Hospital Hardoi,27.396035,80.134518,District Hospital,8,Uttar Pradesh,Hardoi,0
SPEC_13277,Pahadi,27.709623,77.082615,Community Health Center,2,Rajasthan,Bharatpur,0
SPEC_13292,CHC Ghuman,31.690503,75.375873,Community Health Center,2,Punjab,Gurdaspur,0
SPEC_13302,CHC Palsood,21.826046,74.968386,Community Health Center,2,Madhya Pradesh,Barwani,0
SPEC_13325,CHC Bilkisganj,23.112046,77.239078,Community Health Center,2,Madhya Pradesh,Sehore,0
SPEC_13360,DH Alirajpur,22.305971,74.355815,District Hospital,8,Madhya Pradesh,Alirajpur,0
SPEC_13390,TEPU,27.263433,72.040891,Community Health Center,2,Rajasthan,Jodhpur,0
SPEC_13395,LAHUNIPARA,21.88821,84.94182,Community Health Center,2,Odisha,Sundargarh,0
SPEC_13439,CHC CHURCHU,23.907766,85.513586,Community Health Center,2,Jharkhand,HAZARIBAGH,0
SPEC_13453,Kanaipur RH,22.702617,88.320683,Community Health Center,2,West Bengal,Hooghly,0
SPEC_13501,CHC Sardhana,29.145992,77.618603,Community Health Center,2,Uttar Pradesh,Meerut,0
SPEC_13536,SDH Jamner,20.806188,75.780945,Sub-District Hospital,3,Maharashtra,Jalgaon,0
SPEC_13557,RH Poladpur,17.985387,73.464776,Community Health Center,2,Maharashtra,Raigarh,0
SPEC_13561,CHC Gyaraspur,23.664593,78.111345,Community Health Center,2,Madhya Pradesh,Vidisha,0
SPEC_13573,KUNDULI,18.59874,82.89643,Community Health Center,2,Odisha,Koraput,0
SPEC_13617,GH Bahadurgarh,28.69,76.93,Sub-District Hospital,3,Haryana,Jhajjar,0
SPEC_13685,CHC Baldevgarh,24.749736,79.067298,Community Health Center,2,Madhya Pradesh,Tikamgarh,0
SPEC_13700,Baghmara Civil Hospital,25.19848,90.630878,District Hospital,8,Meghalaya,South Garo Hills,0
SPEC_13843,CHC Parasi,23.133347,81.889353,Community Health Center,2,Madhya Pradesh,Anuppur,0
SPEC_13888,CHC Dhaurahra,28.005912,81.094589,Community Health Center,2,Uttar Pradesh,Kheri,0
SPEC_13930,CHC BISHUNGARH,24.016958,85.753847,Community Health Center,2,Jharkhand,HAZARIBAGH,0
SPEC_13959,DH UMARIA,23.53098,80.829475,District Hospital,8,Madhya Pradesh,Umaria,0
SPEC_13973,CHC RAJNAGAR,22.62,86.01,Community Health Center,2,Jharkhand,SARIKELA-KHARSWANA,0
SPEC_14009,TUMUDIBANDHA,19.96914,83.70759,Community Health Center,2,Odisha,Kandhamal,0
SPEC_14030,SDH Tapa,30.307104,75.372569,Sub-District Hospital,3,Punjab,Barnala,0
SPEC_14034,CHC Pachperwa,27.516911,82.646628,Community Health Center,2,Uttar Pradesh,Balrampur,0
SPEC_14040,NOTIONAL Kanod,24.41328,74.25853,Community Health Center,2,Rajasthan,Udaipur,0
SPEC_14101,KALYANSINGPUR,19.50673,83.31315,Community Health Center,2,Odisha,Rayagada,0
SPEC_14169,Asop,26.76801,73.43093,Community Health Center,2,Rajasthan,Jodhpur,0
SPEC_14183,CHC Bodla,22.162798,81.215989,Community Health Center,2,Chhattisgarh,Kabeerdham,0
SPEC_14185,INAMKULATHUR - CHC Gr.II,10.7006,78.5506,Community Health Center,2,Tamil Nadu,Tiruchirappalli,0
SPEC_14230,CHC Bhadaiya,26.205257,82.136698,Community Health Center,2,Uttar Pradesh,Sultanpur,0
SPEC_14412,CHC Madhogarh,26.277475,79.189095,Community Health Center,2,Uttar Pradesh,Jalaun,0
SPEC_14446,CHC Athner,21.624919,77.913889,Community Health Center,2,Madhya Pradesh,Betul,0
SPEC_14513,PANDRIPANI,18.43372,82.0153,Community Health Center,2,Odisha,Malkangiri,0
SPEC_14514,CHAMARAJANAGAR DH,11.9261,76.9437,District Hospital,8,Karnataka,Chamarajanagar,0
SPEC_14522,NANDIVARAM,12.8442,80.0616,Community Health Center,2,Tamil Nadu,Kancheepuram,0
SPEC_14553,Sendamaram,9.060175,77.437643,Community Health Center,2,Tamil Nadu,Tirunelveli,0
SPEC_14564,CHC  jaspura,25.811764,80.375608,Community Health Center,2,Uttar Pradesh,Banda,0
SPEC_14572,Sattenapalli,16.395113,80.148878,Community Health Center,2,Andhra Pradesh,Guntur District,0
SPEC_14618,Haroa BPHC,22.614333,88.6814,Community Health Center,2,West Bengal,North 24 Parganas,0
SPEC_14667,Bongalmora CHC,27.052017,93.95835,Community Health Center,2,Assam,Lakhimpur,0
SPEC_14685,Sulya CHC,12.5545,75.3857,Community Health Center,2,Karnataka,Dakshina Kannada,0
SPEC_14731,Karunkulam,8.638675,77.846279,Community Health Center,2,Tamil Nadu,Thoothukkudi,0
SPEC_14863,CHC AMARPUR,22.808724,80.738072,Community Health Center,2,Madhya Pradesh,Dindori,0
SPEC_14889,CHC Tibba,31.310397,75.214025,Community Health Center,2,Punjab,Kapurthala,0
SPEC_14912,ISWARPUR,21.34648,86.7204,Community Health Center,2,Odisha,Baleshwar,0
SPEC_14947,Banjar CH,31.636709,77.34437,Civil Hospital/General Hospital,5,Himachal Pradesh,Kullu,0
SPEC_14990,RH JINTUR,19.60771,76.688363,Community Health Center,2,Maharashtra,Parbhani,0
SPEC_15013,Sohiong CHC,25.51,91.74,Community Health Center,2,Meghalaya,East Khasi Hills,0
SPEC_15090,MURIBAHAL,20.38914,83.01006,Community Health Center,2,Odisha,Balangir,0
SPEC_15116,Sareri Badi,23.66145,74.232606,Community Health Center,2,Rajasthan,Banswara,0
SPEC_15206,BYL Nair hospital,18.9812,72.8152,Medical Colleges Hospital,20,Maharashtra,Mumbai,0
SPEC_15214,H.Vankalakunta,15.6379,76.2273,Community Health Center,2,Karnataka,Koppal,0
SPEC_15249,K Patan,25.296673,75.940518,Community Health Center,2,Rajasthan,Bundi,0
SPEC_15257,Biate,23.249003,93.122134,Community Health Center,2,Mizoram,CHAMPHAI,0
SPEC_15373,MADHYAKHANDA,20.33828,84.92886,Community Health Center,2,Odisha,Nayagarh,0
SPEC_15413,CHC SHIRUVA,13.2204,74.8199,Community Health Center,2,Karnataka,Udupi,0
SPEC_15439,RH SOLANKUR,16.4,73.96,Community Health Center,2,Maharashtra,Kolhapur,0
SPEC_15487,Tapukara,28.107206,76.82671,Community Health Center,2,Rajasthan,Alwar,0
SPEC_15528,CHC Kirnapur,21.62455,80.332145,Community Health Center,2,Madhya Pradesh,Balaghat,0
SPEC_15611,Dungarsaran,23.495342,73.862489,Community Health Center,2,Rajasthan,Dungarpur,0
SPEC_15668,CHC Mullana,30.27628,77.04735,Community Health Center,2,Haryana,Ambala,0
SPEC_15712,CHC KARANJIYA,22.710826,81.638997,Community Health Center,2,Madhya Pradesh,Dindori,0
SPEC_15721,Suket,24.642317,75.932693,Community Health Center,2,Rajasthan,Kota,0
SPEC_15742,DHH BARGARH,21.34229,83.63209,District Hospital,8,Odisha,Bargarh,0
SPEC_15816,CHC Depalpur,22.846002,75.538306,Community Health Center,2,Madhya Pradesh,Indore,0
SPEC_15826,GUNUPUR,19.07132,83.80845,Sub-District Hospital,3,Odisha,Rayagada,0
SPEC_15847,Deshnok,27.794147,73.336472,Community Health Center,2,Rajasthan,Bikaner,0
SPEC_15863,Bannur CHC,12.3358,76.8609,Community Health Center,2,Karnataka,Mysore,0
SPEC_15936,BISRA,22.25382,85.01785,Community Health Center,2,Odisha,Sundargarh,0
SPEC_15949,RH Chinchwan,18.938929,76.046443,Community Health Center,2,Maharashtra,Beed,0
SPEC_16054,Eriodu,10.5133,78.0677,Community Health Center,2,Tamil Nadu,Dindigul,0
SPEC_16170,Dudhwakhara,28.460323,75.16653,Community Health Center,2,Rajasthan,Churu,0
SPEC_16329,Shrinagar,26.434252,74.780872,Community Health Center,2,Rajasthan,Ajmer,0
SPEC_16338,(FRU) GUBBI TALUK HOSPITAL,13.3084,76.9461,Sub-District Hospital,3,Karnataka,Tumkur,0
SPEC_16359,Loolwa,26.051773,74.411525,Community Health Center,2,Rajasthan,Ajmer,0
SPEC_16375,Chalala,21.408507,71.163052,Community Health Center,2,Gujarat,AMRELI,0
SPEC_16397,CHC Tilda,21.551572,81.795659,Community Health Center,2,Chhattisgarh,Raipur,0
SPEC_16432,KOLNORA,19.2481,83.46051,Community Health Center,2,Odisha,Rayagada,0
SPEC_16438,H.Q. CHC BISHRAMPUR,24.263511,83.924138,Community Health Center,2,Jharkhand,PALAMU,0
SPEC_16455,Ahiran B.P.H.C.,24.510278,88.026111,Community Health Center,2,West Bengal,Murshidabad,0
SPEC_16479,SDH Kavathemahankal,17.008969,74.86533,Sub-District Hospital,3,Maharashtra,Sangli,0
SPEC_16519,SDH CHATRAPUR,19.35776,84.99043,Sub-District Hospital,3,Odisha,Ganjam,0
SPEC_16538,District Hospital Mahillabag Jodhpur,26.266328,73.0286,District Hospital,8,Rajasthan,Jodhpur,0
SPEC_16539,RASGOBINDPUR,21.78179,87.051,Community Health Center,2,Odisha,Mayurbhanj,0
SPEC_16726,Saltora RH,23.522931,86.937498,Community Health Center,2,West Bengal,Bankura,0
SPEC_16732,Kaman,26.906293,77.289846,Community Health Center,2,Rajasthan,Bharatpur,0
SPEC_16746,RH Sironcha,18.847179,79.968132,Community Health Center,2,Maharashtra,Gadchiroli,0
SPEC_16828,Khantapada CHC,21.39622,86.80725,Community Health Center,2,Odisha,Baleshwar,0
SPEC_16858,CHC BHANDARIA,23.738498,83.82874,Community Health Center,2,Jharkhand,GARHWA,0
SPEC_16912,Gosunda,24.853924,74.540469,Community Health Center,2,Rajasthan,Chittaurgarh,0
SPEC_16921,Dimapur DH,25.905078,93.731308,District Hospital,8,Nagaland,Dimapur,0
SPEC_16926,Pokaran,26.920541,71.916546,Community Health Center,2,Rajasthan,Jaisalmer,0
SPEC_16927,Hazi S. T. Mullick RH,22.561319,88.221237,Community Health Center,2,West Bengal,Howrah,0
SPEC_16936,VIRAJPET TH,12.1964,75.8009,Sub-District Hospital,3,Karnataka,Kodagu,0
SPEC_16942,CHC GANDE,24.179531,86.43899,Community Health Center,2,Jharkhand,GIRIDIH,0
SPEC_16970,CHC Dubepur,26.237795,82.037208,Community Health Center,2,Uttar Pradesh,Sultanpur,0
SPEC_17004,Badisadri,24.413508,74.470503,Community Health Center,2,Rajasthan,Chittaurgarh,0
SPEC_17046,"Community Health Centre, Koilkonda",16.758596,77.788833,Community Health Center,2,Telangana,Mahbubnagar District,0
SPEC_17060,CHC Kakori,26.870725,80.792691,Community Health Center,2,Uttar Pradesh,Lucknow,0
SPEC_17146,CHINCHOLI TH,17.4417,77.4273,Sub-District Hospital,3,Karnataka,Gulbarga,0
SPEC_17171,CHC Barara,30.21177,77.04205,Community Health Center,2,Haryana,Ambala,0
SPEC_17205,CHC Sonhat,23.47889,82.517641,Community Health Center,2,Chhattisgarh,Koriya,0
SPEC_17220,R H Akole,19.540452,74.00456,Community Health Center,2,Maharashtra,Ahmadnagar,0
SPEC_17225,CHC Pithora,21.249872,82.517057,Community Health Center,2,Chhattisgarh,Mahasamund,0
SPEC_17285,Shri Haribaksh Kanwatiya Hospital Jaipur,26.94511,75.797989,District Hospital,8,Rajasthan,Jaipur,0
SPEC_17286,Talavady,11.7753,77.0046,Community Health Center,2,Tamil Nadu,Erode,0
SPEC_17300,"Area Hospital, Narayanpet",16.744511,77.496008,Sub-District Hospital,3,Telangana,Mahbubnagar District,0
SPEC_17316,"Sub-District Hospital, Sillod",20.300903,75.649425,Sub-District Hospital,3,Maharashtra,Aurangabad,0
SPEC_17376,Tanda,26.559169,82.642752,Community Health Center,2,Uttar Pradesh,Ambedkar Nagar,0
SPEC_17422,Meerganj Main,28.537356,79.200092,Community Health Center,2,Uttar Pradesh,Bareilly,0
SPEC_17485,Behror,27.880046,76.217338,Community Health Center,2,Rajasthan,Alwar,0
SPEC_17499,CHC Bhadaur,30.479239,75.333441,Community Health Center,2,Punjab,Barnala,0
SPEC_17535,CHC Chhabra,24.66316,76.84375,Community Health Center,2,Rajasthan,Baran,0
SPEC_17583,R.H.Taklidhokheshwar,19.159297,74.391903,Community Health Center,2,Maharashtra,Ahmadnagar,0
SPEC_17647,CHC Ratanpur,22.287307,82.1623,Community Health Center,2,Chhattisgarh,Bilaspur,0
SPEC_17661,Ghatiyawali,26.910357,75.798946,Community Health Center,2,Rajasthan,Chittaurgarh,0
SPEC_17670,Sumerpur,25.159044,73.090809,Community Health Center,2,Rajasthan,Pali,0
SPEC_17674,CHC Magarlod,20.7477,81.8484,Community Health Center,2,Chhattisgarh,Dhamtari,0
SPEC_17681,BAGHPAT,28.946342,77.21749,Community Health Center,2,Uttar Pradesh,Baghpat,0
SPEC_17701,RH Ghatanji,20.171989,78.32428,Community Health Center,2,Maharashtra,Yavatmal,0
SPEC_17702,(FRU) MUDIGERE TALUKA HOSPITAL,13.143323,75.645343,Sub-District Hospital,3,Karnataka,Chikmagalur,0
SPEC_17731,Bansapal CHC,21.6275,85.41817,Community Health Center,2,Odisha,Kendujhar,0
SPEC_17761,Mawsynram CHC,25.59,91.49,Community Health Center,2,Meghalaya,East Khasi Hills,0
SPEC_17771,RH Talkhed,19.182871,76.034114,Community Health Center,2,Maharashtra,Beed,0
SPEC_17786,Ghoksadanga RH,26.431533,89.271667,Community Health Center,2,West Bengal,Cooch Behar,0
SPEC_17800,Charingia CHC,26.6005,93.94885,Community Health Center,2,Assam,Golaghat,0
SPEC_17822,FASIMAL,21.60196,84.28288,Community Health Center,2,Odisha,Sambalpur,0
SPEC_17823,Mundawar,27.864535,76.552015,Community Health Center,2,Rajasthan,Alwar,0
SPEC_17929,TIRING,22.51552,86.06316,Community Health Center,2,Odisha,Mayurbhanj,0
SPEC_17984,Sarisha BPHC,22.249667,88.185278,Community Health Center,2,West Bengal,South 24 Parganas,0
SPEC_18043,Rural Hospital  Nandgaon-Khandeshwar,20.688145,77.836132,Community Health Center,2,Maharashtra,Amravati,0
SPEC_18069,CHC NITTE,13.1854,74.9368,Community Health Center,2,Karnataka,Udupi,0
SPEC_18086,Modak,24.728658,75.974236,Community Health Center,2,Rajasthan,Kota,0
SPEC_18088,Taranagar,28.67,75.03,Community Health Center,2,Rajasthan,Churu,0
SPEC_18096,Panjapatty,10.830618,78.31,Community Health Center,2,Tamil Nadu,Karur,0
SPEC_18112,KAMALGANJ,27.266354,79.630787,Community Health Center,2,Uttar Pradesh,Farrukhabad,0
SPEC_18141,Bayana,26.915809,77.289361,Community Health Center,2,Rajasthan,Bharatpur,0
SPEC_18174,Ussoor,12.860861,79.059369,Community Health Center,2,Tamil Nadu,Vellore,0
SPEC_18184,District Women Hospital Pilibhit,28.630715,79.817012,District Hospital,8,Uttar Pradesh,Pilibhit,0
SPEC_18190,"J K Loan Hospital, Jaipur",26.901403,75.817791,Medical Colleges Hospital,20,Rajasthan,Jaipur,0
SPEC_18223,Mahajan,28.78973,73.84684,Community Health Center,2,Rajasthan,Bikaner,0
SPEC_18361,CHC RAIDIH,22.953217,84.453369,Community Health Center,2,Jharkhand,GUMLA,0
SPEC_18373,Baravarda,23.696186,74.604426,Community Health Center,2,Rajasthan,Pratapgarh,0
SPEC_18409,NOTIONAL Loonkaransar,28.49665,73.74656,Community Health Center,2,Rajasthan,Bikaner,0
SPEC_18472,KUARMUNDA,22.2843,84.77355,Community Health Center,2,Odisha,Sundargarh,0
SPEC_18480,Sasoni CHC,27.316833,95.225433,Community Health Center,2,Assam,Dibrugarh,0
SPEC_18488,"Rural Hospital, Khultabad",20.012333,75.192944,Community Health Center,2,Maharashtra,Aurangabad,0
SPEC_18551,Manampathi,12.629,79.6532,Community Health Center,2,Tamil Nadu,Kancheepuram,0
SPEC_18587,SIDDARTH MUNICIPAL HOSPITAL,19.1596,72.841,Civil Hospital/General Hospital,5,Maharashtra,Mumbai (Suburban) *,0
SPEC_18612,KELUAPALLI,19.21239,84.81959,Community Health Center,2,Odisha,Ganjam,0
SPEC_18617,MUTHANANDAL,9.7474,78.3902,Community Health Center,2,Tamil Nadu,Sivaganga,0
SPEC_18622,Robertsganj District Combind Hospital,24.647839,83.062156,District Hospital,8,Uttar Pradesh,Sonbhadra,0
SPEC_18660,Buhana,28.204886,75.874543,Community Health Center,2,Rajasthan,Jhunjhunun,0
SPEC_18687,CHC PURWA (Main Centre),26.459199,80.766548,Community Health Center,2,Uttar Pradesh,Unnao,0
SPEC_18741,Pahari,25.33261,80.96364,Community Health Center,2,Uttar Pradesh,Chitrakoot,0
SPEC_18756,Farakka B.P.H.C.,24.77644,87.92531,Community Health Center,2,West Bengal,Murshidabad,0
SPEC_18839,Kheralu,23.878732,72.61034,Community Health Center,2,Gujarat,MAHESANA,0
SPEC_18850,Barabazar BPHC,23.0265,86.365533,Community Health Center,2,West Bengal,Purulia,0
SPEC_18918,cHC Rehli,23.639891,79.065495,Community Health Center,2,Madhya Pradesh,Sagar,0
SPEC_18936,Chc Satlasana,24.023254,72.794188,Community Health Center,2,Gujarat,MAHESANA,0
SPEC_18988,BIRIDI,20.35721,86.08302,Community Health Center,2,Odisha,Jagatsinghapur,0
SPEC_19053,Bagri Nagar,25.901125,73.805935,Community Health Center,2,Rajasthan,Pali,0
SPEC_19060,CHC Fatehgarh Churian,31.863258,74.950727,Community Health Center,2,Punjab,Gurdaspur,0
SPEC_19081,Civil Hospital Linziganj,27.39058,79.593583,District Hospital,8,Uttar Pradesh,Farrukhabad,0
SPEC_19100,Thatchur,12.591547,79.273871,Community Health Center,2,Tamil Nadu,Tiruvannamalai,0
SPEC_19128,CHC Daroli Bhai,30.807386,75.04511,Community Health Center,2,Punjab,Moga,0
SPEC_19246,"Community Health Center, Badepally",16.762559,78.13934,Community Health Center,2,Telangana,Mahbubnagar District,0
SPEC_19359,RH Supa,18.336537,74.377808,Community Health Center,2,Maharashtra,Pune,0
SPEC_19370,KANAKAPURA TH,12.548077,77.423547,Sub-District Hospital,3,Karnataka,Ramanagara,0
SPEC_19387,Begun,24.986793,75.011461,Community Health Center,2,Rajasthan,Chittaurgarh,0
SPEC_19413,HAGRIBOMMANAHALLI TH,15.0552,76.2104,Sub-District Hospital,3,Karnataka,Bellary,0
SPEC_19447,CHC Pushprajgarh,22.930844,81.606247,Community Health Center,2,Madhya Pradesh,Anuppur,0
SPEC_19453,DH Indore,22.708826,75.830964,District Hospital,8,Madhya Pradesh,Indore,0
SPEC_19463,CHC DEVIPUR,24.446304,86.50943,Community Health Center,2,Jharkhand,DEOGHAR,0
SPEC_19492,CHC Sangram,27.4655,93.27343,Community Health Center,2,Arunachal Pradesh,Kurung Kumey District,0
SPEC_19712,CHC Jhunir,29.806652,75.34511,Community Health Center,2,Punjab,Mansa,0
SPEC_19790,CHC GOSAIGANJ,26.563157,82.384125,Community Health Center,2,Uttar Pradesh,Faizabad,0
SPEC_19859,CHC Wadrafnagar,23.751113,83.220585,Community Health Center,2,Chhattisgarh,BALRAMPUR,0
SPEC_19866,Piprali,27.647329,75.249364,Community Health Center,2,Rajasthan,Sikar,0
SPEC_19890,Tatgarh,26.441995,74.617351,Community Health Center,2,Rajasthan,Ajmer,0
SPEC_19919,CHC JHINKPANI,22.413358,85.761788,Community Health Center,2,Jharkhand,PASHCHIMI SINGHBHUM,0
SPEC_19966,Kaviraj U.N. Dey BPHC,21.677267,87.592033,Community Health Center,2,West Bengal,Purba Medinipur,0
SPEC_20013,CHC BADAJAMDA,22.166013,85.427005,Community Health Center,2,Jharkhand,PASHCHIMI SINGHBHUM,0
SPEC_20033,Singarapettai,12.255644,78.615756,Community Health Center,2,Tamil Nadu,Krishnagiri,0
SPEC_20048,KASHELE,19.007968,73.418184,Community Health Center,2,Maharashtra,Raigarh,0
SPEC_20159,KARLAMUNDA,20.36736,83.46979,Community Health Center,2,Odisha,Kalahandi,0
SPEC_20243,CHC Mamdot,30.869812,74.420493,Community Health Center,2,Punjab,Firozpur,0
SPEC_20253,CHC POREYAHAT,24.677296,87.17234,Community Health Center,2,Jharkhand,GODDA,0
SPEC_20260,"Sub-District Hospital, Vaijapur",19.924255,74.727877,Sub-District Hospital,3,Maharashtra,Aurangabad,0
SPEC_20281,Gorubathan BPHC,26.960117,88.700417,Community Health Center,2,West Bengal,Darjiling,0
SPEC_20326,Asnawar,24.474228,76.339696,Community Health Center,2,Rajasthan,Jhalawar,0
SPEC_20379,Community Health Center Dehgam,23.167145,72.823549,Community Health Center,2,Gujarat,GANDHINAGAR,0
SPEC_20384,Mohan Lal Gautam District Female Hospital,27.889977,78.069641,District Hospital,8,Uttar Pradesh,Aligarh,0
SPEC_20402,Sakawrdai,24.236934,92.955054,Community Health Center,2,Mizoram,AIZAWL,0
SPEC_20431,Sandelerbill BPHC,22.447383,88.969667,Community Health Center,2,West Bengal,North 24 Parganas,0
SPEC_20516,Bap,27.37193,72.348872,Community Health Center,2,Rajasthan,Jodhpur,0
SPEC_20525,District Women Hospital Kheri,27.945823,80.785854,District Hospital,8,Uttar Pradesh,Kheri,0
SPEC_20587,DH SHAHDOL,23.307732,81.353144,District Hospital,8,Madhya Pradesh,Shahdol,0
SPEC_20643,CHC Gohparu,23.500424,81.404545,Community Health Center,2,Madhya Pradesh,Shahdol,0
SPEC_20673,RH Umari,19.365516,77.647289,Community Health Center,2,Maharashtra,Nanded,0
SPEC_20677,Hatimari RH,25.104446,88.913306,Community Health Center,2,West Bengal,Maldah,0
SPEC_20716,CHC Mohanlalganj,26.686063,80.988555,Community Health Center,2,Uttar Pradesh,Lucknow,0
SPEC_20724,BHADRAVATHI TH,13.8497,75.7058,Sub-District Hospital,3,Karnataka,Shimoga,0
SPEC_20761,Deghat PHC,29.4806,79.2611,Community Health Center,2,Uttarakhand,Almora\,0
SPEC_20762,CHC GAWAN,24.61,85.94,Community Health Center,2,Jharkhand,GIRIDIH,0
SPEC_20804,CHC Nungba,24.746363,93.425296,Community Health Center,2,Manipur,TAMENGLONG,0
SPEC_20849,Naduan CHC,31.772047,76.325227,Community Health Center,2,Himachal Pradesh,Hamirpur,0
SPEC_20856,District Male Hospital Rampur,28.806832,79.014619,District Hospital,8,Uttar Pradesh,Rampur,0
SPEC_20879,CHC HAJAN,34.298183,74.613691,Community Health Center,2,Jammu & Kashmir,Bandipore,0
SPEC_20887,NOTIONAL Samdari,25.822544,72.575608,Community Health Center,2,Rajasthan,Barmer,0
SPEC_20938,Odugathur,12.778726,78.877867,Community Health Center,2,Tamil Nadu,Vellore,0
SPEC_20997,Kariyapattinam,10.4574,79.7399,Community Health Center,2,Tamil Nadu,Nagapattinam,0
SPEC_21007,RH Murum,17.78,76.47,Community Health Center,2,Maharashtra,Osmanabad,0
SPEC_21029,(FRU) KUNIGAL TALUK HOSPITAL,13.0244,77.0216,Sub-District Hospital,3,Karnataka,Tumkur,0
SPEC_21060,RH Ralegaon,20.418772,78.5206,Community Health Center,2,Maharashtra,Yavatmal,0
SPEC_21105,NOTIONAL Poochhri,27.458026,77.430394,Community Health Center,2,Rajasthan,Bharatpur,0
SPEC_21113,CHC NAHARPUR,30.05,77.27,Community Health Center,2,Haryana,Yamunanagar,0
SPEC_21192,CHC DHURKI,24.140277,83.449756,Community Health Center,2,Jharkhand,GARHWA,0
SPEC_21273,Tiptur CHC,13.2621,76.4613,Community Health Center,2,Karnataka,Tumkur,0
SPEC_21284,CHC Manpur,20.374442,80.729612,Community Health Center,2,Chhattisgarh,Rajnandgaon,0
SPEC_21287,CHC Tavargera,15.7705,76.4056,Community Health Center,2,Karnataka,Koppal,0
SPEC_21290,(FRU) SIRA TALUK HOSPITAL,13.7426,76.8989,Sub-District Hospital,3,Karnataka,Tumkur,0
SPEC_21296,Kekri,25.9744,75.156827,Sub-District Hospital,3,Rajasthan,Ajmer,0
SPEC_21298,Dotma CHC,26.451283,90.150967,Community Health Center,2,Assam,Kokrajhar,0
SPEC_21317,Haldibari RH,26.332033,88.78025,Community Health Center,2,West Bengal,Cooch Behar,0
SPEC_21369,Lanjigarh,19.71219,83.36369,Community Health Center,2,Odisha,Kalahandi,0
SPEC_21426,Chandipur-Manikpur RH,22.470961,88.026326,Community Health Center,2,West Bengal,Howrah,0
SPEC_21435,AMRUTHUR,12.9201,76.9328,Community Health Center,2,Karnataka,Tumkur,0
SPEC_21445,"District Hospital, Pune",18.5783,73.8046,District Hospital,8,Maharashtra,Pune,0
SPEC_21453,RH Mahad,18.083053,73.436708,Community Health Center,2,Maharashtra,Raigarh,0
SPEC_21469,Ampati CHC,25.473,89.93,Community Health Center,2,Meghalaya,South West Garo Hills,0
SPEC_21521,Devipattinam,9.4762,78.896,Community Health Center,2,Tamil Nadu,Ramanathapuram,0
SPEC_21553,CHC Pratappur,24.6,83.21,Community Health Center,2,Chhattisgarh,SURAJPUR,0
SPEC_21583,CHC BARAMKELA,21.56,83.28,Community Health Center,2,Chhattisgarh,Raigarh,0
SPEC_21614,Tirot Sing Memorial Hospital,25.554247,91.632934,District Hospital,8,Meghalaya,West Khasi Hills,0
SPEC_21701,CHC BOLBA,22.429314,84.347808,Community Health Center,2,Jharkhand,SIMDEGA,0
SPEC_21729,R.H.Rahata,19.699298,74.405754,Community Health Center,2,Maharashtra,Ahmadnagar,0
SPEC_21895,SAYALKUDI,9.167084,78.443932,Community Health Center,2,Tamil Nadu,Ramanathapuram,0
SPEC_21904,ALAGIYANAYAGIPURAM,10.3077,79.3008,Community Health Center,2,Tamil Nadu,Thanjavur,0
SPEC_21932,RH Bhokar,19.221164,77.669776,Community Health Center,2,Maharashtra,Nanded,0
SPEC_21965,Barnarddi CHC,26.395283,91.387183,Community Health Center,2,Assam,Nalbari,0
SPEC_22035,Sonwani,25.777495,84.303323,Community Health Center,2,Uttar Pradesh,Ballia,0
SPEC_22063,RH PATHARI,19.260523,76.433363,Community Health Center,2,Maharashtra,Parbhani,0
SPEC_22096,Sanivarasanthe CHC,12.7228,75.8957,Civil Hospital/General Hospital,5,Karnataka,Kodagu,0
SPEC_22134,CHC PATHARIYA,22.016543,81.840511,Community Health Center,2,Chhattisgarh,MUNGELI,0
SPEC_22173,Tidi,24.21968,73.65038,Community Health Center,2,Rajasthan,Udaipur,0
SPEC_22177,GUMAGARH,20.36287,84.26924,Community Health Center,2,Odisha,Kandhamal,0
SPEC_22281,District Women Hospital Fatehpur,25.935518,80.813267,District Hospital,8,Uttar Pradesh,Fatehpur,0
SPEC_22289,Bandipur BPHC,22.7348,88.396567,Community Health Center,2,West Bengal,North 24 Parganas,0
SPEC_22411,CHC Sur Singh,31.393009,74.721531,Community Health Center,2,Punjab,Tarn Taran,0
SPEC_22418,BALISIRA CHC,19.69735,84.63779,Community Health Center,2,Odisha,Ganjam,0
SPEC_22517,Sarolaklan,24.610307,76.427384,Community Health Center,2,Rajasthan,Jhalawar,0
SPEC_22542,CHC Koraon,25.0081,82.0712,Community Health Center,2,Uttar Pradesh,Allahabad,0
SPEC_22573,CHC Kharora,21.405849,81.926193,Community Health Center,2,Chhattisgarh,Raipur,0
SPEC_22575,Jamalpur BPHC,23.062983,87.990967,Community Health Center,2,West Bengal,Bardhaman,0
SPEC_22646,CHC Bichhua,21.49183,79.2541,Community Health Center,2,Madhya Pradesh,Chhindwara,0
SPEC_22678,ANKOLA TH,14.6597,74.3051,Sub-District Hospital,3,Karnataka,Uttara Kannada,0
SPEC_22714,MUDDEBIHAL TH,16.3322,76.128,Sub-District Hospital,3,Karnataka,Bijapur,0
SPEC_22758,Bhadesar,24.680401,74.50932,Community Health Center,2,Rajasthan,Chittaurgarh,0
SPEC_22796,Konganapuram,11.562602,77.902461,Community Health Center,2,Tamil Nadu,Salem,0
SPEC_22868,BISSAMCUTTACK,19.5163,83.50848,Community Health Center,2,Odisha,Rayagada,0
SPEC_22884,Ramchandrapur BPHC,21.813333,87.501717,Community Health Center,2,West Bengal,Purba Medinipur,0
SPEC_22922,CHC Konta,17.807951,81.380964,Community Health Center,2,Chhattisgarh,SUKMA,0
SPEC_22945,SDH Khanna,30.703513,76.222768,Sub-District Hospital,3,Punjab,Ludhiana,0
SPEC_22956,DH Guna,24.64695,77.30838,District Hospital,8,Madhya Pradesh,Guna,0
SPEC_22978,CHC Porsa,26.672873,78.36924,Community Health Center,2,Madhya Pradesh,Morena,0
SPEC_22981,NOTIONAL Panchala siddha,21.328479,70.089762,Community Health Center,2,Rajasthan,Nagaur,0
SPEC_23013,CHANNAGIRI TH,14.0247,75.9305,Civil Hospital/General Hospital,5,Karnataka,Davanagere,0
SPEC_23042,Ilkal CHC,15.9628,76.1233,Community Health Center,2,Karnataka,Bagalkot,0
SPEC_23112,Vadugapatti,11.465269,77.924947,Community Health Center,2,Tamil Nadu,Salem,0
SPEC_23156,GANIA CHC,20.40199,85.05054,Community Health Center,2,Odisha,Nayagarh,0
SPEC_23279,GH Ziro,27.323235,93.49336,District Hospital,8,Arunachal Pradesh,Lower Subansiri District,0
SPEC_23283,Khamnor,24.92378,73.721306,Community Health Center,2,Rajasthan,Rajsamand,0
SPEC_23330,Patherdeva,26.5763,83.9281,Community Health Center,2,Uttar Pradesh,Deoria,0
SPEC_23342,VADUGACHERI,10.7169,79.7658,Community Health Center,2,Tamil Nadu,Nagapattinam,0
SPEC_23457,Indpur RH,23.1553,86.922567,Community Health Center,2,West Bengal,Bankura,0
SPEC_23513,TANGLA CHC,26.655,91.89865,Community Health Center,2,Assam,Udalguri,0
SPEC_23522,NOTIONAL Baragoan,25.425254,82.81828,Community Health Center,2,Rajasthan,Jhunjhunun,0
SPEC_23570,KAGWAD,16.697,74.7174,Community Health Center,2,Karnataka,Belgaum,0
SPEC_23573,CHC Mukandpur,31.126414,75.948347,Community Health Center,2,Punjab,Shahid Bhagat Singh Nagar (Nawanshahr),0
SPEC_23619,CHC Ghodadongri,22.123,78.003,Community Health Center,2,Madhya Pradesh,Betul,0
SPEC_23644,Jagatballavpur RH,22.679844,88.108379,Community Health Center,2,West Bengal,Howrah,0
SPEC_23723,Chetpet,12.466065,79.34939,Sub-District Hospital,3,Tamil Nadu,Tiruvannamalai,0
SPEC_23759,CHC PUSSORE,21.7578,83.3817,Community Health Center,2,Chhattisgarh,Raigarh,0
SPEC_23775,M.Subbulapuram,9.970869,77.556288,Community Health Center,2,Tamil Nadu,Theni,0
SPEC_23811,EKMA,22.29168,84.30923,Community Health Center,2,Odisha,Sundargarh,0
SPEC_23844,"Grant Medical College and J.J. Hospital,Byculla",18.9671,72.8286,District Hospital,8,Maharashtra,Mumbai,0
SPEC_23912,GOPALPUR,21.31857,86.82767,Community Health Center,2,Odisha,Baleshwar,0
SPEC_23957,Nalagarh CHC,31.042586,76.717769,Community Health Center,2,Himachal Pradesh,Solan,0
SPEC_23967,Tekkalkote CHC,15.5372,76.8822,Community Health Center,2,Karnataka,Bellary,0
SPEC_23986,Falkawn Hospital,23.624218,92.728209,District Hospital,8,Mizoram,AIZAWL,0
SPEC_23988,Mashobra CHC,31.130813,77.226664,Community Health Center,2,Himachal Pradesh,Shimla,0
SPEC_24047,Loonkaransar,28.49665,73.74656,Community Health Center,2,Rajasthan,Bikaner,0
SPEC_24067,Kothanallur,8.2836,77.3062,Community Health Center,2,Tamil Nadu,Kanniyakumari,0
SPEC_24074,SDH Nilokheri,29.837448,76.932617,Sub-District Hospital,3,Haryana,Karnal,0
SPEC_24143,CHC SENHA,23.385724,84.652008,Community Health Center,2,Jharkhand,LOHARDAGA,0
SPEC_24160,Kundagol CHC,15.259246,75.24189,Community Health Center,2,Karnataka,Dharwad,0
SPEC_24174,Ramia Behar CHC,28.136678,81.02981,Community Health Center,2,Uttar Pradesh,Kheri,0
SPEC_24183,Talgram,27.055642,79.64824,Community Health Center,2,Uttar Pradesh,Kannauj,0
SPEC_24210,Thiyagadurgam,11.735414,79.083699,Community Health Center,2,Tamil Nadu,Viluppuram,0
SPEC_24261,Parihara,27.929462,74.556706,Community Health Center,2,Rajasthan,Churu,0
SPEC_24269,Kharikamathani RH,22.008226,87.148495,Community Health Center,2,West Bengal,Paschim Medinipur,0
SPEC_24281,Kundagol CHC,15.259246,75.24189,Community Health Center,2,Karnataka,Dharwad,0
SPEC_24288,KULUMANI - CHC Gr.I,10.8436,78.5984,Community Health Center,2,Tamil Nadu,Tiruchirappalli,0
SPEC_24315,CHC CHAIBASA,22.545816,85.804957,Community Health Center,2,Jharkhand,PASHCHIMI SINGHBHUM,0
SPEC_24322,RH Bramhapuri,20.60965,79.85713,Community Health Center,2,Maharashtra,Chandrapur,0
SPEC_24403,Mansik Hospital Jaipur,26.902878,75.83867,Medical Colleges Hospital,20,Rajasthan,Jaipur,0
SPEC_24433,"Community Health Center, Amrabad",16.37623,78.834017,Community Health Center,2,Telangana,Mahbubnagar District,0
SPEC_24519,BHAPUR CHC,20.28395,85.29156,Community Health Center,2,Odisha,Nayagarh,0
SPEC_24521,Civil Hospital Kheda.,22.747197,72.687905,Sub-District Hospital,3,Gujarat,KHEDA,0
SPEC_24547,CHC Indergarh,26.935399,79.671002,Community Health Center,2,Madhya Pradesh,Datia,0
SPEC_24558,SDH PANPOSH,21.82298,84.95967,Sub-District Hospital,3,Odisha,Sundargarh,0
SPEC_24598,Athani,11.52279,77.513041,Community Health Center,2,Tamil Nadu,Erode,0
SPEC_24706,CHC GAMHARIA,22.815694,86.097751,Community Health Center,2,Jharkhand,SARIKELA-KHARSWANA,0
SPEC_24728,Porumamilla,15.00615,78.99043,Community Health Center,2,Andhra Pradesh,Kadapa District,0
SPEC_24735,Sajjangarh,23.260402,74.28982,Community Health Center,2,Rajasthan,Banswara,0
SPEC_24772,RP Chest Hospital,25.57773,91.864817,District Hospital,8,Meghalaya,East Khasi Hills,0
SPEC_24811,Thadicombu,10.4381,77.9558,Community Health Center,2,Tamil Nadu,Dindigul,0
SPEC_24873,SUPA TH,15.1596,74.4887,Sub-District Hospital,3,Karnataka,Uttara Kannada,0
SPEC_24949,"MGM Hospital,Warangal",17.968901,79.594054,Medical Colleges Hospital,20,Telangana,Warangal District,0
SPEC_25055,JHALKARI BAI MAHILA HOSPITALS,26.845803,80.94537,District Hospital,8,Uttar Pradesh,Lucknow,0
SPEC_25067,Aligarh,25.96886,76.088501,Community Health Center,2,Rajasthan,Tonk,0
SPEC_25076,CHC Joura,26.340638,77.813725,Community Health Center,2,Madhya Pradesh,Morena,0
SPEC_25112,Sarojini Devi EYE Hospital,17.413751,78.491198,Medical Colleges Hospital,20,Telangana,Hyderabad District,0
SPEC_25116,NOTIONAL Ghdhi Sawairam,27.2228,76.8317,Community Health Center,2,Rajasthan,Alwar,0
SPEC_25146,Vamadapadav,12.9637,75.1011,Community Health Center,2,Karnataka,Dakshina Kannada,0
SPEC_25150,MAHANGA,20.55707,86.20087,Community Health Center,2,Odisha,Cuttack,0
SPEC_25225,Milkipur,26.628182,81.942505,Community Health Center,2,Uttar Pradesh,Faizabad,0
SPEC_25239,Naganur CHC,15.8426,74.7864,Community Health Center,2,Karnataka,Belgaum,0
SPEC_25277,Mukhya -Kendra -Cholapur,26.848482,80.867448,Community Health Center,2,Uttar Pradesh,Varanasi,0
SPEC_25314,Eral,8.628105,78.022873,Community Health Center,2,Tamil Nadu,Thoothukkudi,0
SPEC_25316,Augustmuni,30.23481,79.01372,Community Health Center,2,Uttarakhand,Rudraprayag,0
SPEC_25321,Pynursla CHC,25.31,91.89,Community Health Center,2,Meghalaya,East Khasi Hills,0
SPEC_25358,NAIKENPALI,20.8151,83.6811,Community Health Center,2,Odisha,Sonapur,0
SPEC_25359,Thatyur CHC,30.48855,78.0465,Community Health Center,2,Uttarakhand,Tehri Garhwal,0
SPEC_25445,RH Yawal,21.169363,75.698014,Community Health Center,2,Maharashtra,Jalgaon,0
SPEC_25477,CHC Makrana,27.05,74.72,Community Health Center,2,Rajasthan,Nagaur,0
SPEC_25525,CHC Lalbagh,21.33424,76.20124,Community Health Center,2,Madhya Pradesh,Burhanpur,0
SPEC_25599,Halliya,24.827972,82.326127,Community Health Center,2,Uttar Pradesh,Mirzapur,0
SPEC_25614,Taldangra RH,23.019383,87.101733,Community Health Center,2,West Bengal,Bankura,0
SPEC_25646,MARSAGHAI,20.42258,86.47791,Community Health Center,2,Odisha,Kendrapara,0
SPEC_25653,District Male Hospital Shahjahanpur,27.855071,79.895493,District Hospital,8,Uttar Pradesh,Shahjahanpur,0
SPEC_25675,BANGRIPOSI,22.15361,86.53855,Community Health Center,2,Odisha,Mayurbhanj,0
SPEC_25684,Ratlai,24.2833,76.2333,Community Health Center,2,Rajasthan,Jhalawar,0
SPEC_25725,CHC Haoreibi Makha Leikai,24.680486,93.941714,Community Health Center,2,Manipur,THOUBAL,0
SPEC_25747,PATAKURA CHC,20.38961,86.40632,Community Health Center,2,Odisha,Kendrapara,0
SPEC_25761,Jaitipur,27.997499,79.571445,Community Health Center,2,Uttar Pradesh,Shahjahanpur,0
SPEC_25858,Domjur RH,22.633013,88.224479,Community Health Center,2,West Bengal,Howrah,0
SPEC_25861,Tibi,29.554,74.502,Community Health Center,2,Rajasthan,Hanumangarh,0
SPEC_25864,Barbil CHC,22.12143,85.39716,Community Health Center,2,Odisha,Kendujhar,0
SPEC_25882,CHC Manasa,24.474805,75.140384,Community Health Center,2,Madhya Pradesh,Neemuch,0
SPEC_25896,Arain,26.4537,75.037136,Community Health Center,2,Rajasthan,Ajmer,0
SPEC_25919,Tokawade,19.309189,73.599236,Community Health Center,2,Maharashtra,Thane,0
SPEC_25941,Gangwana,26.531506,74.72566,Community Health Center,2,Rajasthan,Ajmer,0
SPEC_26015,Malaiyur,10.432165,79.022168,Community Health Center,2,Tamil Nadu,Pudukkottai,0
SPEC_26146,Sadar Hospital Samastipur,25.857201,85.778518,District Hospital,8,Bihar,Samastipur,0
SPEC_26193,DHH BHAWANIPATNA,19.90165,83.16467,District Hospital,8,Odisha,Kalahandi,0
SPEC_26194,BALIKUDA,20.14279,86.27273,Community Health Center,2,Odisha,Jagatsinghapur,0
SPEC_26223,HALIYALA TH,15.3322,74.7699,Sub-District Hospital,3,Karnataka,Uttara Kannada,0
SPEC_26270,CHC Parasia,22.192605,78.755203,Community Health Center,2,Madhya Pradesh,Chhindwara,0
SPEC_26287,Mahuwa,25.286737,75.161623,Community Health Center,2,Rajasthan,Bhilwara,0
SPEC_26351,CHC PONDI UPRORA,22.598475,82.554772,Community Health Center,2,Chhattisgarh,Korba,0
SPEC_26384,SAVANUR TH,14.9764,75.3341,Sub-District Hospital,3,Karnataka,Haveri,0
SPEC_26401,Dasna,28.79971,77.526,Community Health Center,2,Uttar Pradesh,Ghaziabad,0
SPEC_26412,CHC Amanganj,24.429907,80.037632,Community Health Center,2,Madhya Pradesh,Panna,0
SPEC_26416,Hulsoor CHC,18.0113,77.0039,Community Health Center,2,Karnataka,Bidar,0
SPEC_26420,RH Mehunbare,20.282974,74.950619,Community Health Center,2,Maharashtra,Jalgaon,0
SPEC_26532,GH MALAVALLI,12.3848,77.0598,Sub-District Hospital,3,Karnataka,Mandya,0
SPEC_26558,Manalmedu,11.1946,79.5943,Community Health Center,2,Tamil Nadu,Nagapattinam,0
SPEC_26646,SHIMOGA DH,13.9326,75.5669,District Hospital,8,Karnataka,Shimoga,0
SPEC_26653,MBMC 10 Bhart Ratna Pandit Bhimsen Joshi Hospital,19.093413,72.883734,Community Health Center,2,Maharashtra,Thane,0
SPEC_26744,Bar,24.861579,78.585585,Community Health Center,2,Uttar Pradesh,Lalitpur,0
SPEC_26754,"S K Hospital, Sikar",27.613136,75.150599,District Hospital,8,Rajasthan,Sikar,0
SPEC_26760,R.H. Bodhegaon,19.300632,75.347737,Community Health Center,2,Maharashtra,Ahmadnagar,0
SPEC_26763,Manor,19.727151,72.901295,Community Health Center,2,Maharashtra,Palghar,0
SPEC_26871,Government K. K. Hospital,21.337434,71.312204,Sub-District Hospital,3,Gujarat,AMRELI,0
SPEC_26887,Changual BPHC,22.311379,87.380521,Community Health Center,2,West Bengal,Paschim Medinipur,0
SPEC_26898,Piranmalai,10.236113,78.438861,Community Health Center,2,Tamil Nadu,Sivaganga,0
SPEC_26921,SADAR Hospital,24.045066,84.060401,District Hospital,8,Jharkhand,PALAMU,0
SPEC_26980,Mallankinaru,9.600765,78.061147,Community Health Center,2,Tamil Nadu,Virudhunagar,0
SPEC_26987,Lakshmeswar CHC,15.1236,75.472,Community Health Center,2,Karnataka,Gadag,0
SPEC_26990,JAGANNATHPUR,19.02655,83.77415,Community Health Center,2,Odisha,Rayagada,0
SPEC_27094,Ammayanaickanur,10.1662,77.9153,Community Health Center,2,Tamil Nadu,Dindigul,0
SPEC_27106,Umsning CHC,25.748006,91.891352,Community Health Center,2,Meghalaya,Ri Bhoi,0
SPEC_27128,PARJANGA,20.91935,85.31496,Community Health Center,2,Odisha,Dhenkanal,0
SPEC_27170,NAKTIDEOL,21.25605,84.54399,Community Health Center,2,Odisha,Sambalpur,0
SPEC_27224,Dhariawad,24.118238,74.419222,Community Health Center,2,Rajasthan,Pratapgarh,0
SPEC_27229,TENTULIKHUNTI,19.29289,82.72626,Community Health Center,2,Odisha,Nabarangapur,0
SPEC_27239,BASTA,21.6804,87.07003,Community Health Center,2,Odisha,Baleshwar,0
SPEC_27268,SARANGARH,20.2248,84.13042,Community Health Center,2,Odisha,Kandhamal,0
SPEC_27274,RAMPURA,14.8829,76.7824,Community Health Center,2,Karnataka,Chitradurga,0
SPEC_27306,CHC JAINAGAR,24.369888,85.646056,Community Health Center,2,Jharkhand,KODERMA,0
SPEC_27313,CHC RATU,23.418466,85.228066,Community Health Center,2,Jharkhand,RANCHI,0
SPEC_27338,Women Hospital Jalna,19.838949,75.887177,Women Hospital,3,Maharashtra,Jalna,0
SPEC_27350,CHC Mussoorie,30.027149,78.453141,Community Health Center,2,Uttarakhand,Dehradun,0
SPEC_27359,Amguri CHC,26.8045,94.5248,Community Health Center,2,Assam,Sibsagar,0
SPEC_27635,Rashmi,24.375285,74.961487,Community Health Center,2,Rajasthan,Chittaurgarh,0
SPEC_27683,Garbada - T,22.685332,74.314021,Community Health Center,2,Gujarat,DAHOD,0
SPEC_27744,Peraiyur,9.356827,78.448241,Community Health Center,2,Tamil Nadu,Ramanathapuram,0
SPEC_27746,(FRU) BAGEPALLI TALUK HOSPITAL,13.7835,77.7923,Sub-District Hospital,3,Karnataka,Chikkaballapura,0
SPEC_27821,CHC Barod,23.792027,75.806577,Community Health Center,2,Madhya Pradesh,Agar Malwa,0
SPEC_27888,DH Sagar,23.822547,78.754176,District Hospital,8,Madhya Pradesh,Sagar,0
SPEC_27922,Nongpoh CHC/ Civil Hospital,25.909645,91.876851,District Hospital,8,Meghalaya,Ri Bhoi,0
SPEC_27976,CHC CHANDIA,23.65,80.7,Community Health Center,2,Madhya Pradesh,Umaria,0
SPEC_28034,Erashal BPHC,22.090233,87.86185,Community Health Center,2,West Bengal,Purba Medinipur,0
SPEC_28043,CHC SARAIYAHAT,24.580075,87.012466,Community Health Center,2,Jharkhand,DUMKA,0
SPEC_28057,Malpura,26.30111,75.371543,Community Health Center,2,Rajasthan,Tonk,0
SPEC_28060,Sayla,22.53937,71.483994,Community Health Center,2,Gujarat,SURENDRANAGAR,0
SPEC_28068,Nardipur,23.33746,72.556031,Community Health Center,2,Gujarat,GANDHINAGAR,0
SPEC_28155,Bagru,26.81792,75.543064,Community Health Center,2,Rajasthan,Jaipur,0
SPEC_28163,Phillobari Model Hospital,27.550729,95.692469,Community Health Center,2,Assam,Tinsukia,0
SPEC_28176,CHC Hastinapur,29.154784,77.993586,Community Health Center,2,Uttar Pradesh,Meerut,0
SPEC_28213,Mohanpur CHC,24.7424,92.6264,Community Health Center,2,Assam,Hailakandi,0
SPEC_28251,Shamshabad,27.53387,79.438575,Community Health Center,2,Uttar Pradesh,Farrukhabad,0
SPEC_28284,CH Sanyogitaganj,22.708874,75.878863,Sub-District Hospital,3,Madhya Pradesh,Indore,0
SPEC_28335,Amlat BPHC,22.122139,88.106629,Community Health Center,2,West Bengal,Purba Medinipur,0
SPEC_28350,WH Ulhasnagar,19.206551,73.166244,Women Hospital,3,Maharashtra,Thane,0
SPEC_28380,Tobu CHC,26.490556,94.976111,Community Health Center,2,Nagaland,Mon,0
SPEC_28444,Community Health Centre Manthani,18.650994,79.668154,Community Health Center,2,Telangana,Karimnagar District,0
SPEC_28457,CHC KALOL,23.244231,72.503284,Community Health Center,2,Gujarat,GANDHINAGAR,0
SPEC_28485,Thuvakudi,10.752616,78.82977,Sub-District Hospital,3,Tamil Nadu,Tiruchirappalli,0
SPEC_28505,Madukkarai,10.913721,76.952784,Sub-District Hospital,3,Tamil Nadu,Coimbatore,0
SPEC_28582,Gulawathi,28.58791,77.78709,Community Health Center,2,Uttar Pradesh,Bulandshahar,0
SPEC_28736,Sadar Hospital Lakhisarai,25.149608,86.09198,District Hospital,8,Bihar,Lakhisarai *,0
SPEC_28743,CHC Pipariya,21.9954,81.3245,Community Health Center,2,Chhattisgarh,Kabeerdham,0
SPEC_28767,RIMS and R Medical College,26.956866,78.968417,Medical Colleges Hospital,20,Uttar Pradesh,Etawah,0
SPEC_28779,Keelapoongudi,9.9607,78.4921,Community Health Center,2,Tamil Nadu,Sivaganga,0
SPEC_28813,Pahadi,27.817198,76.311164,Community Health Center,2,Rajasthan,Alwar,0
SPEC_28840,Thenzawl,23.288056,92.774722,Community Health Center,2,Mizoram,SERCHHIP,0
SPEC_28940,Bansgarh CHC,23.09305,86.232483,Community Health Center,2,West Bengal,Purulia,0
SPEC_28952,VIMSAR MEDICAL COLLEGE &HOSPITAL  BURLA SAMBALPUR,21.50029,83.886437,Medical Colleges Hospital,20,Odisha,Sambalpur,0
SPEC_28977,SDH Budhlada,29.925202,75.557973,Sub-District Hospital,3,Punjab,Mansa,0
SPEC_28984,Kabilarmalai,11.1417,77.9486,Community Health Center,2,Tamil Nadu,Namakkal,0
SPEC_29033,NOTIONAL Itawa,25.53927,76.381416,Community Health Center,2,Rajasthan,Kota,0
SPEC_29044,CHC Pithampur,22.617065,75.645094,Community Health Center,2,Madhya Pradesh,Dhar,0
SPEC_29087,CH Bina,24.18,78.2,Sub-District Hospital,3,Madhya Pradesh,Sagar,0
SPEC_29088,Sarada,24.14,73.82,Community Health Center,2,Rajasthan,Udaipur,0
SPEC_29113,BIDYAPUR CHC,26.39855,90.447683,Community Health Center,2,Assam,Bongaigaon,0
SPEC_29120,CHC Lalru,30.49216,76.80325,Community Health Center,2,Punjab,Sahibzada Ajit Singh Nagar,0
SPEC_29152,SORO,21.27879,86.69334,Community Health Center,2,Odisha,Baleshwar,0
SPEC_29175,CH Ludhiana,30.906725,75.860813,District Hospital,8,Punjab,Ludhiana,0
SPEC_29242,"Umaid Hospital, Jodhpur",26.2847,73.0099,Medical Colleges Hospital,20,Rajasthan,Jodhpur,0
SPEC_29338,Jorethang CHC,27.13172,88.279628,Community Health Center,2,Sikkim,South,0
SPEC_29346,CHC NAYAYANPUR,24.04105,86.619751,Community Health Center,2,Jharkhand,JAMTARA,0
SPEC_29369,Sunder Singh Bhandari Hospital Chandpole,24.5857,73.675695,District Hospital,8,Rajasthan,Udaipur,0
SPEC_29372,CHC Lopoke,31.717266,74.626489,Community Health Center,2,Punjab,Amritsar,0
SPEC_29427,HARNAHI,26.615276,83.240148,Community Health Center,2,Uttar Pradesh,Gorakhpur,0
SPEC_29435,CHC Berla,21.523412,81.479043,Community Health Center,2,Chhattisgarh,BEMETARA,0
SPEC_29474,CHC Nateran,23.76828,77.773816,Community Health Center,2,Madhya Pradesh,Vidisha,0
SPEC_29482,Suyalbadi CHC,29.538493,79.556882,Community Health Center,2,Uttarakhand,Nainital,0
SPEC_29519,Mandrela,28.313191,75.436576,Community Health Center,2,Rajasthan,Jhunjhunun,0
SPEC_29562,"GMCH SECTOR 32 ,CHANDIGARH",30.7092,76.78175,District Hospital,8,Chandigarh,Chandigarh,0
SPEC_29572,CHC KATKAMSANDI,24.108629,85.202357,Community Health Center,2,Jharkhand,HAZARIBAGH,0
SPEC_29592,Mujehna,27.222493,82.137878,Community Health Center,2,Uttar Pradesh,Gonda,0
SPEC_29613,Sagardighi Rural Hospital,24.290066,88.089687,Community Health Center,2,West Bengal,Murshidabad,0
SPEC_29638,Deogarh U,25.528601,73.907786,Community Health Center,2,Rajasthan,Rajsamand,0
SPEC_29659,RH Parshivani,21.381475,79.172974,Community Health Center,2,Maharashtra,Nagpur,0
SPEC_29666,Salt CHC,29.41956,79.0447,Community Health Center,2,Uttarakhand,Almora\,0
SPEC_29679,Sri Dungargarh,28.09345,74.00584,Community Health Center,2,Rajasthan,Bikaner,0
SPEC_29690,Opec Hospital Kaily,26.778839,82.7626,District Hospital,8,Uttar Pradesh,Basti,0
SPEC_29726,Batauli,22.961811,83.423897,Community Health Center,2,Chhattisgarh,Surguja,0
SPEC_29739,NOTIONAL Napsar,27.98057,73.434122,Community Health Center,2,Rajasthan,Bikaner,0
SPEC_29824,RH Godegaon,19.044,73.832,Community Health Center,2,Maharashtra,Pune,0
SPEC_29836,CHC Sundarsi,23.2641,76.4528,Community Health Center,2,Madhya Pradesh,Shajapur,0
SPEC_29882,CHC KUNDHIT,23.972096,87.159742,Community Health Center,2,Jharkhand,JAMTARA,0
SPEC_29959,"Community Health Center, Makthal",16.502128,77.507477,Community Health Center,2,Telangana,Mahbubnagar District,0
SPEC_29996,CHC Dhanpatganj,26.440361,82.032825,Community Health Center,2,Uttar Pradesh,Sultanpur,0
SPEC_30034,CHC Aurai,25.2675,82.5537,Community Health Center,2,Uttar Pradesh,Sant Ravidas Nagar (Bhadohi),0
SPEC_30041,Kalamnuri,19.675919,77.304514,Community Health Center,2,Maharashtra,Hingoli *,0
SPEC_30042,Govt Bangur Hopital Pali,25.771089,73.323448,District Hospital,8,Rajasthan,Pali,0
SPEC_30054,SDH Shiroda,15.773923,73.680185,Sub-District Hospital,3,Maharashtra,Sindhudurg,0
SPEC_30077,District Combind Hospital JP Nagar,28.894534,78.468867,District Hospital,8,Uttar Pradesh,Jyotiba Phule Nagar,0
SPEC_30209,Jamalpur,25.15531,83.09326,Community Health Center,2,Uttar Pradesh,Mirzapur,0
SPEC_30312,CHC TUNDI,23.98,86.45,Community Health Center,2,Jharkhand,DHANBAD,0
SPEC_30317,DORNAHALLI CHC,16.7285,76.9122,Community Health Center,2,Karnataka,Yadgir,0
SPEC_30324,R.H.Malegaon,20.239206,76.995987,Community Health Center,2,Maharashtra,Washim *,0
SPEC_30331,GH jagadhari,30.1,77.18,Civil Hospital/General Hospital,5,Haryana,Yamunanagar,0
SPEC_30360,Vikravandi,12.038947,79.549986,Sub-District Hospital,3,Tamil Nadu,Viluppuram,0
SPEC_30368,PADUVALAHIPPE,12.8187,76.171,Community Health Center,2,Karnataka,Hassan,0
SPEC_30377,Resubelpara CHC,25.899762,90.610424,Community Health Center,2,Meghalaya,North Garo Hills,0
SPEC_30563,Sarwar,26.061339,75.010922,Community Health Center,2,Rajasthan,Ajmer,0
SPEC_30565,KOIDA,21.90701,85.24507,Community Health Center,2,Odisha,Sundargarh,0
SPEC_30612,Ballavpur RH,23.586977,87.125387,Community Health Center,2,West Bengal,Bardhaman,0
SPEC_30649,Fakirpur CHC,21.21646,86.11403,Community Health Center,2,Odisha,Kendujhar,0
SPEC_30652,HEMGIR,21.94568,83.70394,Community Health Center,2,Odisha,Sundargarh,0
SPEC_30678,Bononabagram BPHC,23.527067,87.63145,Community Health Center,2,West Bengal,Bardhaman,0
SPEC_30699,Sinnar Municipal Hospital,19.852356,73.998186,Community Health Center,2,Maharashtra,Nashik,0
SPEC_30722,CHC SAMNAPUR,22.749679,81.100299,Community Health Center,2,Madhya Pradesh,Dindori,0
SPEC_30751,NOTIONAL Riyan Badi,26.540082,74.239902,Community Health Center,2,Rajasthan,Nagaur,0
SPEC_30782,Chakulia Rural Hospital,26.033972,87.950667,Community Health Center,2,West Bengal,Uttar Dinajpur,0
SPEC_30814,BHARNAWA,27.5025,74.2737,Community Health Center,2,Rajasthan,Nagaur,0
SPEC_30839,CHC Makhu,31.103177,74.988642,Community Health Center,2,Punjab,Firozpur,0
SPEC_30939,Akola,20.7333,77.021902,Community Health Center,2,Rajasthan,Chittaurgarh,0
SPEC_30973,Phulera,26.8667,75.2333,Community Health Center,2,Rajasthan,Jaipur,0
SPEC_30997,Luni,26.002723,73.009974,Community Health Center,2,Rajasthan,Jodhpur,0
SPEC_31010,Kolira,27.789918,75.197864,Community Health Center,2,Rajasthan,Sikar,0
SPEC_31114,Detroj,23.33439,72.188349,Community Health Center,2,Gujarat,AHMEDABAD,0
SPEC_31146,"S. K. Roy Civil Hospital, Hailakandi",24.671783,92.563355,District Hospital,8,Assam,Hailakandi,0
SPEC_31156,ADAPADA,19.45202,84.64377,Community Health Center,2,Odisha,Ganjam,0
SPEC_31212,Partapur,23.589071,74.176841,Community Health Center,2,Rajasthan,Banswara,0
SPEC_31230,KATAPALI,21.40898,83.61513,Community Health Center,2,Odisha,Bargarh,0
SPEC_31244,CHC BIRNI,24.273812,85.925344,Community Health Center,2,Jharkhand,GIRIDIH,0
SPEC_31260,CHC KURDEG,22.545403,84.119764,Community Health Center,2,Jharkhand,SIMDEGA,0
SPEC_31287,Mudhol CHC,17.0659,77.3965,Community Health Center,2,Karnataka,Gulbarga,0
SPEC_31325,Lalapet,12.536096,78.713356,Community Health Center,2,Tamil Nadu,Vellore,0
SPEC_31346,General Hospital Sirohi,24.885933,72.859487,District Hospital,8,Rajasthan,Sirohi,0
SPEC_31370,Sangria,29.788,74.463,Community Health Center,2,Rajasthan,Hanumangarh,0
SPEC_31436,CHC Saidapur,16.5742,77.252,Community Health Center,2,Karnataka,Yadgir,0
SPEC_31460,CHC Tanda,31.675478,75.634247,Community Health Center,2,Punjab,Hoshiarpur,0
SPEC_31474,BARPADA,21.08522,86.43128,Community Health Center,2,Odisha,Bhadrak,0
SPEC_31506,Lakhtar,22.854218,71.78699,Community Health Center,2,Gujarat,SURENDRANAGAR,0
SPEC_31538,(FRU) SINDHANOOR TALUKA HOSPITAL,15.7713,76.7572,Sub-District Hospital,3,Karnataka,Raichur,0
SPEC_31546,Manbazar RH,23.056833,86.658783,Community Health Center,2,West Bengal,Purulia,0
SPEC_31580,NOTIONAL Pindwara,24.796171,73.055277,Community Health Center,2,Rajasthan,Sirohi,0
SPEC_31598,RH NESARI,16.056683,74.322135,Community Health Center,2,Maharashtra,Kolhapur,0
SPEC_31660,BANKOI,20.205468,85.341975,Community Health Center,2,Odisha,Khordha,0
SPEC_31686,Ganesh Das Hospital,25.58,91.87,District Hospital,8,Meghalaya,East Khasi Hills,0
SPEC_31690,Dhansiripar CHC,25.823889,93.775833,Community Health Center,2,Nagaland,Dimapur,0
SPEC_31700,HONNALI TH,14.2382,75.6487,Sub-District Hospital,3,Karnataka,Davanagere,0
SPEC_31775,Budur,13.23435,80.206973,Community Health Center,2,Tamil Nadu,Thiruvallur,0
SPEC_31826,RH Saswad,18.3441,74.0271,Community Health Center,2,Maharashtra,Pune,0
SPEC_31835,Bethamangala CHC,13.0066,78.3268,Community Health Center,2,Karnataka,Kolar,0
SPEC_31841,Sultanpur,25.287,76.173,Community Health Center,2,Rajasthan,Kota,0
SPEC_31861,Rajiyasar,29.06226,73.965372,Community Health Center,2,Rajasthan,Ganganagar,0
SPEC_31867,CHC BRAHMAVARA,13.4371,74.7433,Community Health Center,2,Karnataka,Udupi,0
SPEC_31958,Bhiladi,24.181205,72.001888,Community Health Center,2,Gujarat,BANASKANTHA,0
SPEC_31989,CHC Lambi,30.054523,74.608133,Community Health Center,2,Punjab,Muktsar,0
SPEC_32013,CHC Harrai,22.62417,79.221287,Community Health Center,2,Madhya Pradesh,Chhindwara,0
SPEC_32014,Colonelganj,27.126127,81.704093,Community Health Center,2,Uttar Pradesh,Gonda,0
SPEC_32035,SIRSHA,22.22996,86.6643,Community Health Center,2,Odisha,Mayurbhanj,0
SPEC_32051,Kunnathur,11.2686,77.4112,Community Health Center,2,Tamil Nadu,Tiruppur,0
SPEC_32089,Raidighi Rural Hospital,21.998283,88.441767,Community Health Center,2,West Bengal,South 24 Parganas,0
SPEC_32100,NOTIONAL Bidasar,27.831183,74.318476,Community Health Center,2,Rajasthan,Churu,0
SPEC_32329,Rural  Hospital   Warud,21.4667,78.2667,Community Health Center,2,Maharashtra,Amravati,0
SPEC_32337,BONGAIGAON CH,26.456667,90.560233,District Hospital,8,Assam,Bongaigaon,0
SPEC_32358,BINDHANIMA,20.44172,85.49571,Community Health Center,2,Odisha,Cuttack,0
SPEC_32403,K.Keeranur,10.6145,77.7283,Community Health Center,2,Tamil Nadu,Dindigul,0
SPEC_32463,RH Chinchani Wangi,17.201146,74.344482,Community Health Center,2,Maharashtra,Sangli,0
SPEC_32466,Rajgarh,28.635344,75.382024,Community Health Center,2,Rajasthan,Churu,0
SPEC_32484,Itagi CHC,14.9527,76.0966,Community Health Center,2,Karnataka,Bellary,0
SPEC_32585,CHC Tumgaon,21.198935,82.13359,Community Health Center,2,Chhattisgarh,Mahasamund,0
SPEC_32620,R H Mandvi,19.797293,78.279026,Community Health Center,2,Maharashtra,Nanded,0
SPEC_32673,Panamarathupatti,11.565886,78.161545,Community Health Center,2,Tamil Nadu,Salem,0
SPEC_32748,Deoghar Sadar Hospital,24.491301,86.694194,District Hospital,8,Jharkhand,DEOGHAR,0
SPEC_32816,Pithaikeary BPHC,23.814554,86.886632,Community Health Center,2,West Bengal,Bardhaman,0
SPEC_32837,Tarikere CHC,13.7098,75.8124,Community Health Center,2,Karnataka,Chikmagalur,0
SPEC_32848,Nareda,27.701481,76.199173,Community Health Center,2,Rajasthan,Jaipur,0
SPEC_32858,Peranamallur,12.565218,79.434858,Community Health Center,2,Tamil Nadu,Tiruvannamalai,0
SPEC_32885,RH Sangole,17.4378,75.1939,Community Health Center,2,Maharashtra,Solapur,0
SPEC_32900,Khanvel,20.1286,73.0745,Sub-District Hospital,3,Dadra & Nagar Haveli,Dadra & Nagar Haveli,0
SPEC_33113,M RAMPUR,20.19216,83.51945,Community Health Center,2,Odisha,Kalahandi,0
SPEC_33130,Tuli CHC,26.843333,94.818056,Community Health Center,2,Nagaland,Mokokchung,0
SPEC_33155,CH Ranjhi,23.201228,80.001211,Sub-District Hospital,3,Madhya Pradesh,Jabalpur,0
SPEC_33165,CHC Bapoli,29.359907,77.057559,Community Health Center,2,Haryana,Panipat,0
SPEC_33185,CHC Kasrawad,22.124348,75.607928,Community Health Center,2,Madhya Pradesh,West Nimar (Khargone),0
SPEC_33201,Bhanda CHC,21.93896,85.74517,Community Health Center,2,Odisha,Kendujhar,0
SPEC_33277,CHC SUNDARPAHARI,24.753513,87.364182,Community Health Center,2,Jharkhand,GODDA,0
SPEC_33306,CHC MEHANDWANI,22.937405,80.655582,Community Health Center,2,Madhya Pradesh,Dindori,0
SPEC_33343,PHC-Dariyabad,26.872321,81.54972,Community Health Center,2,Uttar Pradesh,Barabanki,0
SPEC_33405,VERAMACHAN PATTI - CHC Gr.I,11.1255,78.526,Community Health Center,2,Tamil Nadu,Tiruchirappalli,0
SPEC_33449,Kalayanpur,26.023749,72.575523,Community Health Center,2,Rajasthan,Barmer,0
SPEC_33476,District Male Hospital Azamgarh,26.082438,83.190186,District Hospital,8,Uttar Pradesh,Azamgarh,0
SPEC_33523,CHC Meghnagar,22.904698,74.543267,Community Health Center,2,Madhya Pradesh,Jhabua,0
SPEC_33532,CHC GOLA,23.53971,85.71578,Community Health Center,2,Jharkhand,RAMGARH,0
SPEC_33538,CHC Sareni,26.135545,80.818245,Community Health Center,2,Uttar Pradesh,Rae Bareli,0
SPEC_33584,Phalsund,26.396274,71.923832,Community Health Center,2,Rajasthan,Jaisalmer,0
SPEC_33618,Bhopalsagar,24.85614,74.20913,Community Health Center,2,Rajasthan,Chittaurgarh,0
SPEC_33737,CHC Sambhal,28.584143,78.57201,Community Health Center,2,Uttar Pradesh,Sambhal,0
SPEC_33755,CHC Gujra,20.8312,81.5908,Community Health Center,2,Chhattisgarh,Dhamtari,0
SPEC_33774,CHC Bhatgoan,23.3485,83.0031,Community Health Center,2,Chhattisgarh,SURAJPUR,0
SPEC_33776,CHC DUDDA,13.088,76.2046,Community Health Center,2,Karnataka,Hassan,0
SPEC_33784,Sadar Hospital Piligrim Gaya,24.798577,85.009238,District Hospital,8,Bihar,Gaya,0
SPEC_33800,Bhilad - T,20.275797,72.88395,Community Health Center,2,Gujarat,VALSAD,0
SPEC_33855,CHC SAKTI,22.027143,82.958243,Community Health Center,2,Chhattisgarh,Janjgir - Champa,0
SPEC_33880,Bahariya Uttari,25.60849,81.999948,Community Health Center,2,Uttar Pradesh,Allahabad,0
SPEC_33885,District Hospital Uttarkashi,30.437734,78.265824,District Hospital,8,Uttarakhand,Uttarkashi,0
SPEC_33915,CHC KEREDARI,23.865275,85.092165,Community Health Center,2,Jharkhand,HAZARIBAGH,0
SPEC_33948,R H Motala,20.674473,76.205931,Community Health Center,2,Maharashtra,Buldana,0
SPEC_33954,Sulkapara RH,26.85206,88.91369,Community Health Center,2,West Bengal,Jalpaiguri,0
SPEC_33955,Civil Hospital,24.127654,79.599713,Sub-District Hospital,3,Madhya Pradesh,Damoh,0
SPEC_33989,Tantoti,26.140501,74.817082,Community Health Center,2,Rajasthan,Ajmer,0
SPEC_34066,RH Pahur,20.708592,75.680695,Community Health Center,2,Maharashtra,Jalgaon,0
SPEC_34136,AWANTI BAI MAHILA HOSPITALS,26.8564,80.9248,District Hospital,8,Uttar Pradesh,Lucknow,0
SPEC_34157,Nongstoin CHC/ Civil Hospital,25.55636,91.22933,District Hospital,8,Meghalaya,West Khasi Hills,0
SPEC_34255,Chota Dungara,23.546139,74.434976,Community Health Center,2,Rajasthan,Banswara,0
SPEC_34258,Shillong Civil Hospital,25.5677,91.8811,District Hospital,8,Meghalaya,East Khasi Hills,0
SPEC_34311,CH Kukshi,22.204997,74.754642,Sub-District Hospital,3,Madhya Pradesh,Dhar,0
SPEC_34372,Jagadishpur RH,22.618328,88.300003,Community Health Center,2,West Bengal,Howrah,0
SPEC_34453,SDH BABA BAKALA,31.55748,75.266049,Sub-District Hospital,3,Punjab,Amritsar,0
SPEC_34519,CHC Jamai,22.19529,78.5961,Community Health Center,2,Madhya Pradesh,Chhindwara,0
SPEC_34530,RH Narkhed,21.463293,78.53714,Community Health Center,2,Maharashtra,Nagpur,0
SPEC_34599,Lakhawathi- Aurangabad,28.512096,77.965863,Community Health Center,2,Uttar Pradesh,Bulandshahar,0
SPEC_34697,CHC Pangin,28.12999,94.59797,Community Health Center,2,Arunachal Pradesh,East Siang,0
SPEC_34746,Combind Hospital Tanakpur,29.04136,80.0656,Sub-District Hospital,3,Uttarakhand,Champawat,0
SPEC_34770,DH Doon Hospital,30.19166,78.25545,District Hospital,8,Uttarakhand,Dehradun,0
SPEC_34785,NOTIONAL Gazsinghpur,29.659837,73.438647,Community Health Center,2,Rajasthan,Ganganagar,0
SPEC_34832,Vissannapeta,16.93856,80.78155,Community Health Center,2,Andhra Pradesh,Krishna District,0
SPEC_34899,CHC Kurwar,26.335773,81.993348,Community Health Center,2,Uttar Pradesh,Sultanpur,0
SPEC_35037,Palej,21.923269,73.074759,Community Health Center,2,Gujarat,BHARUCH,0
SPEC_35073,Main Center,26.73982,80.349351,Community Health Center,2,Uttar Pradesh,Unnao,0
SPEC_35190,DEBEIPALI,21.53821,84.02666,Community Health Center,2,Odisha,Sambalpur,0
SPEC_35215,CHC BAGODAR,24.076683,85.831602,Community Health Center,2,Jharkhand,GIRIDIH,0
SPEC_35222,CHC BURMU,23.57,85.13,Community Health Center,2,Jharkhand,RANCHI,0
SPEC_35223,RH Dharangaon,21.006958,75.281754,Community Health Center,2,Maharashtra,Jalgaon,0
SPEC_35228,Kotulpur RH,23.01995,87.580433,Community Health Center,2,West Bengal,Bankura,0
SPEC_35229,KESINGA,20.18677,83.22318,Community Health Center,2,Odisha,Kalahandi,0
SPEC_35240,CHC Nakur,29.925945,77.299082,Community Health Center,2,Uttar Pradesh,Saharanpur,0
SPEC_35264,CHC Sahar,26.462596,79.509755,Community Health Center,2,Uttar Pradesh,Auraiya,0
SPEC_35270,RH Lasalgaon,20.148703,74.232854,Community Health Center,2,Maharashtra,Nashik,0
SPEC_35271,Kattery,11.376138,76.729323,Community Health Center,2,Tamil Nadu,The Nilgiris,0
SPEC_35285,CHC Dondi,20.482,81.0848,Community Health Center,2,Chhattisgarh,BALOD,0
SPEC_35296,CHC Motipur-MIHINPURWA,28.026082,81.382965,Community Health Center,2,Uttar Pradesh,Bahraich,0
SPEC_35347,"Community Health Centre, Ghatkesar",17.450232,78.682998,Community Health Center,2,Telangana,Rangareddy District,0
SPEC_35355,Vidyasagar Block Primary Health Centre,22.721845,87.663123,Community Health Center,2,West Bengal,Paschim Medinipur,0
SPEC_35361,Kallapadi,12.998202,78.902282,Community Health Center,2,Tamil Nadu,Vellore,0
SPEC_35408,WH Latur,18.4,76.56,Women Hospital,3,Maharashtra,Latur,0
SPEC_35413,RH Ghoti,19.68584,73.65829,Community Health Center,2,Maharashtra,Nashik,0
SPEC_35417,Namchi District Hospital,27.166389,88.363611,District Hospital,8,Sikkim,South,0
SPEC_35419,Thiruvalam,12.992215,79.254812,Community Health Center,2,Tamil Nadu,Vellore,0
SPEC_35449,CHC Dhanora,22.43536,79.05118,Community Health Center,2,Madhya Pradesh,Chhindwara,0
SPEC_35574,CHC TANDWA,23.856274,85.030624,Community Health Center,2,Jharkhand,CHATRA,0
SPEC_35593,Andhi,27.056258,76.158085,Community Health Center,2,Rajasthan,Jaipur,0
SPEC_35631,General Hospital Ladnun,27.63401,74.34645,Sub-District Hospital,3,Rajasthan,Nagaur,0
SPEC_35645,District Women Hospital Sultanpur,26.262649,82.069912,District Hospital,8,Uttar Pradesh,Sultanpur,0
SPEC_35669,Jansath,29.327471,77.850718,Community Health Center,2,Uttar Pradesh,Muzaffarnagar,0
SPEC_35685,Udalpur,23.562313,72.483471,Community Health Center,2,Gujarat,MAHESANA,0
SPEC_35740,CHC SONUA,22.570897,85.460764,Community Health Center,2,Jharkhand,PASHCHIMI SINGHBHUM,0
SPEC_35758,Sanchor,24.753849,71.77049,Community Health Center,2,Rajasthan,Jalor,0
SPEC_35770,BADAPANDUSAR CHC,20.15178,85.17867,Community Health Center,2,Odisha,Nayagarh,0
SPEC_35792,CHC Gurusar Sudhar,30.774181,75.649483,Community Health Center,2,Punjab,Ludhiana,0
SPEC_35813,North Jamuguri CHC,26.782467,93.416167,Community Health Center,2,Assam,Sonitpur,0
SPEC_35826,CHC Kabirnagar,21.267654,81.591743,Community Health Center,2,Chhattisgarh,Raipur,0
SPEC_35848,Samali BPHC,22.425867,88.255283,Community Health Center,2,West Bengal,South 24 Parganas,0
SPEC_35850,THISAYANVILAI,8.338702,77.867227,Community Health Center,2,Tamil Nadu,Tirunelveli,0
SPEC_35854,SDH Kamptee,21.192094,79.194946,Sub-District Hospital,3,Maharashtra,Nagpur,0
SPEC_35874,RH Zari-Jamani,19.871593,78.763304,Community Health Center,2,Maharashtra,Yavatmal,0
SPEC_35880,SDH TENUGHAT,23.723783,85.843928,Sub-District Hospital,3,Jharkhand,BOKARO,0
SPEC_35885,DH Rajahmundry,17.000538,81.804034,District Hospital,8,Andhra Pradesh,East Godavari District,0
SPEC_35920,Simlapal RH,22.55,87.5,Community Health Center,2,West Bengal,Bankura,0
SPEC_35944,RH Abhona,20.52129,73.93114,Community Health Center,2,Maharashtra,Nashik,0
SPEC_35971,CH Petlawad,23.009657,74.794694,Sub-District Hospital,3,Madhya Pradesh,Jhabua,0
SPEC_35998,Khandaghosh BPHC,23.216083,87.683633,Community Health Center,2,West Bengal,Bardhaman,0
SPEC_36129,CHC Mandi Bamora,24.053205,78.085113,Community Health Center,2,Madhya Pradesh,Sagar,0
SPEC_36159,Mandvla,25.4268,72.5175,Community Health Center,2,Rajasthan,Jalor,0
SPEC_36162,Muli,22.632947,71.464424,Community Health Center,2,Gujarat,SURENDRANAGAR,0
SPEC_36186,GHOSHPUR - BPHC,22.433867,88.867317,Community Health Center,2,West Bengal,North 24 Parganas,0
SPEC_36209,BANGALORE EAST TALUK HOSPITAL,13.009129,77.689055,Sub-District Hospital,3,Karnataka,Bangalore,0
SPEC_36289,RH Nagbhid,20.58482,79.68195,Community Health Center,2,Maharashtra,Chandrapur,0
SPEC_36307,Langhnaj,23.444725,72.495514,Community Health Center,2,Gujarat,MAHESANA,0
SPEC_36336,Kakaya CHC,26.3648,91.3439,Community Health Center,2,Assam,Nalbari,0
SPEC_36352,Rani,25.348893,73.308968,Community Health Center,2,Rajasthan,Pali,0
SPEC_36375,Mohangarh,27.350163,71.216143,Community Health Center,2,Rajasthan,Jaisalmer,0
SPEC_36404,District Hospital Banswara,23.546139,74.434976,District Hospital,8,Rajasthan,Banswara,0
SPEC_36449,DERABIS,20.54216,86.33596,Community Health Center,2,Odisha,Kendrapara,0
SPEC_36463,Rishabhdev,24.078119,73.691881,Community Health Center,2,Rajasthan,Udaipur,0
SPEC_36487,PERNAMPATTU,12.93371,78.7205,Sub-District Hospital,3,Tamil Nadu,Vellore,0
SPEC_36521,Badnor,25.83396,74.282867,Community Health Center,2,Rajasthan,Bhilwara,0
SPEC_36554,CHC Lehra-Gaga,29.941346,75.807762,Community Health Center,2,Punjab,Sangrur,0
SPEC_36560,Bhiwadi,28.214046,76.843414,Community Health Center,2,Rajasthan,Alwar,0
SPEC_36581,CHC SHAHGANJ,26.056182,82.680741,Community Health Center,2,Uttar Pradesh,Jaunpur,0
SPEC_36632,JEWARGI TH,17.0151,76.7754,Sub-District Hospital,3,Karnataka,Gulbarga,0
SPEC_36654,SURADA,19.7269,84.43866,Community Health Center,2,Odisha,Ganjam,0
SPEC_36704,"J K Loan Hospital, Kota",25.199285,75.856043,Medical Colleges Hospital,20,Rajasthan,Kota,0
SPEC_36738,Civil Hospital Ambala City,30.38028,76.78233,Civil Hospital/General Hospital,5,Haryana,Ambala,0
SPEC_36820,CITY HOSP,19.31,84.79899,District Hospital,8,Odisha,Ganjam,0
SPEC_36869,CHC Sachi,23.487339,77.741824,Community Health Center,2,Madhya Pradesh,Raisen,0
SPEC_36902,Marungur,11.6549,79.5388,Community Health Center,2,Tamil Nadu,Cuddalore,0
SPEC_36929,GKBhattar CHC,21.8021,87.22773,Community Health Center,2,Odisha,Baleshwar,0
SPEC_36991,RH Khandbara,21.3,74.04,Community Health Center,2,Maharashtra,Nandurbar,0
SPEC_37029,MAJHAPADA,22.02141,84.19533,Community Health Center,2,Odisha,Sundargarh,0
SPEC_37036,TUREIKELA,20.50447,82.80689,Community Health Center,2,Odisha,Balangir,0
SPEC_37057,CHC Karera,25.462229,78.1322,Community Health Center,2,Madhya Pradesh,Shivpuri,0
SPEC_37187,CHC Pichhore,25.178333,78.188611,Community Health Center,2,Madhya Pradesh,Shivpuri,0
SPEC_37241,Mau,27.43628,75.62675,Community Health Center,2,Rajasthan,Sikar,0
SPEC_37281,CH SANAVAD,22.175031,76.069749,Sub-District Hospital,3,Madhya Pradesh,West Nimar (Khargone),0
SPEC_37286,Ompi CHC,23.6769,91.6353,Community Health Center,2,Tripura,Gomati District,0
SPEC_37298,ADENIGARH,20.4955,84.48331,Community Health Center,2,Odisha,Baudh,0
SPEC_37316,SDH AHERI,19.412029,79.999164,Sub-District Hospital,3,Maharashtra,Gadchiroli,0
SPEC_37332,RH Parola,20.87599,75.118393,Community Health Center,2,Maharashtra,Jalgaon,0
SPEC_37424,Ahiroula,26.180162,82.900275,Community Health Center,2,Uttar Pradesh,Azamgarh,0
SPEC_37430,CHC Phunga,23.184995,81.816288,Community Health Center,2,Madhya Pradesh,Anuppur,0
SPEC_37489,BALIAPAL,21.65208,87.29138,Community Health Center,2,Odisha,Baleshwar,0
SPEC_37559,CHC Semaria,24.792514,81.149128,Community Health Center,2,Madhya Pradesh,Rewa,0
SPEC_37582,Solan RH,30.907469,77.106905,District Hospital,8,Himachal Pradesh,Solan,0
SPEC_37602,CHC DUMARIA,22.448559,86.438841,Community Health Center,2,Jharkhand,PURBI SINGHBHUM,0
SPEC_37680,Tihidi CHC,20.98652,86.63937,Community Health Center,2,Odisha,Bhadrak,0
SPEC_37756,Tura MC Hospital(SDH),25.514353,90.219995,District Hospital,8,Meghalaya,West Garo Hills,0
SPEC_37865,Kadaladi,12.269391,78.743647,Community Health Center,2,Tamil Nadu,Tiruvannamalai,0
SPEC_37885,CHC MUSABANI,22.500833,86.463611,Community Health Center,2,Jharkhand,PURBI SINGHBHUM,0
SPEC_37906,CHC Pharsabahar,22.519607,83.849444,Community Health Center,2,Chhattisgarh,Jashpur,0
SPEC_37947,RH Jath,17.114214,75.402603,Community Health Center,2,Maharashtra,Sangli,0
SPEC_37956,Takhatgarh,25.323974,73.005292,Community Health Center,2,Rajasthan,Pali,0
SPEC_37971,Chaubeypur,26.618568,80.186815,Community Health Center,2,Uttar Pradesh,Kanpur Nagar,0
SPEC_38050,Santalpur,23.761953,71.168929,Community Health Center,2,Gujarat,PATAN,0
SPEC_38093,ADASPUR,20.21858,86.01385,Community Health Center,2,Odisha,Cuttack,0
SPEC_38116,CHC Bhalukpong,27.01039,92.38159,Community Health Center,2,Arunachal Pradesh,WEST KAMENG DISTRICT,0
SPEC_38120,CHANDRAPUR,19.59802,83.88011,Community Health Center,2,Odisha,Rayagada,0
SPEC_38208,Kathumar,27.318153,77.076593,Community Health Center,2,Rajasthan,Alwar,0
SPEC_38213,Sunel,24.371687,75.958142,Community Health Center,2,Rajasthan,Jhalawar,0
SPEC_38240,Colonelganj,27.126127,81.704093,Community Health Center,2,Uttar Pradesh,Gonda,0
SPEC_38248,CHC Puwayan,28.063882,80.090959,Community Health Center,2,Uttar Pradesh,Shahjahanpur,0
SPEC_38256,ANALABERINI,20.81045,85.54333,Community Health Center,2,Odisha,Dhenkanal,0
SPEC_38275,Singur RH,22.812847,88.233309,Community Health Center,2,West Bengal,Hooghly,0
SPEC_38368,CHC Mehgaon,26.495467,78.614338,Community Health Center,2,Madhya Pradesh,Bhind,0
SPEC_38395,Gulabpura,25.902879,74.660726,Community Health Center,2,Rajasthan,Bhilwara,0
SPEC_38433,J. K. ROAD,20.9469,86.138634,Community Health Center,2,Odisha,Jajapur,0
SPEC_38448,DIST HOSPITAL KHUNTI,23.058597,85.283462,District Hospital,8,Jharkhand,KHUNTI,0
SPEC_38476,RH Vaibhavwadi,16.500493,73.745295,Community Health Center,2,Maharashtra,Sindhudurg,0
SPEC_38498,R H LAKHANDUR,20.750114,79.884966,Community Health Center,2,Maharashtra,Bhandara,0
SPEC_38506,BIRAMITRAPUR,22.40328,84.73415,Community Health Center,2,Odisha,Sundargarh,0
SPEC_38521,OTTANATHAMI,8.902145,77.894595,Community Health Center,2,Tamil Nadu,Thoothukkudi,0
SPEC_38549,Wadagera CHC,16.589,77.099,Community Health Center,2,Karnataka,Yadgir,0
SPEC_38551,Kichha CHC,28.908721,79.509755,Community Health Center,2,Uttarakhand,Udham Singh Nagar,0
SPEC_38634,CHC Kurwai,24.117222,78.038333,Community Health Center,2,Madhya Pradesh,Vidisha,0
SPEC_38831,RH Kokrud,17.000979,73.981247,Community Health Center,2,Maharashtra,Sangli,0
SPEC_38878,SDH Malkapur,20.884792,76.203446,Sub-District Hospital,3,Maharashtra,Buldana,0
SPEC_38917,MANIJANGA,20.30514,86.37892,Community Health Center,2,Odisha,Jagatsinghapur,0
SPEC_39016,CHC Utai,21.119948,81.381244,Community Health Center,2,Chhattisgarh,Durg,0
SPEC_39069,CHC Saja (Block PHC Saja),21.6648,81.3146,Community Health Center,2,Chhattisgarh,BEMETARA,0
SPEC_39076,St. Marry Hosp. Mussoorie,30.45272,77.967039,Sub-District Hospital,3,Uttarakhand,Dehradun,0
SPEC_39121,CHC Mainpur,20.291365,82.235141,Community Health Center,2,Chhattisgarh,GARIYABANDH,0
SPEC_39179,Council Hospital Bhagur,19.881562,73.837545,Community Health Center,2,Maharashtra,Nashik,0
SPEC_39183,CHC ITKHORI,24.297477,85.162195,Community Health Center,2,Jharkhand,CHATRA,0
SPEC_39233,RH Pangari,18.2913,75.8679,Community Health Center,2,Maharashtra,Solapur,0
SPEC_39286,NOTIONAL Shandawa,27.749633,74.166727,Community Health Center,2,Rajasthan,Churu,0
SPEC_39289,PUDHUCHATRAM,11.5409,79.7224,Community Health Center,2,Tamil Nadu,Cuddalore,0
SPEC_39293,Chandi Doulatabad BPHC,22.355467,88.294383,Community Health Center,2,West Bengal,South 24 Parganas,0
SPEC_39295,BINKA,21.02471,83.8124,Community Health Center,2,Odisha,Sonapur,0
SPEC_39338,Kanchanpur BPHC,23.313916,87.090417,Community Health Center,2,West Bengal,Bankura,0
SPEC_39383,SARDAR VALLABH BHAI PATEL HOSPITAL,28.958642,77.751885,Medical Colleges Hospital,20,Uttar Pradesh,Meerut,0
SPEC_39421,CHC MERAL,24.186744,83.713293,Community Health Center,2,Jharkhand,GARHWA,0
SPEC_39439,RH Peint,20.247859,73.584154,Community Health Center,2,Maharashtra,Nashik,0
SPEC_39450,CHC Bairdah,24.414364,82.356039,Community Health Center,2,Madhya Pradesh,Singrauli,0
SPEC_39550,BARIPADA,21.93041,86.73027,District Hospital,8,Odisha,Mayurbhanj,0
SPEC_39555,SIRIGERE,14.2853,76.2048,Community Health Center,2,Karnataka,Chitradurga,0
SPEC_39557,Mathurapur Rural Hospital,22.123778,88.389583,Community Health Center,2,West Bengal,South 24 Parganas,0
SPEC_39591,CH Gwalior,26.232631,78.177445,Sub-District Hospital,3,Madhya Pradesh,Gwalior,0
SPEC_39601,Dadenggiri CHC,25.720017,90.183789,Community Health Center,2,Meghalaya,West Garo Hills,0
SPEC_39662,DH Bomdila,27.15941,92.25222,District Hospital,8,Arunachal Pradesh,WEST KAMENG DISTRICT,0
SPEC_39800,BHAWANIPUR CHC,26.46575,91.067033,Community Health Center,2,Assam,Barpeta,0
SPEC_39807,Thalainayar,10.5612,79.7717,Community Health Center,2,Tamil Nadu,Nagapattinam,0
SPEC_39811,IGM Civil Hospital,23.049891,91.016567,Civil Hospital/General Hospital,5,Tripura,West District,0
SPEC_39945,SDH Navapur,21.15,74.2,Sub-District Hospital,3,Maharashtra,Nandurbar,0
SPEC_39969,CHC BISHUNPUR,23.19518,84.203982,Community Health Center,2,Jharkhand,GUMLA,0
SPEC_40000,Bedrabad RH,24.81712,87.99511,Community Health Center,2,West Bengal,Maldah,0
SPEC_40059,NOTIONAL Jamuaramgarh,27.018149,76.011658,Community Health Center,2,Rajasthan,Jaipur,0
SPEC_40110,CHC Karikalampakkam,11.86493,79.7484,Community Health Center,2,Puducherry,Puducherry,0
SPEC_40178,Ammanagi CHC,16.2944,74.5529,Community Health Center,2,Karnataka,Belgaum,0
SPEC_40230,Basanti Rural Hospital,22.19186,88.71163,Community Health Center,2,West Bengal,South 24 Parganas,0
SPEC_40258,Rural Hospital Medha,17.793,73.8274,Community Health Center,2,Maharashtra,Satara,0
SPEC_40280,Sainkul CHC,21.12076,86.12842,Community Health Center,2,Odisha,Kendujhar,0
SPEC_40297,BIRMAHARAJPUR,20.85774,84.03432,Sub-District Hospital,3,Odisha,Sonapur,0
SPEC_40304,BHARAMASAGARA,14.3715,76.1908,Community Health Center,2,Karnataka,Chitradurga,0
SPEC_40380,Kherthal,27.562675,76.599308,Community Health Center,2,Rajasthan,Alwar,0
SPEC_40403,HUMNABAD TH,17.7734,77.1249,Sub-District Hospital,3,Karnataka,Bidar,0
SPEC_40425,JALAHALLI,16.3644,76.7845,Community Health Center,2,Karnataka,Raichur,0
SPEC_40442,NOTIONAL Nimbalkot,25.535372,71.705146,Community Health Center,2,Rajasthan,Barmer,0
SPEC_40449,DH CHHATARPUR,24.907771,79.583925,District Hospital,8,Madhya Pradesh,Chhatarpur,0
SPEC_40461,Mawkyrwat CHC,25.365516,91.457705,Community Health Center,2,Meghalaya,South West Khasi Hills,0
SPEC_40471,Murarai RH,24.442647,87.849387,Community Health Center,2,West Bengal,Birbhum,0
SPEC_40508,Nagalapuram,9.228178,78.137447,Community Health Center,2,Tamil Nadu,Thoothukkudi,0
SPEC_40579,Kamakshyaguri RH,26.47341,89.73108,Community Health Center,2,West Bengal,Alipurduar*,0
SPEC_40633,District Women Hospital Meerut,28.98267,77.70058,District Hospital,8,Uttar Pradesh,Meerut,0
SPEC_40653,CHC Dhani,27.120409,83.17335,Community Health Center,2,Uttar Pradesh,Mahrajganj,0
SPEC_40679,Pooluvapatti,10.924561,76.820198,Community Health Center,2,Tamil Nadu,Coimbatore,0
SPEC_40692,S.D.H. Karjat,18.551943,75.009857,Sub-District Hospital,3,Maharashtra,Ahmadnagar,0
SPEC_40821,Thirunavalur,11.759724,79.392179,Community Health Center,2,Tamil Nadu,Viluppuram,0
SPEC_40859,CHC Iglas,27.710383,77.933591,Community Health Center,2,Uttar Pradesh,Aligarh,0
SPEC_40890,CHC Maharajganj,25.845009,82.394555,Community Health Center,2,Uttar Pradesh,Jaunpur,0
SPEC_40914,SAMBALPUR,21.50029,83.886437,District Hospital,8,Odisha,Sambalpur,0
SPEC_40931,Uluppagudi,10.2399,78.1978,Community Health Center,2,Tamil Nadu,Dindigul,0
SPEC_40968,CHC Narwar,23.068958,75.908562,Community Health Center,2,Madhya Pradesh,Ujjain,0
SPEC_41062,CHC RANISHWAR,24.034562,87.417033,Community Health Center,2,Jharkhand,DUMKA,0
SPEC_41071,Zunheboto DH,26.04,94.638333,District Hospital,8,Nagaland,Zunheboto,0
SPEC_41109,CHC MAJHGAON,22.094332,85.881883,Community Health Center,2,Jharkhand,PASHCHIMI SINGHBHUM,0
SPEC_41137,"MG Govt Maternity Hospital, Petla Burz",17.368341,78.467251,Women Hospital,3,Telangana,Hyderabad District,0
SPEC_41213,RH Dodi,19.78899,74.01535,Community Health Center,2,Maharashtra,Nashik,0
SPEC_41249,Kerligadasia,21.931561,78.335838,Community Health Center,2,Rajasthan,Bharatpur,0
SPEC_41320,Vangal,11.0433,78.1236,Community Health Center,2,Tamil Nadu,Karur,0
SPEC_41375,Boxanagar CHC,23.036691,91.010411,Community Health Center,2,Tripura,Sepahijala District,0
SPEC_41407,KALGHATAGI TH,15.185227,74.970558,Sub-District Hospital,3,Karnataka,Dharwad,0
SPEC_41413,CHC gondlamau,27.280197,80.68205,Community Health Center,2,Uttar Pradesh,Sitapur,0
SPEC_41430,RH Baramati,18.180751,74.61471,Community Health Center,2,Maharashtra,Pune,0
SPEC_41442,"Rural Hospital, Karmad",19.86782,75.542309,Community Health Center,2,Maharashtra,Aurangabad,0
SPEC_41494,Kunwaripukhuri Model Hospital,26.567367,92.123817,Community Health Center,2,Assam,Darrang,0
SPEC_41521,Tapsia RH,22.260909,86.912593,Community Health Center,2,West Bengal,Paschim Medinipur,0
SPEC_41533,MUNDARGI TLH,15.2063,75.8846,Sub-District Hospital,3,Karnataka,Gadag,0
SPEC_41561,RH Belanki,16.8471,74.8716,Community Health Center,2,Maharashtra,Sangli,0
SPEC_41586,Uchchain,27.091814,77.407651,Community Health Center,2,Rajasthan,Bharatpur,0
SPEC_41644,Kherli,27.206521,77.033755,Community Health Center,2,Rajasthan,Alwar,0
SPEC_41654,CHC Jairampur,27.21296,96.00873,Community Health Center,2,Arunachal Pradesh,Changlang,0
SPEC_41735,CHC Durgukondal,20.22226,80.94605,Community Health Center,2,Chhattisgarh,Kanker,0
SPEC_41759,Swami Kalyan Dev Distt . MALE Hospital Muzaffar Nagar,29.477998,77.696751,District Hospital,8,Uttar Pradesh,Muzaffarnagar,0
SPEC_41766,CH BARWAHA,22.257842,76.034437,Sub-District Hospital,3,Madhya Pradesh,West Nimar (Khargone),0
SPEC_41793,Borada,26.2071,75.049433,Community Health Center,2,Rajasthan,Ajmer,0
SPEC_41834,Osmania Governement General Hospital,17.372483,78.473856,Medical Colleges Hospital,20,Telangana,Hyderabad District,0
SPEC_41925,CHC Khair,27.936788,77.863076,Community Health Center,2,Uttar Pradesh,Aligarh,0
SPEC_42002,Ankri Srirampur RH,22.82535,87.95415,Community Health Center,2,West Bengal,Hooghly,0
SPEC_42009,CHC PAMGARH,21.870063,82.454697,Community Health Center,2,Chhattisgarh,Janjgir - Champa,0
SPEC_42021,CHC BHAWNATHPUR,25.560802,82.789987,Community Health Center,2,Jharkhand,GARHWA,0
SPEC_42042,RH Majalgaon,19.164665,76.204455,Community Health Center,2,Maharashtra,Beed,0
SPEC_42105,CHC PALKOT,22.874589,84.647428,Community Health Center,2,Jharkhand,GUMLA,0
SPEC_42119,BELLAGAM,19.42994,84.8232,Community Health Center,2,Odisha,Ganjam,0
SPEC_42199,Kelejora BPHC,23.7674,87.0199,Community Health Center,2,West Bengal,Bardhaman,0
SPEC_42251,Gungara,27.687548,75.287457,Community Health Center,2,Rajasthan,Sikar,0
SPEC_42259,CHC JARIDIH,23.764835,85.936792,Community Health Center,2,Jharkhand,BOKARO,0
SPEC_42271,BALUGAON,19.744657,85.211977,Community Health Center,2,Odisha,Khordha,0
SPEC_42345,Nadbai,27.214402,77.203149,Community Health Center,2,Rajasthan,Bharatpur,0
SPEC_42393,Kaliganj RH,23.7247,88.23415,Community Health Center,2,West Bengal,Nadia,0
SPEC_42433,Doboka CHC,26.114333,92.857033,Community Health Center,2,Assam,Nagaon,0
SPEC_42449,Maheshganj RH,23.413635,88.398573,Community Health Center,2,West Bengal,Nadia,0
SPEC_42476,"Community Health Centre, Ibrahimpatnam",17.196175,78.648199,Community Health Center,2,Telangana,Rangareddy District,0
SPEC_42507,District Male Hospital Faizabad,26.7789,82.14074,District Hospital,8,Uttar Pradesh,Faizabad,0
SPEC_42527,Mudhur,13.150902,79.684364,Community Health Center,2,Tamil Nadu,Vellore,0
SPEC_42571,"Rural Hospital, Deogaon Rangari",20.036106,75.033558,Community Health Center,2,Maharashtra,Aurangabad,0
SPEC_42603,AGALPUR,21.10118,83.53545,Community Health Center,2,Odisha,Bargarh,0
SPEC_42627,CHC SOPORE,34.286323,74.46486,Community Health Center,2,Jammu & Kashmir,Baramula,0
SPEC_42644,RH Goregaon,21.28682,80.256526,Community Health Center,2,Maharashtra,Gondiya *,0
SPEC_42712,BHADRAK DHH,21.06445,86.50208,District Hospital,8,Odisha,Bhadrak,0
SPEC_42718,Goghat BPHC,22.887417,87.713583,Community Health Center,2,West Bengal,Hooghly,0
SPEC_42728,CHC Karanprayag,30.155795,79.129701,Community Health Center,2,Uttarakhand,Chamoli,0
SPEC_42747,Pulwama,33.877068,74.90169,District Hospital,8,Jammu & Kashmir,Pulwama,0
SPEC_42761,DEVARAM,9.8911,77.2847,Community Health Center,2,Tamil Nadu,Theni,0
SPEC_42797,ESI Basaidarapur Hospital,28.66,77.14,District Hospital,8,Delhi,West,0
SPEC_42808,GUDARI,19.34425,83.78601,Community Health Center,2,Odisha,Rayagada,0
SPEC_42835,CHC R.S.Pura,32.78684,74.54418,Community Health Center,2,Jammu & Kashmir,JAMMU,0
SPEC_42896,Malarna Dungar,26.01876,76.37629,Community Health Center,2,Rajasthan,Sawai Madhopur,0
SPEC_42917,Indus BPHC,23.152967,87.62045,Community Health Center,2,West Bengal,Bankura,0
SPEC_42970,"Mahatma Gandhi Model Hospital , Makhibaha",26.44535,91.259383,Community Health Center,2,Assam,Nalbari,0
SPEC_43001,CHC Sukhtawa,22.405677,77.836343,Community Health Center,2,Madhya Pradesh,Hoshangabad,0
SPEC_43065,SDH Jagdishpur,25.468313,84.422519,Sub-District Hospital,3,Bihar,Bhojpur,0
SPEC_43071,Babhanjot,27.074631,82.444145,Community Health Center,2,Uttar Pradesh,Gonda,0
SPEC_43118,SAIDAPET,13.02236,80.219498,Sub-District Hospital,3,Tamil Nadu,Kancheepuram,0
SPEC_43149,SDH Mahua,25.49613,85.23095,Sub-District Hospital,3,Bihar,Vaishali,0
SPEC_43188,CHC Chamkaur Sahib,30.895272,76.409279,Community Health Center,2,Punjab,Rupnagar,0
SPEC_43191,KOSTHA,21.97394,86.91135,Community Health Center,2,Odisha,Mayurbhanj,0
SPEC_43260,Community Health Center Medchal,17.639725,78.473985,Community Health Center,2,Telangana,Rangareddy District,0
SPEC_43373,Liliya,21.538169,71.360142,Community Health Center,2,Gujarat,AMRELI,0
SPEC_43481,NOTIONAL Neemrana,27.974521,76.392667,Community Health Center,2,Rajasthan,Alwar,0
SPEC_43488,Lasadia,24.257906,74.240733,Community Health Center,2,Rajasthan,Udaipur,0
SPEC_43542,Govt. General Hospital,10.9288,79.8384,District Hospital,8,Puducherry,Karaikal,0
SPEC_43544,Chitrakonda,18.11,82.11,Community Health Center,2,Odisha,Malkangiri,0
SPEC_43554,TARUN,26.543632,82.234137,Community Health Center,2,Uttar Pradesh,Faizabad,0
SPEC_43598,Noapara BPHC,23.596267,88.181583,Community Health Center,2,West Bengal,Bardhaman,0
SPEC_43625,Niloufer Hospital,17.398649,78.461058,Medical Colleges Hospital,20,Telangana,Hyderabad District,0
SPEC_43629,NOTIONAL Rol,27.15678,73.922523,Community Health Center,2,Rajasthan,Nagaur,0
SPEC_43674,RH Tasgaon,17.029525,74.607834,Community Health Center,2,Maharashtra,Sangli,0
SPEC_43729,SARUKHETRI CHC,26.365433,91.22165,Community Health Center,2,Assam,Barpeta,0
SPEC_43743,CHC Bagicha,23.014587,83.652703,Community Health Center,2,Chhattisgarh,Jashpur,0
SPEC_43768,Mt Abu,24.592992,72.708669,Community Health Center,2,Rajasthan,Sirohi,0
SPEC_43798,Ashokbari BPHC,26.37535,89.10215,Community Health Center,2,West Bengal,Cooch Behar,0
SPEC_43879,Mahendraganj CHC,25.299,89.853,Community Health Center,2,Meghalaya,South West Garo Hills,0
SPEC_43889,HUNGUND TH,16.0668,76.0597,Sub-District Hospital,3,Karnataka,Bagalkot,0
SPEC_43919,CHC Karhal,26.998515,78.941187,Community Health Center,2,Uttar Pradesh,Mainpuri,0
SPEC_43956,Allahganj,27.542612,79.688433,Community Health Center,2,Uttar Pradesh,Shahjahanpur,0
SPEC_43958,SDH Pusad,19.91332,77.56897,Sub-District Hospital,3,Maharashtra,Yavatmal,0
SPEC_44050,PUTHANATHAM  CHC Gr I,10.466273,78.366732,Community Health Center,2,Tamil Nadu,Tiruchirappalli,0
SPEC_44078,Sankara,26.737758,71.590199,Community Health Center,2,Rajasthan,Jaisalmer,0
SPEC_44082,Panisagar CHC,24.01602,92.009273,Community Health Center,2,Tripura,North District,0
SPEC_44126,Siddapura CHC,12.2966,75.8746,Community Health Center,2,Karnataka,Kodagu,0
SPEC_44151,Thoranagallu CHC,15.1971,76.6761,Community Health Center,2,Karnataka,Bellary,0
SPEC_44199,Gangadharbar BPHC,21.8921,87.6408,Community Health Center,2,West Bengal,Purba Medinipur,0
SPEC_44255,CHC Sondwa,22.116183,74.373995,Community Health Center,2,Madhya Pradesh,Alirajpur,0
SPEC_44285,B.D.Pandey Female Hospital Nainital,29.393113,79.457739,District Hospital,8,Uttarakhand,Nainital,0
SPEC_44341,RABANAGUDA,18.95742,82.55618,Community Health Center,2,Odisha,Koraput,0
SPEC_44397,Thoppur,11.9402,78.0552,Community Health Center,2,Tamil Nadu,Dharmapuri,0
SPEC_44515,SDH Jagraon,30.811216,75.477995,Sub-District Hospital,3,Punjab,Ludhiana,0
SPEC_44517,Karandighi Rural Hospital,25.81,87.91,Community Health Center,2,West Bengal,Uttar Dinajpur,0
SPEC_44549,Jafarabad,20.866036,71.366012,Community Health Center,2,Gujarat,AMRELI,0
SPEC_44558,Bhimtal CHC,29.33469,79.55815,Community Health Center,2,Uttarakhand,Nainital,0
SPEC_44580,RH DATTAWAD,16.592431,74.583419,Community Health Center,2,Maharashtra,Kolhapur,0
SPEC_44633,SDH Pandharpur,17.685719,75.333201,Sub-District Hospital,3,Maharashtra,Solapur,0
SPEC_44677,LAKSHMIPUR,18.98539,83.11515,Community Health Center,2,Odisha,Koraput,0
SPEC_44683,CHC ARKI,23.001031,85.53181,Community Health Center,2,Jharkhand,KHUNTI,0
SPEC_44688,Harirampur Rural Hospital,25.374417,88.269583,Community Health Center,2,West Bengal,Dakhshin Dinajpur,0
SPEC_44696,KATWA SUB DIVISIONAL HOSPITAL,23.641679,88.143499,Sub-District Hospital,3,West Bengal,Bardhaman,0
SPEC_44762,Base Hospital Almora,29.355812,79.383186,Sub-District Hospital,3,Uttarakhand,Almora\,0
SPEC_44775,Etmadpur,27.236047,78.184615,Community Health Center,2,Uttar Pradesh,Agra,0
SPEC_44792,Hrishyamukh CHC,23.007075,91.31781,Community Health Center,2,Tripura,South District,0
SPEC_44853,Eguvarpalayam,13.443256,80.065784,Community Health Center,2,Tamil Nadu,Thiruvallur,0
SPEC_45170,CHC Hariana,31.635447,75.841754,Community Health Center,2,Punjab,Hoshiarpur,0
SPEC_45210,NOTIONAL Khatoli,25.671389,76.462287,Community Health Center,2,Rajasthan,Kota,0
SPEC_45293,CHC Charama,20.494276,81.36887,Community Health Center,2,Chhattisgarh,Kanker,0
SPEC_45297,Kadegaon,17.296361,74.331524,Community Health Center,2,Maharashtra,Sangli,0
SPEC_45311,CHC JAGANNATHPUR,22.218878,85.640481,Community Health Center,2,Jharkhand,PASHCHIMI SINGHBHUM,0
SPEC_45338,Matherdighi Rural Hospital,22.376533,88.746933,Community Health Center,2,West Bengal,South 24 Parganas,0
SPEC_45339,Sabla,23.840212,74.175849,Community Health Center,2,Rajasthan,Dungarpur,0
SPEC_45342,KHARIAR,20.29494,82.75804,Community Health Center,2,Odisha,Nuapada,0
SPEC_45355,Almel,17.0902,76.2202,Community Health Center,2,Karnataka,Bijapur,0
SPEC_45382,CH Jivajiganj,23.199886,75.771654,Sub-District Hospital,3,Madhya Pradesh,Ujjain,0
SPEC_45393,Jawan,28.018815,78.110213,Community Health Center,2,Uttar Pradesh,Aligarh,0
SPEC_45449,CHC TAMAR,23.050437,85.655047,Community Health Center,2,Jharkhand,RANCHI,0
SPEC_45514,Samod,27.206685,75.795284,Community Health Center,2,Rajasthan,Jaipur,0
SPEC_45538,CHC pisawan,27.587805,80.399813,Community Health Center,2,Uttar Pradesh,Sitapur,0
SPEC_45687,CHC MAJHIAON,24.32377,83.816212,Community Health Center,2,Jharkhand,GARHWA,0
SPEC_45726,CHC KOTHI,24.7516,80.7782,Community Health Center,2,Madhya Pradesh,Satna,0
SPEC_45742,Changrabandha BPHC,26.4177,88.9192,Community Health Center,2,West Bengal,Cooch Behar,0
SPEC_45744,CHC Birsa,22.010119,80.736686,Community Health Center,2,Madhya Pradesh,Balaghat,0
SPEC_45787,Ghumka,21.289266,81.09839,Community Health Center,2,Chhattisgarh,Rajnandgaon,0
SPEC_45880,Girisagara CHC,16.3537,75.7045,Community Health Center,2,Karnataka,Bagalkot,0
SPEC_45938,CH Pandhurna,21.593362,78.524067,Sub-District Hospital,3,Madhya Pradesh,Chhindwara,0
SPEC_46074,Combined Hospital Srinagar,30.132216,78.470372,Sub-District Hospital,3,Uttarakhand,Garhwal,0
SPEC_46087,CHC Badagaon,24.572877,79.017504,Community Health Center,2,Madhya Pradesh,Tikamgarh,0
SPEC_46104,Nokha,27.5561,73.47228,Community Health Center,2,Rajasthan,Bikaner,0
SPEC_46122,Riyan Badi,26.540082,74.239902,Community Health Center,2,Rajasthan,Nagaur,0
SPEC_46196,"Satellite Hospital Adarsh Nagar, Ajmer",26.434341,74.672246,District Hospital,8,Rajasthan,Ajmer,0
SPEC_46208,Rural Hospital Koregaon,17.6969,74.1596,Community Health Center,2,Maharashtra,Satara,0
SPEC_46331,CHC gaura,25.443994,82.62461,Community Health Center,2,Uttar Pradesh,Pratapgarh,0
SPEC_46368,NOTIONAL Bhanupur Klan,27.094654,76.290631,Community Health Center,2,Rajasthan,Jaipur,0
SPEC_46380,Rabakavi Banahatti CHC,16.4779,75.1239,Community Health Center,2,Karnataka,Bagalkot,0
SPEC_46430,CHC Geku,28.25516,95.05214,Community Health Center,2,Arunachal Pradesh,Upper Siang Dist.,0
SPEC_46463,BIRKERA,22.12169,84.79996,Community Health Center,2,Odisha,Sundargarh,0
SPEC_46479,Melpallipattu,12.269391,78.743647,Community Health Center,2,Tamil Nadu,Tiruvannamalai,0
SPEC_46514,CHC Chakghat,25.043011,81.72107,Community Health Center,2,Madhya Pradesh,Rewa,0
SPEC_46528,Murukkangudi,10.951,79.4503,Community Health Center,2,Tamil Nadu,Thanjavur,0
SPEC_46631,Balarangapuram MCH,9.963749,78.150877,Medical Colleges Hospital,20,Tamil Nadu,Madurai,0
SPEC_46632,Adanakkottai,10.519982,78.955319,Community Health Center,2,Tamil Nadu,Pudukkottai,0
SPEC_46683,CHC Burhar,23.191961,81.570611,Community Health Center,2,Madhya Pradesh,Shahdol,0
SPEC_46702,CHC Naushehra Majja Singh,31.900672,75.284092,Community Health Center,2,Punjab,Gurdaspur,0
SPEC_46748,TIKABALI,20.24016,84.3507,Community Health Center,2,Odisha,Kandhamal,0
SPEC_46749,Bhudwar,26.262124,84.113481,Community Health Center,2,Uttar Pradesh,Deoria,0
SPEC_46757,Rattihalli CHC,14.4222,75.5063,Community Health Center,2,Karnataka,Haveri,0
SPEC_46767,CHC Nangoor,18.943224,82.043629,Community Health Center,2,Chhattisgarh,Bastar,0
SPEC_46777,SDH Mul,20.06528,79.67543,Sub-District Hospital,3,Maharashtra,Chandrapur,0
SPEC_46807,Mannavanur,10.2279,77.3511,Community Health Center,2,Tamil Nadu,Dindigul,0
SPEC_46814,Haringhata RH,22.946033,88.541967,Community Health Center,2,West Bengal,Nadia,0
SPEC_46827,Chunawadh,29.082107,73.727328,Community Health Center,2,Rajasthan,Ganganagar,0
SPEC_46946,Jamtara BPHC,23.435867,87.596833,Community Health Center,2,West Bengal,Bardhaman,0
SPEC_46949,Moratagi,17.0051,76.4172,Community Health Center,2,Karnataka,Bijapur,0
SPEC_46979,WH Neknoor,18.806716,75.780753,Women Hospital,3,Maharashtra,Beed,0
SPEC_47028,CHC Lambhua,26.140388,82.225345,Community Health Center,2,Uttar Pradesh,Sultanpur,0
SPEC_47113,CHC Hanumana,24.7754,82.09246,Community Health Center,2,Madhya Pradesh,Rewa,0
SPEC_47163,HAVERI DH,14.7862,75.4028,District Hospital,8,Karnataka,Haveri,0
SPEC_47184,Sub Divisional Hospital Hilsa Nalanda,25.31577,85.27458,Sub-District Hospital,3,Bihar,Nalanda,0
SPEC_47230,MANDYA DH,12.5252,76.9001,District Hospital,8,Karnataka,Mandya,0
SPEC_47273,Periyapattinam,9.2693,78.9028,Community Health Center,2,Tamil Nadu,Ramanathapuram,0
SPEC_47275,CH Sendhwa,21.686356,75.090098,Sub-District Hospital,3,Madhya Pradesh,Barwani,0
SPEC_47282,Gujiliamparai,10.6852,78.1152,Community Health Center,2,Tamil Nadu,Dindigul,0
SPEC_47349,CHC MANNEKHALLI,17.7296,77.3639,Community Health Center,2,Karnataka,Bidar,0
SPEC_47384,"Regional Eye Hospital,Warangal",18.003356,79.579881,Medical Colleges Hospital,20,Telangana,Warangal District,0
SPEC_47410,Shahpura,27.389626,75.959708,Community Health Center,2,Rajasthan,Jaipur,0
SPEC_47444,Khoribari RH,26.55562,88.19145,Community Health Center,2,West Bengal,Darjiling,0
SPEC_47479,CH Chandameta,22.187647,78.728459,Sub-District Hospital,3,Madhya Pradesh,Chhindwara,0
SPEC_47507,CHC Chinhat,26.862133,81.038403,Community Health Center,2,Uttar Pradesh,Lucknow,0
SPEC_47547,Govt Hospital Sojat,25.924687,73.66691,Sub-District Hospital,3,Rajasthan,Pali,0
SPEC_47565,(FRU) PAVAGADA TALUK HOSPITAL,14.1027,77.2846,Sub-District Hospital,3,Karnataka,Tumkur,0
SPEC_47581,Tamkuhi,26.693043,84.183075,Community Health Center,2,Uttar Pradesh,Kushinagar,0
SPEC_47643,Jaisinghpura Khor,27.505444,76.108075,Community Health Center,2,Rajasthan,Jaipur,0
SPEC_47702,Jurhera,27.215605,77.490144,Community Health Center,2,Rajasthan,Bharatpur,0
SPEC_47749,MOHANA,19.43977,84.26071,Community Health Center,2,Odisha,Gajapati,0
SPEC_47761,RH Dangsaundane,20.3747,74.0222,Community Health Center,2,Maharashtra,Nashik,0
SPEC_47790,Distict Hospital South Goa,15.279731,73.96053,District Hospital,8,Goa,SOUTH GOA,0
SPEC_47826,CHC-Sirathu,25.64723,81.31785,Community Health Center,2,Uttar Pradesh,Kaushambi,0
SPEC_47849,SUBARNAGIRI,19.83027,83.86006,Community Health Center,2,Odisha,Kandhamal,0
SPEC_47856,SINAPALI,20.096827,82.642826,Community Health Center,2,Odisha,Nuapada,0
SPEC_47897,RH Mandrup,17.4948,75.8214,Community Health Center,2,Maharashtra,Solapur,0
SPEC_47977,CHC Bada Malhera,24.564121,79.30712,Community Health Center,2,Madhya Pradesh,Chhatarpur,0
SPEC_47993,Bagdah Rural Hospital (CHC),23.20825,88.89015,Community Health Center,2,West Bengal,North 24 Parganas,0
SPEC_48032,CHC Nowgong,25.061302,79.44802,Community Health Center,2,Madhya Pradesh,Chhatarpur,0
SPEC_48080,Rural Hospital Aundh,17.5402,74.3306,Community Health Center,2,Maharashtra,Satara,0
SPEC_48096,"Community Health Centre, Gudur",14.146319,79.850389,Community Health Center,2,Telangana,Warangal District,0
SPEC_48171,Kampur FRU,26.166983,92.65355,Community Health Center,2,Assam,Nagaon,0
SPEC_48194,Sadar Hospital,26.226577,84.363578,District Hospital,8,Bihar,Siwan,0
SPEC_48253,CHC LORMI,22.27204,81.699955,Community Health Center,2,Chhattisgarh,MUNGELI,0
SPEC_48332,CHC Mall,27.021572,80.741676,Community Health Center,2,Uttar Pradesh,Lucknow,0
SPEC_48334,Kadur CHC,13.5537,76.0142,Community Health Center,2,Karnataka,Chikmagalur,0
SPEC_48427,SDH Mukerian,31.950132,75.613381,Sub-District Hospital,3,Punjab,Hoshiarpur,0
SPEC_48441,CHC Morinda,30.785378,76.500339,Community Health Center,2,Punjab,Rupnagar,0
SPEC_48455,SDH Omerga,18.57,76.01,Sub-District Hospital,3,Maharashtra,Osmanabad,0
SPEC_48520,Dhami CHC,31.182184,77.031639,Community Health Center,2,Himachal Pradesh,Shimla,0
SPEC_48703,Naiyarat Rural Hospital,22.133767,88.338753,Community Health Center,2,West Bengal,South 24 Parganas,0
SPEC_48773,RH Kalameswar,21.235622,78.917542,Community Health Center,2,Maharashtra,Nagpur,0
SPEC_48775,DHARAKOTE,19.64226,84.57381,Community Health Center,2,Odisha,Ganjam,0
SPEC_48856,Thanabhawan,29.590389,77.422434,Community Health Center,2,Uttar Pradesh,Shamli,0
SPEC_48987,CHC Mau,26.262015,78.671336,Community Health Center,2,Madhya Pradesh,Bhind,0
SPEC_48988,Bheetergaon CHC,26.212627,80.277022,Community Health Center,2,Uttar Pradesh,Kanpur Nagar,0
SPEC_49032,Kelansar,27.341974,72.945657,Community Health Center,2,Rajasthan,Jodhpur,0
SPEC_49059,Community Health Center Marpally,17.54033,77.766665,Community Health Center,2,Telangana,Rangareddy District,0
SPEC_49100,Akkur,11.1015,79.7854,Community Health Center,2,Tamil Nadu,Nagapattinam,0
SPEC_49108,Polyclinic Fatehabad,29.7049,75.9077,Sub-District Hospital,3,Haryana,Fatehabad,0
SPEC_49243,CHC Nisarpur,22.115673,74.832636,Community Health Center,2,Madhya Pradesh,Dhar,0
SPEC_49265,RH PANHALA,16.810289,74.107053,Community Health Center,2,Maharashtra,Kolhapur,0
SPEC_49290,Jawaja,26.069325,74.306722,Community Health Center,2,Rajasthan,Ajmer,0
SPEC_49332,"Sub-District Hospital, Hinganghat",20.542793,78.831024,Sub-District Hospital,3,Maharashtra,Wardha,0
SPEC_49353,BANTVAL TALUKA HOSPITAL,12.8941,75.0416,Sub-District Hospital,3,Karnataka,Dakshina Kannada,0
SPEC_49421,Kumarghat Rural Hospital,24.009799,92.002408,Community Health Center,2,Tripura,Unakoti District,0
SPEC_49432,R.H.Kamargaon,20.615935,77.501743,Community Health Center,2,Maharashtra,Washim *,0
SPEC_49443,CHC Mehal Kalan,30.532091,75.567179,Community Health Center,2,Punjab,Barnala,0
SPEC_49457,KERAKAT,25.642758,82.917078,Community Health Center,2,Uttar Pradesh,Jaunpur,0
SPEC_49489,CHC Dera Baba Nanak,32.033826,75.028178,Community Health Center,2,Punjab,Gurdaspur,0
SPEC_49493,Khejurberia BPHC,22.195633,87.92905,Community Health Center,2,West Bengal,Purba Medinipur,0
SPEC_49499,Chokpot CHC,25.322917,90.420848,Community Health Center,2,Meghalaya,South Garo Hills,0
SPEC_49528,CHC VALPOI,15.4833,73.8333,Community Health Center,2,Goa,NORTH GOA,0
SPEC_49614,Lakhawati,28.512096,77.965863,Community Health Center,2,Uttar Pradesh,Bulandshahar,0
SPEC_49657,NAMAGIRIPETTAI,11.4566,78.265,Community Health Center,2,Tamil Nadu,Namakkal,0
SPEC_49750,CHC Narwar,25.648786,77.911032,Community Health Center,2,Madhya Pradesh,Shivpuri,0
SPEC_49811,CHC PALI,22.37793,82.320875,Community Health Center,2,Chhattisgarh,Korba,0
SPEC_49841,Bhuvanagiri,11.4413,79.6448,Sub-District Hospital,3,Tamil Nadu,Cuddalore,0
SPEC_49863,R.H. Taharabad,20.78071,74.14564,Community Health Center,2,Maharashtra,Ahmadnagar,0
SPEC_49923,Marhera,27.737746,78.570244,Community Health Center,2,Uttar Pradesh,Etah,0
SPEC_49943,CHC UNCHAHAR,25.895845,81.297195,Community Health Center,2,Uttar Pradesh,Rae Bareli,0
SPEC_49977,HATIGARH,21.87108,87.22493,Community Health Center,2,Odisha,Baleshwar,0
SPEC_49995,Dhauladevi,29.498025,79.95353,Community Health Center,2,Uttarakhand,Almora\,0
SPEC_50026,RH Raver,21.361772,75.901537,Community Health Center,2,Maharashtra,Jalgaon,0
SPEC_50058,Eriyur,12.0073,77.8019,Community Health Center,2,Tamil Nadu,Dharmapuri,0
SPEC_50072,Hariharpur BPHC,22.391983,88.431283,Community Health Center,2,West Bengal,South 24 Parganas,0
SPEC_50081,Vadiya,21.688043,70.81364,Community Health Center,2,Gujarat,AMRELI,0
SPEC_50125,CHC Nelasnar,18.97767,81.141765,Community Health Center,2,Chhattisgarh,Bijapur,0
SPEC_50141,Khetri CHC,26.105667,92.090317,Community Health Center,2,Assam,Kamrup Metropolitan,0
SPEC_50142,FASIMAL,21.60196,84.28288,Community Health Center,2,Odisha,Sambalpur,0
SPEC_50177,Rural Hospital Khandala,18.0551,74.017,Community Health Center,2,Maharashtra,Satara,0
SPEC_50204,Kugalur,11.4821,77.4954,Community Health Center,2,Tamil Nadu,Erode,0
SPEC_50248,Pt. Deendayal Upadyaya District Hospital Bijnor Fe,29.370043,78.130062,District Hospital,8,Uttar Pradesh,Bijnor,0
SPEC_50291,CHC Jatau,27.242313,78.418465,Community Health Center,2,Uttar Pradesh,Firozabad,0
SPEC_50324,Rehra,28.531545,78.310763,Community Health Center,2,Uttar Pradesh,Jyotiba Phule Nagar,0
SPEC_50392,RH Sadak Arjuni,21.09235,80.27252,Community Health Center,2,Maharashtra,Gondiya *,0
SPEC_50424,Mavli,24.83262,74.08313,Community Health Center,2,Rajasthan,Udaipur,0
SPEC_50445,MOODABIDRI,13.0673,74.9948,Community Health Center,2,Karnataka,Dakshina Kannada,0
SPEC_50493,Singavanam,10.104926,79.172548,Community Health Center,2,Tamil Nadu,Pudukkottai,0
SPEC_50613,VASUDEVANALLUR,9.236659,77.412685,Community Health Center,2,Tamil Nadu,Tirunelveli,0
SPEC_50637,"District Hospital, Gomati",23.55438,91.45554,District Hospital,8,Tripura,Gomati District,0
SPEC_50755,RH Rajapur,16.655374,73.521398,Community Health Center,2,Maharashtra,Ratnagiri,0
SPEC_50781,Bilariya Ganj,26.189888,83.227338,Community Health Center,2,Uttar Pradesh,Azamgarh,0
SPEC_50798,Nakrakonda RH,23.804983,87.262717,Community Health Center,2,West Bengal,Birbhum,0
SPEC_50990,Sub-District Hospital Georai,19.260581,75.754592,Sub-District Hospital,3,Maharashtra,Beed,0
SPEC_51032,Ariyapalayam,11.615387,78.471994,Community Health Center,2,Tamil Nadu,Salem,0
SPEC_51099,R H Dhad,20.39575,76.000521,Community Health Center,2,Maharashtra,Buldana,0
SPEC_51135,CHC Pahadi,23.70962,80.38342,Community Health Center,2,Madhya Pradesh,Katni,0
SPEC_51150,PHC CHITTAR,9.331058,76.922221,Community Health Center,2,Kerala,Pathanamthitta,0
SPEC_51210,"Community Health Centre, Paloncha",17.607241,80.719707,Community Health Center,2,Telangana,Khammam District,0
SPEC_51333,DH Agar,23.7103,76.0102,District Hospital,8,Madhya Pradesh,Agar Malwa,0
SPEC_51339,CHC Jasra,25.28316,81.787292,Community Health Center,2,Uttar Pradesh,Allahabad,0
SPEC_51347,Pukhrayan,26.224211,79.540778,Community Health Center,2,Uttar Pradesh,Kanpur Dehat,0
SPEC_51354,Katvara,22.778503,74.339685,Community Health Center,2,Gujarat,DAHOD,0
SPEC_51489,DH Tawang,27.35343,91.51894,District Hospital,8,Arunachal Pradesh,TAWANG DISTRICT,0
SPEC_51511,PHC Niwari,24.107225,77.236725,Community Health Center,2,Madhya Pradesh,Tikamgarh,0
SPEC_51529,Parbatsar,26.87532,74.78038,Community Health Center,2,Rajasthan,Nagaur,0
SPEC_51577,AMBARI BAZAR MODEL HOSPITAL,26.102135,90.394539,Community Health Center,2,Assam,Goalpara,0
SPEC_51592,CHC Arjunda,20.944112,81.289393,Community Health Center,2,Chhattisgarh,BALOD,0
SPEC_51635,Moulpur RH,25.150639,88.819946,Community Health Center,2,West Bengal,Maldah,0
SPEC_51636,District Hospital Tandur,17.257788,77.587673,District Hospital,8,Telangana,Rangareddy District,0
SPEC_51673,Gyalshing District Hospital,27.297,88.256,District Hospital,8,Sikkim,West,0
SPEC_51688,CHC Bariwala,30.527257,74.661396,Community Health Center,2,Punjab,Muktsar,0
SPEC_51712,CHC Odgi,23.22,82.85,Community Health Center,2,Chhattisgarh,SURAJPUR,0
SPEC_51772,CHC Tyonda,23.805752,78.194916,Community Health Center,2,Madhya Pradesh,Vidisha,0
SPEC_51819,CHC Gunnor,24.462727,80.249671,Community Health Center,2,Madhya Pradesh,Panna,0
SPEC_51829,RH Babhalgaon,18.688344,76.647047,Community Health Center,2,Maharashtra,Latur,0
SPEC_51850,CHC GOMIA,23.801167,85.82387,Community Health Center,2,Jharkhand,BOKARO,0
SPEC_51876,Fatehpur Sikri,27.093781,77.66741,Community Health Center,2,Uttar Pradesh,Agra,0
SPEC_51880,women Hospital  Neknoor,18.806716,75.780753,Women Hospital,3,Maharashtra,Beed,0
SPEC_51910,Karaiyur,10.370249,78.603799,Community Health Center,2,Tamil Nadu,Pudukkottai,0
SPEC_52022,Khemli,24.68333,74.13333,Community Health Center,2,Rajasthan,Udaipur,0
SPEC_52032,R.H. Rahuri,19.392184,74.649834,Community Health Center,2,Maharashtra,Ahmadnagar,0
SPEC_52037,Wangoi CHC,24.674106,93.903692,Community Health Center,2,Manipur,IMPHAL WEST,0
SPEC_52123,Tundla,27.225885,78.245931,Community Health Center,2,Uttar Pradesh,Firozabad,0
SPEC_52138,CHC Khalwa,21.80008,76.73861,Community Health Center,2,Madhya Pradesh,East Nimar (Khandwa),0
SPEC_52335,RH Ashta,17.1,73.43,Community Health Center,2,Maharashtra,Sangli,0
SPEC_52342,Vazhur,12.528438,79.655951,Community Health Center,2,Tamil Nadu,Tiruvannamalai,0
SPEC_52366,CHC PAKURIYA,24.33,87.64,Community Health Center,2,Jharkhand,PAKAUR,0
SPEC_52376,Sheo,26.188923,71.244262,Community Health Center,2,Rajasthan,Barmer,0
SPEC_52437,Basmath,19.325359,77.157167,Sub-District Hospital,3,Maharashtra,Hingoli *,0
SPEC_52450,Chikhali - T,20.759819,73.060864,Community Health Center,2,Gujarat,NAVSARI,0
SPEC_52487,DISTRICT HOSPITAL GARHWA,24.159325,83.808038,District Hospital,8,Jharkhand,GARHWA,0
SPEC_52495,REMUNA,21.52277,86.88712,Community Health Center,2,Odisha,Baleshwar,0
SPEC_52504,Dhanyakuria BPHC,22.692006,88.75652,Community Health Center,2,West Bengal,North 24 Parganas,0
SPEC_52525,DUDHNOI FRU,25.98195,90.78865,Community Health Center,2,Assam,Goalpara,0
SPEC_52628,Bidasar,27.831183,74.318476,Community Health Center,2,Rajasthan,Churu,0
SPEC_52667,Sainthia RH,23.948067,87.6837,Community Health Center,2,West Bengal,Birbhum,0
SPEC_52698,KOSAGUMUDA,19.27443,82.24438,Community Health Center,2,Odisha,Nabarangapur,0
SPEC_52716,Bhangdarej,26.8819,76.42685,Community Health Center,2,Rajasthan,Dausa,0
SPEC_52822,Maskanwa,27.00333,82.351703,Community Health Center,2,Uttar Pradesh,Gonda,0
SPEC_52838,NOTIONAL Salasar,27.725475,74.724004,Community Health Center,2,Rajasthan,Churu,0
SPEC_52853,R H ADYAL,20.941469,79.701927,Community Health Center,2,Maharashtra,Bhandara,0
SPEC_52920,Riangdo CHC,25.67,91.07,Community Health Center,2,Meghalaya,West Khasi Hills,0
SPEC_53017,CHC Panwari,25.429996,79.473834,Community Health Center,2,Uttar Pradesh,Mahoba,0
SPEC_53089,KANTABANJI,20.46972,82.91973,Community Health Center,2,Odisha,Balangir,0
SPEC_53104,AMMAPALAYAM,11.2136,78.7443,Community Health Center,2,Tamil Nadu,Perambalur,0
SPEC_53231,R H Churni,21.410324,77.282081,Community Health Center,2,Maharashtra,Amravati,0
SPEC_53251,Bengenagarah CHC,27.350217,94.54335,Community Health Center,2,Assam,Dhemaji,0
SPEC_53260,Agasteeswaram,8.0976,77.5212,Community Health Center,2,Tamil Nadu,Kanniyakumari,0
SPEC_53338,NISCHAINTAKOILI,20.47851,86.17989,Community Health Center,2,Odisha,Cuttack,0
SPEC_53342,Puduvayal,10.100542,78.846758,Community Health Center,2,Tamil Nadu,Sivaganga,0
SPEC_53470,RH Saoli,20.07907,79.78769,Community Health Center,2,Maharashtra,Chandrapur,0
SPEC_53489,Kalagi CHC,16.3135,76.0112,Community Health Center,2,Karnataka,Bijapur,0
SPEC_53498,BADASAHI,21.72756,86.74467,Community Health Center,2,Odisha,Mayurbhanj,0
SPEC_53538,Kiliyanur,12.107909,79.744884,Community Health Center,2,Tamil Nadu,Viluppuram,0
SPEC_53554,CHC Old Ziro,27.35656,93.496,Community Health Center,2,Arunachal Pradesh,Lower Subansiri District,0
SPEC_53617,CHC Mohkhed,21.889537,78.828184,Community Health Center,2,Madhya Pradesh,Chhindwara,0
SPEC_53624,Deogaon,25.9748,75.152943,Community Health Center,2,Rajasthan,Ajmer,0
SPEC_53646,CHC Dawar,34.634022,74.830072,Community Health Center,2,Jammu & Kashmir,Bandipore,0
SPEC_53647,Khinwsar,26.9297,73.76635,Community Health Center,2,Rajasthan,Nagaur,0
SPEC_53708,A and U Tibbia College,28.65703,77.195284,District Hospital,8,Delhi,Central,0
SPEC_53711,Sub-District Hospital  Gangapur,19.697425,75.009166,Sub-District Hospital,3,Maharashtra,Aurangabad,0
SPEC_53758,BELLAGUNTHA,19.87751,84.63847,Community Health Center,2,Odisha,Ganjam,0
SPEC_53772,Bokajan CHC,26.019067,93.7623,Community Health Center,2,Assam,Karbi Anglong,0
SPEC_53788,Lala CHC,24.55525,92.604017,Community Health Center,2,Assam,Hailakandi,0
SPEC_53799,Gosanimari RH,26.139167,89.360267,Community Health Center,2,West Bengal,Cooch Behar,0
SPEC_53817,CHC Shahpur,22.192404,77.903867,Community Health Center,2,Madhya Pradesh,Betul,0
SPEC_53892,RH Sakri,21.08715,74.3601,Community Health Center,2,Maharashtra,Dhule,0
SPEC_53894,Dhaniakhali RH,22.965583,88.091883,Community Health Center,2,West Bengal,Hooghly,0
SPEC_53977,Belonia Sub-divisional Hospital,23.0151,91.027454,Sub-District Hospital,3,Tripura,South District,0
SPEC_53982,GH Pithapuram,17.11243,82.2529,Community Health Center,2,Andhra Pradesh,East Godavari District,0
SPEC_54031,CHC Gogawa,21.911529,75.741023,Community Health Center,2,Madhya Pradesh,West Nimar (Khargone),0
SPEC_54041,CHC Bhagwanpur,30.156864,78.059272,Community Health Center,2,Uttarakhand,Haridwar,0
SPEC_54096,CHC Mandideep,23.098703,77.505002,Community Health Center,2,Madhya Pradesh,Raisen,0
SPEC_54112,S.N.R,13.129261,78.136496,District Hospital,8,Karnataka,Kolar,0
SPEC_54138,CHC Kotma,23.207514,81.980753,Community Health Center,2,Madhya Pradesh,Anuppur,0
SPEC_54200,CHC KOTA,13.5286,74.7024,Community Health Center,2,Karnataka,Udupi,0
SPEC_54222,Paraspur,27.033772,81.786843,Community Health Center,2,Uttar Pradesh,Gonda,0
SPEC_54231,KHORDA,20.187754,85.607561,District Hospital,8,Odisha,Khordha,0
SPEC_54296,Thalaivasal,11.584404,78.749038,Community Health Center,2,Tamil Nadu,Salem,0
SPEC_54320,District Male Hospital Mainpuri,27.2333,79.0167,District Hospital,8,Uttar Pradesh,Mainpuri,0
SPEC_54328,N.R Pura CHC,13.6097,75.5103,Community Health Center,2,Karnataka,Chikmagalur,0
SPEC_54346,KUTRA,22.23306,84.45321,Community Health Center,2,Odisha,Sundargarh,0
SPEC_54367,CHC CHAINPUR,23.132986,84.239734,Community Health Center,2,Jharkhand,GUMLA,0
SPEC_54498,Galiyakot,23.534383,74.01927,Community Health Center,2,Rajasthan,Dungarpur,0
SPEC_54521,Baru,27.364691,71.88381,Community Health Center,2,Rajasthan,Jodhpur,0
SPEC_54524,Basantpur,27.200723,82.923447,Community Health Center,2,Uttar Pradesh,Siddharthnagar,0
SPEC_54534,RH Malwan,16.060553,73.463667,Community Health Center,2,Maharashtra,Sindhudurg,0
SPEC_54567,CHC Ratanpur,27.424563,83.492613,Community Health Center,2,Uttar Pradesh,Mahrajganj,0
SPEC_54586,Amalsad,20.814136,72.955583,Community Health Center,2,Gujarat,NAVSARI,0
SPEC_54598,Agartala Govt Medical College and GBP Hospital,23.051648,91.017531,Medical Colleges Hospital,20,Tripura,West District,0
SPEC_54635,KULIANA,22.06565,86.66416,Community Health Center,2,Odisha,Mayurbhanj,0
SPEC_54658,CHC Churra,20.80996,82.20665,Community Health Center,2,Chhattisgarh,GARIYABANDH,0
SPEC_54667,CHC Dourala,29.11378,77.70278,Community Health Center,2,Uttar Pradesh,Meerut,0
SPEC_54681,SIVGARAH,26.542133,81.245938,Community Health Center,2,Uttar Pradesh,Rae Bareli,0
SPEC_54683,CHC HAZARIBAG SADAR,23.986446,85.369751,Community Health Center,2,Jharkhand,HAZARIBAGH,0
SPEC_54705,District Hospital(NHAK),25.709722,94.290278,District Hospital,8,Nagaland,Kohima,0
SPEC_54719,Naharani CHC,27.25695,95.233267,Community Health Center,2,Assam,Dibrugarh,0
SPEC_54729,Kachirapalayam,11.774304,78.868507,Community Health Center,2,Tamil Nadu,Viluppuram,0
SPEC_54732,CHC Kalomajra,30.522701,76.670128,Community Health Center,2,Punjab,Patiala,0
SPEC_54755,Deep Chand Bandhu Hospital,28.681786,77.178172,District Hospital,8,Delhi,North West,0
SPEC_54773,Sankeshwara CHC,16.2603,74.4836,Community Health Center,2,Karnataka,Belgaum,0
SPEC_54819,Berhampur,20.49142,85.76488,Community Health Center,2,Odisha,Cuttack,0
SPEC_54844,HAMPASAGARA,15.1233,76.0355,Community Health Center,2,Karnataka,Bellary,0
SPEC_54847,CHC Bhunga,31.684811,75.806933,Community Health Center,2,Punjab,Hoshiarpur,0
SPEC_54876,COLONY HOSPITAL GANDHINAGAR,16.713873,74.30506,Sub-District Hospital,3,Maharashtra,Kolhapur,0
SPEC_54914,RH Dhadgaon,21.82,74.19,Community Health Center,2,Maharashtra,Nandurbar,0
SPEC_54941,RH Arjuni Morgaon,20.780511,80.001068,Community Health Center,2,Maharashtra,Gondiya *,0
SPEC_55048,Digboi CHC,27.3957,95.622217,Community Health Center,2,Assam,Tinsukia,0
SPEC_55053,District Women Hospital Jhansi,25.459488,78.577555,District Hospital,8,Uttar Pradesh,Jhansi,0
SPEC_55067,CHC NAGARUNTARI,24.284536,83.501689,Community Health Center,2,Jharkhand,GARHWA,0
SPEC_55084,Sir Ronald Ross Institute of Tropical and Communicable Diseases,17.396127,78.501658,Medical Colleges Hospital,20,Telangana,Hyderabad District,0
SPEC_55135,Kawrthah,23.999277,92.375192,Community Health Center,2,Mizoram,MAMIT,0
SPEC_55223,"CH Manimajra, Chandigarh",30.713567,76.842767,Sub-District Hospital,3,Chandigarh,Chandigarh,0
SPEC_55262,Kilpennathur,12.249798,79.219138,Community Health Center,2,Tamil Nadu,Tiruvannamalai,0
SPEC_55286,MATHILI,18.54,82.2,Community Health Center,2,Odisha,Malkangiri,0
SPEC_55381,BIJATALA,22.20637,86.29404,Community Health Center,2,Odisha,Mayurbhanj,0
SPEC_55416,Laida,21.72669,84.23518,Community Health Center,2,Odisha,Sambalpur,0
SPEC_55430,Kachhola,25.402251,75.126809,Community Health Center,2,Rajasthan,Bhilwara,0
SPEC_55432,R.S.Mangalam,9.639124,78.842431,Community Health Center,2,Tamil Nadu,Ramanathapuram,0
SPEC_55486,Red Cross,19.470791,75.38931,Civil Hospital/General Hospital,5,Haryana,Panipat,0
SPEC_55526,CHC Machara,28.892793,77.890972,Community Health Center,2,Uttar Pradesh,Meerut,0
SPEC_55571,Kerebilachi CHC,14.1495,75.8996,Community Health Center,2,Karnataka,Davanagere,0
SPEC_55619,Tarapur,22.483823,72.661299,Community Health Center,2,Gujarat,ANAND,0
SPEC_55693,Chhan,26.017154,75.71728,Community Health Center,2,Rajasthan,Tonk,0
SPEC_55771,SEMBANUR,9.998247,78.632781,Community Health Center,2,Tamil Nadu,Sivaganga,0
SPEC_55800,CHC Rajpur,23.338,83.4187,Community Health Center,2,Chhattisgarh,BALRAMPUR,0
SPEC_55948,Kelamangalam,12.5988,77.8495,Community Health Center,2,Tamil Nadu,Krishnagiri,0
SPEC_56071,Medavakkam,12.9142,80.1922,Community Health Center,2,Tamil Nadu,Kancheepuram,0
SPEC_56086,Jajod,27.603609,75.501984,Community Health Center,2,Rajasthan,Sikar,0
SPEC_56087,Kattampoondi,12.106094,79.086331,Community Health Center,2,Tamil Nadu,Tiruvannamalai,0
SPEC_56102,Sivagiri,11.1281,77.79,Community Health Center,2,Tamil Nadu,Erode,0
SPEC_56137,Hindolakhal CHC,30.231996,78.604405,Community Health Center,2,Uttarakhand,Tehri Garhwal,0
SPEC_56155,Arisipalayam,11.658018,78.146466,Community Health Center,2,Tamil Nadu,Coimbatore,0
SPEC_56221,SukhiaPokhri BPHC,26.999767,88.1682,Community Health Center,2,West Bengal,Darjiling,0
SPEC_56257,Nazareth Pvt. Hospital,25.571291,91.898387,Civil Hospital/General Hospital,5,Meghalaya,East Khasi Hills,0
SPEC_56284,Duni Model Hospital,26.460733,91.827617,Community Health Center,2,Assam,Darrang,0
SPEC_56303,SULTANIYA JANANA HOSPITAL,23.256151,77.409341,Women Hospital,3,Madhya Pradesh,Bhopal,0
SPEC_56420,CHC RAMGARH,24.56,87.25,Community Health Center,2,Jharkhand,DUMKA,0
SPEC_56422,Patrasayer BPHC,23.026,87.5291,Community Health Center,2,West Bengal,Bankura,0
SPEC_56450,MKCG MCH,19.309521,84.809937,Medical Colleges Hospital,20,Odisha,Ganjam,0
SPEC_56524,DEOMORNOI CHC,26.49768,91.9222,Community Health Center,2,Assam,Darrang,0
SPEC_56576,PAHARSRIGIDA,21.4754,83.7668,Community Health Center,2,Odisha,Bargarh,0
SPEC_56600,CHC Sitamau,24.01,75.35,Community Health Center,2,Madhya Pradesh,Mandsaur,0
SPEC_56630,MUNI,28.100451,77.934514,Community Health Center,2,Uttar Pradesh,Bulandshahar,0
SPEC_56646,HONNALI TH,14.2383,75.6486,Sub-District Hospital,3,Karnataka,Davanagere,0
SPEC_56680,Alathur,10.4919,79.3459,Community Health Center,2,Tamil Nadu,Thanjavur,0
SPEC_56683,Patan,27.797463,75.978254,Community Health Center,2,Rajasthan,Sikar,0
SPEC_56684,CHC Chanderi,24.71283,78.13649,Community Health Center,2,Madhya Pradesh,Ashoknagar,0
SPEC_56688,CHC Phulpur,25.545989,82.07873,Community Health Center,2,Uttar Pradesh,Allahabad,0
SPEC_56802,Area Hospital Siricilla,18.38922,78.801451,Sub-District Hospital,3,Telangana,Karimnagar District,0
SPEC_56875,District Women Hospital Mau,25.943181,83.569081,District Hospital,8,Uttar Pradesh,Mau,0
SPEC_56935,Rarah,27.313431,77.549593,Community Health Center,2,Rajasthan,Bharatpur,0
SPEC_56968,KEM HOSPITAL,19.0005,72.8462,District Hospital,8,Maharashtra,Mumbai,0
SPEC_57051,Uma Shankar Female Hospital,26.5481,80.4846,District Hospital,8,Uttar Pradesh,Unnao,0
SPEC_57106,R H Sindkhed Raja,19.943477,76.107658,Community Health Center,2,Maharashtra,Buldana,0
SPEC_57152,CHC Baberu,25.57129,80.68929,Community Health Center,2,Uttar Pradesh,Banda,0
SPEC_57185,CHC Jhikbijuri,23.455511,81.926079,Community Health Center,2,Madhya Pradesh,Shahdol,0
SPEC_57187,Vaduvoor,10.698156,79.332473,Community Health Center,2,Tamil Nadu,Thiruvarur,0
SPEC_57200,Bhagamunda CHC,21.27373,85.85773,Community Health Center,2,Odisha,Kendujhar,0
SPEC_57345,CHC Khalilabad,26.776459,83.057405,Community Health Center,2,Uttar Pradesh,Sant Kabir Nagar,0
SPEC_57389,FRU CHINTAMANI TALUK HOSPITAL,13.401794,78.054051,Sub-District Hospital,3,Karnataka,Chikkaballapura,0
SPEC_57432,CHC Govindpur,23.834885,86.519566,Community Health Center,2,Jharkhand,DHANBAD,0
SPEC_57434,Tilakwada,21.953116,73.590288,Community Health Center,2,Gujarat,NARMADA,0
SPEC_57435,Anandpuri,23.383465,74.024913,Community Health Center,2,Rajasthan,Banswara,0
SPEC_57450,Samalpatti,12.3078,78.3982,Community Health Center,2,Tamil Nadu,Krishnagiri,0
SPEC_57472,District Hospital Washim,20.111912,77.131259,District Hospital,8,Maharashtra,Washim *,0
SPEC_57514,District Male Hospital hardoi,27.396035,80.134518,District Hospital,8,Uttar Pradesh,Hardoi,0
SPEC_57520,BARAKHAMA,20.24078,83.83644,Community Health Center,2,Odisha,Kandhamal,0
SPEC_57547,Aboi CHC,26.677778,95.221944,Community Health Center,2,Nagaland,Mon,0
SPEC_57558,BIDAR DISTRICT HOSPITAL,17.9183,77.5148,District Hospital,8,Karnataka,Bidar,0
SPEC_57569,Parthipura,23.663051,74.637615,Community Health Center,2,Rajasthan,Pratapgarh,0
SPEC_57574,BELAGURU,13.6295,76.289,Community Health Center,2,Karnataka,Chitradurga,0
SPEC_57598,Goroimari CHC,26.0817,91.25515,Community Health Center,2,Assam,Kamrup,0
SPEC_57616,CHC Pahargarh,26.186999,77.67092,Community Health Center,2,Madhya Pradesh,Morena,0
SPEC_57618,SRS betta,12.638935,77.326797,District Hospital,8,Karnataka,Ramanagara,0
SPEC_57620,KUNJANGA,20.31955,86.52682,Community Health Center,2,Odisha,Jagatsinghapur,0
SPEC_57647,RH Erondol,20.992855,75.33,Community Health Center,2,Maharashtra,Jalgaon,0
SPEC_57675,Silapathar Model Hospital,27.587533,94.718217,Community Health Center,2,Assam,Dhemaji,0
SPEC_57769,Suratganj,27.195109,81.340803,Community Health Center,2,Uttar Pradesh,Barabanki,0
SPEC_57811,Sankhu,28.430193,75.345591,Community Health Center,2,Rajasthan,Churu,0
SPEC_57819,CHC Asafpur,28.394074,78.90795,Community Health Center,2,Uttar Pradesh,Budaun,0
SPEC_57874,SDH Baramati,18.151954,74.57526,Sub-District Hospital,3,Maharashtra,Pune,0
SPEC_57938,CH Elgin Hospital Jabalpur,23.167465,79.948824,Sub-District Hospital,3,Madhya Pradesh,Jabalpur,0
SPEC_57982,Bardod,27.892908,76.362241,Community Health Center,2,Rajasthan,Alwar,0
SPEC_57988,NOTIONAL Talwara,23.566451,74.321437,Community Health Center,2,Rajasthan,Banswara,0
SPEC_58009,UPHC JMC D B Jain Hospital,21.017111,75.565687,Community Health Center,2,Maharashtra,Jalgaon,0
SPEC_58039,RH Girnare,20.41745,74.3185,Community Health Center,2,Maharashtra,Nashik,0
SPEC_58052,RH Bhokardan,20.250757,75.770835,Community Health Center,2,Maharashtra,Jalna,0
SPEC_58077,Jakhaniya CHC,25.745842,83.370925,Community Health Center,2,Uttar Pradesh,Ghazipur,0
SPEC_58078,Virajpet General Hospital,12.1964,75.8009,Sub-District Hospital,3,Karnataka,Kodagu,0
SPEC_58092,Beswa,27.967374,75.125349,Community Health Center,2,Rajasthan,Sikar,0
SPEC_58121,Itawa,25.53927,76.381416,Community Health Center,2,Rajasthan,Kota,0
SPEC_58128,CHC Bamori,24.84925,77.139967,Community Health Center,2,Madhya Pradesh,Guna,0
SPEC_58161,Kachuadam MG Model Hospital,24.822683,92.4325,Community Health Center,2,Assam,Karimganj,0
SPEC_58177,District Male Hospital Bahraich,27.573143,81.604904,District Hospital,8,Uttar Pradesh,Bahraich,0
SPEC_58259,CHC Gaurihar,25.269223,80.194481,Community Health Center,2,Madhya Pradesh,Chhatarpur,0
SPEC_58315,Rah,24.491049,71.826909,Community Health Center,2,Gujarat,BANASKANTHA,0
SPEC_58375,SAS Nagar (Mohali),30.739774,76.713857,District Hospital,8,Punjab,Sahibzada Ajit Singh Nagar,0
SPEC_58414,Chhaygaon BPHC/CHC,26.038633,91.350183,Community Health Center,2,Assam,Kamrup,0
SPEC_58417,Kadi,23.30463,72.340107,Community Health Center,2,Gujarat,MAHESANA,0
SPEC_58445,Kawaimari FRU,26.467017,92.818033,Community Health Center,2,Assam,Nagaon,0
SPEC_58577,Gh Rewari,28.192763,76.623942,Civil Hospital/General Hospital,5,Haryana,Rewari,0
SPEC_58604,KHAIRPUT,18.48895,82.22363,Community Health Center,2,Odisha,Malkangiri,0
SPEC_58606,CHC Khiala Kalan,31.668463,74.71157,Community Health Center,2,Punjab,Mansa,0
SPEC_58628,SIDDAPURA TH,14.3419,74.8926,Sub-District Hospital,3,Karnataka,Uttara Kannada,0
SPEC_58634,Attarsumba,23.05439,72.970105,Community Health Center,2,Gujarat,KHEDA,0
SPEC_58691,DASMANTAPUT,19.0413,82.91357,Community Health Center,2,Odisha,Koraput,0
SPEC_58725,CHC Gangaloor,18.755194,81.027771,Community Health Center,2,Chhattisgarh,Bijapur,0
SPEC_58769,Rampur BPHC,25.42994,88.06655,Community Health Center,2,West Bengal,Uttar Dinajpur,0
SPEC_58771,Community Health Centre Peddapally,18.616183,79.38316,Community Health Center,2,Telangana,Karimnagar District,0
SPEC_58792,RH PULGAON,20.725933,78.324966,Community Health Center,2,Maharashtra,Wardha,0
SPEC_58804,CHC Bhol Kalota,31.885144,75.924695,Community Health Center,2,Punjab,Hoshiarpur,0
SPEC_58822,KUNTARA,21.79248,84.52218,Community Health Center,2,Odisha,Sambalpur,0
SPEC_58832,Baneswarpur Rural Hospital,22.296583,88.269944,Community Health Center,2,West Bengal,South 24 Parganas,0
SPEC_58835,"ESI Hospital Ramdarbar, Chandigarh",30.697417,76.797533,Civil Hospital/General Hospital,5,Chandigarh,Chandigarh,0
SPEC_58839,Sanjay Gandhi Memorial Hospital Mangolpuri,28.69397,77.08136,District Hospital,8,Delhi,North West,0
SPEC_58858,CHC NAWAPARA,20.986,81.874,Community Health Center,2,Chhattisgarh,Raipur,0
SPEC_58873,RH Wadsa,20.618887,79.962015,Community Health Center,2,Maharashtra,Gadchiroli,0
SPEC_58982,ROWTA MODEL HOSPITAL,26.71625,92.197967,Community Health Center,2,Assam,Udalguri,0
SPEC_59087,Y N Hospital Kishangarh,26.581623,74.860942,Sub-District Hospital,3,Rajasthan,Ajmer,0
SPEC_59094,Bhandari CHC,26.335,94.140833,Community Health Center,2,Nagaland,Wokha,0
SPEC_59122,CHC Bankhedi,22.769054,78.554856,Community Health Center,2,Madhya Pradesh,Hoshangabad,0
SPEC_59187,Digha A.K. BPHC,21.623383,87.518044,Community Health Center,2,West Bengal,Purba Medinipur,0
SPEC_59196,RH Katol,21.253542,78.574219,Community Health Center,2,Maharashtra,Nagpur,0
SPEC_59275,Ghatagaon CHC,21.39319,85.899,Community Health Center,2,Odisha,Kendujhar,0
SPEC_59295,CHC Baliapur,23.72,86.52,Community Health Center,2,Jharkhand,DHANBAD,0
SPEC_59309,Chabukdhara CHC,26.325967,92.492583,Community Health Center,2,Assam,Marigaon,0
SPEC_59328,CHC Chachariapati(WARLA),21.43137,75.177172,Community Health Center,2,Madhya Pradesh,Barwani,0
SPEC_59473,CHC Dabwala Kalan,30.32855,74.25709,Community Health Center,2,Punjab,Fazilka,0
SPEC_59659,Rural Hospital Gondawale Kh.,17.663,74.6159,Community Health Center,2,Maharashtra,Satara,0
SPEC_59714,Pabau CHC,30.058202,78.525816,Community Health Center,2,Uttarakhand,Garhwal,0
SPEC_59839,Cottage Hosp.Unjha.,23.805317,72.385597,Sub-District Hospital,3,Gujarat,MAHESANA,0
SPEC_59911,CHC BERMO,23.782414,85.937902,Community Health Center,2,Jharkhand,BOKARO,0
SPEC_59924,Chariduar CHC,26.854567,92.779467,Community Health Center,2,Assam,Sonitpur,0
SPEC_59928,Civil Hospital Godhara,22.772081,73.620591,District Hospital,8,Gujarat,PANCHMAHALS,0
SPEC_59938,NOTIONAL Reni,27.1626,76.7451,Community Health Center,2,Rajasthan,Alwar,0
SPEC_60012,Fulia BPHC,23.238667,88.502717,Community Health Center,2,West Bengal,Nadia,0
SPEC_60041,CHC MOODABIDRI,13.0673,74.9948,Community Health Center,2,Karnataka,Dakshina Kannada,0
SPEC_60071,SDH Sohna,28.23,77.11,Sub-District Hospital,3,Haryana,Gurgaon,0
SPEC_60083,RH Panvel,18.982698,73.107785,Community Health Center,2,Maharashtra,Raigarh,0
SPEC_60122,CHC Bhanpur,27.028418,82.658305,Community Health Center,2,Uttar Pradesh,Basti,0
SPEC_60124,T.Palur,11.0983,79.3745,Community Health Center,2,Tamil Nadu,Ariyalur,0
SPEC_60231,Female Hospital Haldwani,29.21362,79.5278,Sub-District Hospital,3,Uttarakhand,Nainital,0
SPEC_60247,Akalpur BPHC,23.705001,87.078044,Community Health Center,2,West Bengal,Bardhaman,0
SPEC_60273,BASUDEVPUR,21.12312,86.7429,Community Health Center,2,Odisha,Bhadrak,0
SPEC_60276,CAPITAL HOSPITAL,20.279974,85.827156,District Hospital,8,Odisha,Khordha,0
SPEC_60291,CHC Nawagarh,21.90436,81.607345,Community Health Center,2,Chhattisgarh,BEMETARA,0
SPEC_60293,Combined Hospital Kotdwara,29.450495,78.312693,Sub-District Hospital,3,Uttarakhand,Garhwal,0
SPEC_60334,Harmara,26.686688,74.929646,Community Health Center,2,Rajasthan,Ajmer,0
SPEC_60341,Amjhuri RH,23.05845,86.80857,Community Health Center,2,West Bengal,Bankura,0
SPEC_60346,Chopen,24.529083,83.016815,Community Health Center,2,Uttar Pradesh,Sonbhadra,0
SPEC_60350,Kandamanadi,11.895468,79.474017,Community Health Center,2,Tamil Nadu,Viluppuram,0
SPEC_60361,Dharampur CHC,30.896112,77.015199,Community Health Center,2,Himachal Pradesh,Solan,0
SPEC_60419,Bethamangala CHC,13.0066,78.3268,Community Health Center,2,Karnataka,Kolar,0
SPEC_60474,Children Hospital (Pvt. Hospital),25.565728,91.91246,Civil Hospital/General Hospital,5,Meghalaya,East Khasi Hills,0
SPEC_60532,Thiruvengadu,11.1782,79.8073,Community Health Center,2,Tamil Nadu,Nagapattinam,0
SPEC_60541,Dalash CHC,31.392351,77.437948,Community Health Center,2,Himachal Pradesh,Kullu,0
SPEC_60580,CHC Bhartgarh,31.098369,76.614849,Community Health Center,2,Punjab,Rupnagar,0
SPEC_60722,CHC Bishna,32.610827,74.859478,Community Health Center,2,Jammu & Kashmir,JAMMU,0
SPEC_60755,Damnagar,21.694393,71.516874,Community Health Center,2,Gujarat,AMRELI,0
SPEC_60756,Civil Hospital  Palanpur,24.175185,72.434661,District Hospital,8,Gujarat,BANASKANTHA,0
SPEC_60776,RANPUR CHC,20.06108,85.34742,Community Health Center,2,Odisha,Nayagarh,0
SPEC_60812,Rajaldesar,28.030698,74.470147,Community Health Center,2,Rajasthan,Churu,0
SPEC_60906,GUNTUR,15.911,80.6696,Medical Colleges Hospital,20,Andhra Pradesh,Guntur District,0
SPEC_60978,Narasarao Peta,16.23535,80.0479,Sub-District Hospital,3,Andhra Pradesh,Guntur District,0
SPEC_60989,RH Shirala,16.98537,74.12791,Community Health Center,2,Maharashtra,Sangli,0
SPEC_60992,Mahroli,27.391936,75.585809,Community Health Center,2,Rajasthan,Sikar,0
SPEC_61019,Avidha,21.763848,73.188371,Community Health Center,2,Gujarat,BHARUCH,0
SPEC_61025,Narwali,23.759727,74.41299,Community Health Center,2,Rajasthan,Banswara,0
SPEC_61034,CHC Kalapipal,23.2008,76.5007,Community Health Center,2,Madhya Pradesh,Shajapur,0
SPEC_61123,SRB Bhuwalka Yakshma Arogya Sadan Badi Udaipur,24.586045,73.68857,Medical Colleges Hospital,20,Rajasthan,Udaipur,0
SPEC_61146,CHC Jaisinagar,23.618185,78.572565,Community Health Center,2,Madhya Pradesh,Sagar,0
SPEC_61152,MAC DONALDS CHOULTRY,11.547011,77.986113,Community Health Center,2,Tamil Nadu,Salem,0
SPEC_61164,Bonli,26.329671,76.227634,Community Health Center,2,Rajasthan,Sawai Madhopur,0
SPEC_61223,CHC Gangeo,24.663242,81.449203,Community Health Center,2,Madhya Pradesh,Rewa,0
SPEC_61340,Women Hospital Parbhani,19.271931,76.765001,Women Hospital,3,Maharashtra,Parbhani,0
SPEC_61348,SRIRAM CHANDRAPUR,20.77449,85.8071,Community Health Center,2,Odisha,Dhenkanal,0
SPEC_61398,District Head Quarter Hospital Koraput,18.80966,82.71546,District Hospital,8,Odisha,Koraput,0
SPEC_61429,FRU Kushtagi Taluka Hospital,15.7519,76.1929,Sub-District Hospital,3,Karnataka,Koppal,0
SPEC_61430,JAMKHANDI TH,16.506,75.2923,Sub-District Hospital,3,Karnataka,Bagalkot,0
SPEC_61437,KABI SURYA NAGAR,19.58105,84.75483,Community Health Center,2,Odisha,Ganjam,0
SPEC_61445,Hamiraka,27.986322,76.892273,Community Health Center,2,Rajasthan,Alwar,0
SPEC_61462,Karsog CH,31.381224,77.2033,Civil Hospital/General Hospital,5,Himachal Pradesh,Mandi,0
SPEC_61479,Bezera CHC/FRU,26.339183,91.781933,Community Health Center,2,Assam,Kamrup,0
SPEC_61548,Momasar,28.20992,74.28884,Community Health Center,2,Rajasthan,Bikaner,0
SPEC_61584,PATTEESWARAM I,10.9253,79.3467,Community Health Center,2,Tamil Nadu,Thanjavur,0
SPEC_61611,DHH PARALAKHEMUNDI,18.765544,84.097353,District Hospital,8,Odisha,Gajapati,0
SPEC_61616,Kudan,27.751147,75.163294,Community Health Center,2,Rajasthan,Sikar,0
SPEC_61632,Mohania,25.164613,83.623362,Sub-District Hospital,3,Bihar,Kaimur (Bhabua) *,0
SPEC_61746,RH SHIROL,16.751488,74.587608,Community Health Center,2,Maharashtra,Kolhapur,0
SPEC_61748,RH Sindkheda,21.474349,74.748317,Community Health Center,2,Maharashtra,Dhule,0
SPEC_61796,CHC ANADAPURAM,14.0765,75.2121,Community Health Center,2,Karnataka,Shimoga,0
SPEC_61877,RH Igatpuri,19.701994,73.557421,Community Health Center,2,Maharashtra,Nashik,0
SPEC_61890,Palsana,27.485371,75.382523,Community Health Center,2,Rajasthan,Sikar,0
SPEC_61897,PULLAMBADI - CHC Gr.I,10.9491,78.9117,Community Health Center,2,Tamil Nadu,Tiruchirappalli,0
SPEC_61900,District Male Hospital Basti,26.801059,82.760723,District Hospital,8,Uttar Pradesh,Basti,0
SPEC_61952,CHC Khera,30.604307,76.487509,Community Health Center,2,Punjab,Fatehgarh Sahib,0
SPEC_61983,RH Visarvadi,21.17,73.96,Community Health Center,2,Maharashtra,Nandurbar,0
SPEC_62003,SDH Rajpura,30.47829,76.584391,Sub-District Hospital,3,Punjab,Patiala,0
SPEC_62084,Main Centere (Chhata PHC),27.726058,77.513903,Community Health Center,2,Uttar Pradesh,Mathura,0
SPEC_62099,CHC Rasra,25.858648,83.855685,Community Health Center,2,Uttar Pradesh,Ballia,0
SPEC_62106,Agarpada CHC,21.20728,86.36759,Community Health Center,2,Odisha,Bhadrak,0
SPEC_62144,Kadugur,11.169,79.1491,Community Health Center,2,Tamil Nadu,Ariyalur,0
SPEC_62148,Kanera,24.71454,74.893219,Community Health Center,2,Rajasthan,Chittaurgarh,0
SPEC_62156,Municipal Hospital Latur,18.408904,76.581288,Community Health Center,2,Maharashtra,Latur,0
SPEC_62212,G T Hospital,18.9468,72.8328,District Hospital,8,Maharashtra,Mumbai,0
SPEC_62322,SDH Bhadurgarh,28.69,76.92,Sub-District Hospital,3,Haryana,Jhajjar,0
SPEC_62325,CHC SHIRALAKOPPA,14.3793,75.2657,Community Health Center,2,Karnataka,Shimoga,0
SPEC_62427,Kherod,27.851761,75.274042,Community Health Center,2,Rajasthan,Jhunjhunun,0
SPEC_62453,RH Natawad,21.33551,74.054746,Community Health Center,2,Maharashtra,Nandurbar,0
SPEC_62547,Community Health Centre Maheshwaram,17.135603,78.435338,Community Health Center,2,Telangana,Rangareddy District,0
SPEC_62598,Nalatwad CHC,16.247453,76.28325,Community Health Center,2,Karnataka,Bijapur,0
SPEC_62600,CHC Thikri,22.064926,75.399945,Community Health Center,2,Madhya Pradesh,Barwani,0
SPEC_62620,RH Ter,18.32,76.14,Community Health Center,2,Maharashtra,Osmanabad,0
SPEC_62651,Samdari,25.822293,72.575673,Community Health Center,2,Rajasthan,Barmer,0
SPEC_62667,"Area Hospital, Mahabubabad",17.597528,80.001531,Sub-District Hospital,3,Telangana,Warangal District,0
SPEC_62678,"Area Hospital, Gadwal",16.233659,77.808136,Sub-District Hospital,3,Telangana,Mahbubnagar District,0
SPEC_62709,Guttal CHC,14.8403,75.6317,Community Health Center,2,Karnataka,Haveri,0
SPEC_62727,Maduramangalam,12.9543,79.8141,Community Health Center,2,Tamil Nadu,Kancheepuram,0
SPEC_62755,Nandnagar,27.407784,82.374888,Community Health Center,2,Uttar Pradesh,Balrampur,0
SPEC_62769,Bhaba Nagar CHC,31.565449,77.936682,Community Health Center,2,Himachal Pradesh,Kinnaur,0
SPEC_62848,CHC Banda,28.241141,80.108035,Community Health Center,2,Uttar Pradesh,Shahjahanpur,0
SPEC_62853,Bhowali CHC,29.384173,79.524951,Community Health Center,2,Uttarakhand,Nainital,0
SPEC_62957,Kateklyan,18.801517,81.6379,Community Health Center,2,Chhattisgarh,Dantewada,0
SPEC_62995,NOTIONAL Handecha,24.815017,71.659919,Community Health Center,2,Rajasthan,Jalor,0
SPEC_63002,SERVICES HOSPITAL K BAVDA,16.726287,74.24407,Sub-District Hospital,3,Maharashtra,Kolhapur,0
SPEC_63048,(FRU) MOLAKALMURU TALUK HOSPITAL,14.7182,76.7483,Sub-District Hospital,3,Karnataka,Chitradurga,0
SPEC_63066,Medziphema CHC,25.976389,93.906667,Community Health Center,2,Nagaland,Dimapur,0
SPEC_63103,CHC Pati,21.946119,74.747806,Community Health Center,2,Madhya Pradesh,Barwani,0
SPEC_63122,Khatauli,29.300636,77.728726,Community Health Center,2,Uttar Pradesh,Muzaffarnagar,0
SPEC_63131,CHC CHANDANKIYARI,23.57,86.36,Community Health Center,2,Jharkhand,BOKARO,0
SPEC_63165,DISTRICT COMBIND HOSPITAL SANJAY NAGAR,28.686071,77.453527,District Hospital,8,Uttar Pradesh,Ghaziabad,0
SPEC_63169,CHC NAWAGARH,21.835087,82.639895,Community Health Center,2,Chhattisgarh,Janjgir - Champa,0
SPEC_63204,Hullanahalli CHC,12.0983,76.5547,Community Health Center,2,Karnataka,Mysore,0
SPEC_63230,Koselave,25.373521,73.126109,Community Health Center,2,Rajasthan,Pali,0
SPEC_63249,UMC ESIS Hospital Ulhasnagar,19.23,73.16,Sub-District Hospital,3,Maharashtra,Thane,0
SPEC_63291,BANGALORE EAST TH,13.009129,77.689055,Sub-District Hospital,3,Karnataka,Bangalore,0
SPEC_63295,Dwariknagar Rural Hospital,21.719467,88.2536,Community Health Center,2,West Bengal,South 24 Parganas,0
SPEC_63312,Chango CH,31.978172,78.594981,Civil Hospital/General Hospital,5,Himachal Pradesh,Kinnaur,0
SPEC_63324,CHC DHALBHUMGARH,22.512778,86.544444,Community Health Center,2,Jharkhand,PURBI SINGHBHUM,0
SPEC_63336,MANADA,22.08055,86.23916,Community Health Center,2,Odisha,Mayurbhanj,0
SPEC_63363,Adarsh Nagar,28.69,76.93,Community Health Center,2,Haryana,Jhajjar,0
SPEC_63399,CHC Barghat,22.028801,79.735607,Community Health Center,2,Madhya Pradesh,Seoni,0
SPEC_63420,Saiha District Hospital,22.488401,92.982667,District Hospital,8,Mizoram,SAIHA,0
SPEC_63445,CHC BADE KILEPAL,18.988598,81.640975,Community Health Center,2,Chhattisgarh,Bastar,0
SPEC_63475,District Hospital Balaghat,21.81949,80.179467,District Hospital,8,Madhya Pradesh,Balaghat,0
SPEC_63520,FRU HIRIYUR TALUK HOSPITAL,13.9431,76.6178,Sub-District Hospital,3,Karnataka,Chitradurga,0
SPEC_63564,Konanur CHC,12.6293,76.0518,Community Health Center,2,Karnataka,Hassan,0
SPEC_63600,CHC Sidwanbet,30.92544,75.473358,Community Health Center,2,Punjab,Ludhiana,0
SPEC_63688,Seswali,25.34358,76.35649,Community Health Center,2,Rajasthan,Baran,0
SPEC_63697,CHC Seoni Malwa,22.088295,79.551853,Community Health Center,2,Madhya Pradesh,Hoshangabad,0
SPEC_63702,Khandeep,26.48522,76.73278,Community Health Center,2,Rajasthan,Sawai Madhopur,0
SPEC_63704,CHC Lalganj,25.931225,81.71053,Community Health Center,2,Uttar Pradesh,Pratapgarh,0
SPEC_63742,CHC Mandleshwar,22.175642,75.65711,Community Health Center,2,Madhya Pradesh,West Nimar (Khargone),0
SPEC_63781,KUMULIAM,11.1918,79.2346,Community Health Center,2,Tamil Nadu,Ariyalur,0
SPEC_63783,CHC LOHARDAGA,23.441792,84.685257,Community Health Center,2,Jharkhand,LOHARDAGA,0
SPEC_63795,Pandrikripal,27.207888,81.984743,Community Health Center,2,Uttar Pradesh,Gonda,0
SPEC_63799,Sagolmang CHC,24.961131,94.022475,Community Health Center,2,Manipur,IMPHAL EAST,0
SPEC_63843,"Civil Hospital-Sector 22, Chandigarh",30.732717,76.771133,Civil Hospital/General Hospital,5,Chandigarh,Chandigarh,0
SPEC_63852,Dewa CHC,27.017161,81.175811,Community Health Center,2,Uttar Pradesh,Barabanki,0
SPEC_63925,Sedwa,25.078575,71.155249,Community Health Center,2,Rajasthan,Barmer,0
SPEC_63935,F F Late. Dr. Mangal Singh District Hospital Dholpur,26.702518,77.893391,District Hospital,8,Rajasthan,Dhaulpur,0
SPEC_63987,Kanchanpur Sub-divisional Hospital,24.002384,92.011963,Sub-District Hospital,3,Tripura,North District,0
SPEC_64031,Geedam,18.973638,81.405998,Community Health Center,2,Chhattisgarh,Dantewada,0
SPEC_64113,SRIRANGAPATNA TH,12.4185,76.6933,Sub-District Hospital,3,Karnataka,Mandya,0
SPEC_64175,Amta RH,22.575148,88.014002,Community Health Center,2,West Bengal,Howrah,0
SPEC_64228,Khaira CHC,31.9893,76.528134,Community Health Center,2,Himachal Pradesh,Kangra,0
SPEC_64231,Talakad CHC,12.1909,77.0286,Community Health Center,2,Karnataka,Mysore,0
SPEC_64279,RH Pimpanlner,20.949577,74.122159,Community Health Center,2,Maharashtra,Dhule,0
SPEC_64343,Atghoria BPHC,23.28115,88.26055,Community Health Center,2,West Bengal,Bardhaman,0
SPEC_64439,CHC Nautanwa,27.424563,83.492613,Community Health Center,2,Uttar Pradesh,Mahrajganj,0
SPEC_64497,CHC Dehlon,30.743921,75.850032,Community Health Center,2,Punjab,Ludhiana,0
SPEC_64543,Bagda Mohanpur RH,21.842047,87.416062,Community Health Center,2,West Bengal,Paschim Medinipur,0
SPEC_64610,Jhumpura CHC,21.82409,85.56942,Community Health Center,2,Odisha,Kendujhar,0
SPEC_64673,Banera,25.494089,74.692735,Community Health Center,2,Rajasthan,Bhilwara,0
SPEC_64685,Murbad,19.26148,73.388672,Community Health Center,2,Maharashtra,Thane,0
SPEC_65053,CHC Katthiwada,22.484529,74.146417,Community Health Center,2,Madhya Pradesh,Alirajpur,0
SPEC_65055,CH SIRONJ,24.090864,77.668776,Sub-District Hospital,3,Madhya Pradesh,Vidisha,0
SPEC_65068,CHC Bagli,22.651947,76.338131,Community Health Center,2,Madhya Pradesh,Dewas,0
SPEC_65079,GODIBANDHA,21.02023,85.17742,Community Health Center,2,Odisha,Anugul,0
SPEC_65081,Thirumarugal,10.871,79.7447,Community Health Center,2,Tamil Nadu,Nagapattinam,0
SPEC_65132,Sub District Hospital Ponda,15.402962,74.00845,Sub-District Hospital,3,Goa,NORTH GOA,0
SPEC_65204,Periapodu,10.609855,76.880744,Community Health Center,2,Tamil Nadu,Coimbatore,0
SPEC_65212,Jajod,27.79011,74.855099,Community Health Center,2,Rajasthan,Sikar,0
SPEC_65213,CHC Brahmpura,31.296955,75.023686,Community Health Center,2,Punjab,Tarn Taran,0
SPEC_65222,District Hospital Karimnagar,18.438555,79.128841,District Hospital,8,Telangana,Karimnagar District,0
SPEC_65225,RH Mohol,17.8029,75.6455,Community Health Center,2,Maharashtra,Solapur,0
SPEC_65248,Woodland Hospital (Pvt. Hospital),25.566096,91.889452,Civil Hospital/General Hospital,5,Meghalaya,East Khasi Hills,0
SPEC_65288,Ghilamora CHC,27.317783,94.420817,Community Health Center,2,Assam,Lakhimpur,0
SPEC_65303,MALKANGIRI,18.36366,81.88953,District Hospital,8,Odisha,Malkangiri,0
SPEC_65370,RH Jejuri,18.2778,74.1586,Community Health Center,2,Maharashtra,Pune,0
SPEC_65432,Dist.Women Hospital Akola,20.713982,77.006618,Women Hospital,3,Maharashtra,Akola,0
SPEC_65548,"Community Health Centre, Penuballi",17.209114,80.664732,Community Health Center,2,Telangana,Khammam District,0
SPEC_65554,CHC Laharpur-NPHC - Akabarpur,27.664218,80.927755,Community Health Center,2,Uttar Pradesh,Sitapur,0
SPEC_65618,Kollumedu,13.161492,80.113216,Community Health Center,2,Tamil Nadu,Thiruvallur,0
SPEC_65644,Kurmun BPHC,23.3413,87.985233,Community Health Center,2,West Bengal,Bardhaman,0
SPEC_65732,DH Sindhudurg,16.116714,73.68997,District Hospital,8,Maharashtra,Sindhudurg,0
SPEC_65796,Mirik BPHC,26.886045,88.188516,Community Health Center,2,West Bengal,Darjiling,0
SPEC_65889,RH Songir,21.1029,74.79733,Community Health Center,2,Maharashtra,Dhule,0
SPEC_65892,SDH Balachaur,31.075936,76.293778,Sub-District Hospital,3,Punjab,Shahid Bhagat Singh Nagar (Nawanshahr),0
SPEC_65935,NITTUR B,18.1015,77.352,Community Health Center,2,Karnataka,Bidar,0
SPEC_65972,Shahbad CHC,17.1224,76.942,Community Health Center,2,Karnataka,Gulbarga,0
SPEC_66066,Lalsot,26.5533,76.322212,Community Health Center,2,Rajasthan,Dausa,0
SPEC_66195,CHC  JALALABAD,27.712162,79.657462,Community Health Center,2,Uttar Pradesh,Shahjahanpur,0
SPEC_66206,CHC RANIA,22.77,85.1,Community Health Center,2,Jharkhand,KHUNTI,0
SPEC_66213,Ref. Hospital Mansa.,23.425509,72.659924,Sub-District Hospital,3,Gujarat,GANDHINAGAR,0
SPEC_66232,Choti Sarwan,23.518757,74.622476,Community Health Center,2,Rajasthan,Banswara,0
SPEC_66234,MugulkhodCHC,16.4353,74.9633,Community Health Center,2,Karnataka,Belgaum,0
SPEC_66239,CHC Chhegaon Makhan,21.836199,76.215312,Community Health Center,2,Madhya Pradesh,East Nimar (Khandwa),0
SPEC_66285,Shiralakoppa,14.3793,75.2657,Community Health Center,2,Karnataka,Shimoga,0
SPEC_66409,Arasikere CHC,14.6689,76.0714,Community Health Center,2,Karnataka,Davanagere,0
SPEC_66521,Ogana,24.512602,73.361185,Community Health Center,2,Rajasthan,Udaipur,0
SPEC_66633,CHC Kangan,34.262532,74.901954,Community Health Center,2,Jammu & Kashmir,Ganderbal,0
SPEC_66696,CHC GARU,23.671176,84.235783,Community Health Center,2,Jharkhand,LATEHAR,0
SPEC_66775,ANCHETTY,12.354248,77.721179,Community Health Center,2,Tamil Nadu,Krishnagiri,0
SPEC_66827,KHALIKOTE,19.60901,85.09047,Community Health Center,2,Odisha,Ganjam,0
SPEC_66840,Baroigram MG Model Hospital,24.6801,92.341617,Community Health Center,2,Assam,Karimganj,0
SPEC_66859,Obri,23.640151,73.894129,Community Health Center,2,Rajasthan,Dungarpur,0
SPEC_66945,KANDHAMAL,20.48498,84.22706,District Hospital,8,Odisha,Kandhamal,0
SPEC_67020,RH Navegaon Bandh,20.829293,80.150757,Community Health Center,2,Maharashtra,Gondiya *,0
SPEC_67036,B.B.D.Govt. Hospital,28.40454,77.85362,District Hospital,8,Uttar Pradesh,Bulandshahar,0
SPEC_67051,CHC MARKACHO,24.326232,85.834546,Community Health Center,2,Jharkhand,KODERMA,0
SPEC_67060,Ukkirankottai,8.91337,77.604715,Community Health Center,2,Tamil Nadu,Tirunelveli,0
SPEC_67088,Chamu,26.629674,72.555975,Community Health Center,2,Rajasthan,Jodhpur,0
SPEC_67158,RH Trimbak,19.932157,73.528569,Community Health Center,2,Maharashtra,Nashik,0
SPEC_67195,CHC Paunar,22.302998,79.283434,Community Health Center,2,Madhya Pradesh,Chhindwara,0
SPEC_67216,Govt. Hospital Lulavada,23.1257,73.6096,District Hospital,8,Gujarat,MAHISAGAR,0
SPEC_67299,NOTIONAL Vajeerpur,26.58247,76.87332,Community Health Center,2,Rajasthan,Sawai Madhopur,0
SPEC_67313,Community Health Centre Metpally,18.849233,78.626158,Community Health Center,2,Telangana,Karimnagar District,0
SPEC_67325,Gauhati Medical College and Hospital,26.1545,91.769283,Medical Colleges Hospital,20,Assam,Kamrup Metropolitan,0
SPEC_67341,CHC Nyapin,27.45099,93.24305,Community Health Center,2,Arunachal Pradesh,Kurung Kumey District,0
SPEC_67346,Pugal,28.509008,72.807609,Community Health Center,2,Rajasthan,Bikaner,0
SPEC_67350,BODEN,20.24916,82.57058,Community Health Center,2,Odisha,Nuapada,0
SPEC_67366,RH Sangameshwar,17.186886,73.546767,Community Health Center,2,Maharashtra,Ratnagiri,0
SPEC_67436,CHC Jaithari,23.041398,81.797839,Community Health Center,2,Madhya Pradesh,Anuppur,0
SPEC_67470,CH Hem Singh Ki Pared,26.18816,78.14252,Sub-District Hospital,3,Madhya Pradesh,Gwalior,0
SPEC_67507,CHC Bhimpur,21.91087,77.544991,Community Health Center,2,Madhya Pradesh,Betul,0
SPEC_67513,Dhanora,19.9857,81.46406,Community Health Center,2,Chhattisgarh,KONDAGAON,0
SPEC_67523,Khatra BPHC,22.96945,86.848617,Community Health Center,2,West Bengal,,0
SPEC_67537,Sadikhans Dearh Rural Hospital,24.118783,88.642987,Community Health Center,2,West Bengal,Murshidabad,0
SPEC_67554,CHC BARHAIT,25.13,87.51,Community Health Center,2,Jharkhand,SAHIBGANJ,0
SPEC_67567,KRUSHNA CHANDPUR,21.83704,86.81484,Community Health Center,2,Odisha,Mayurbhanj,0
SPEC_67581,Tirumani CHC,14.238,77.4383,Community Health Center,2,Karnataka,Tumkur,0
SPEC_67602,Area Hospital Jagitial,18.790894,78.911851,Sub-District Hospital,3,Telangana,Karimnagar District,0
SPEC_67764,BAHALDA,22.38459,86.08673,Community Health Center,2,Odisha,Mayurbhanj,0
SPEC_67777,Tijara,27.933742,76.853129,Community Health Center,2,Rajasthan,Alwar,0
SPEC_67779,RAMANAGUDA,19.22029,83.67438,Community Health Center,2,Odisha,Rayagada,0
SPEC_67792,CHC AKALTARA,22.021515,82.43339,Community Health Center,2,Chhattisgarh,Janjgir - Champa,0
SPEC_67803,KAVITAL,16.1036,76.7847,Community Health Center,2,Karnataka,Raichur,0
SPEC_67848,BADAMBA,20.41737,85.34605,Community Health Center,2,Odisha,Cuttack,0
SPEC_67864,Merapani CHC,26.323367,94.088533,Community Health Center,2,Assam,Golaghat,0
SPEC_67900,CHC-DEEH (ROKHA),26.159703,81.428525,Community Health Center,2,Uttar Pradesh,Rae Bareli,0
SPEC_67904,Bajwas,26.7129,74.595268,Community Health Center,2,Rajasthan,Nagaur,0
SPEC_67915,RAJGANGPUR,22.19169,84.59175,Community Health Center,2,Odisha,Sundargarh,0
SPEC_67961,Raisinghnagar,29.527697,73.452206,Community Health Center,2,Rajasthan,Ganganagar,0
SPEC_67981,Kusalpura,26.097409,73.958025,Community Health Center,2,Rajasthan,Pali,0
SPEC_68001,KISANTANDI,21.85966,86.90205,Community Health Center,2,Odisha,Mayurbhanj,0
SPEC_68103,Nathakadaiyur,11.08,77.6643,Community Health Center,2,Tamil Nadu,Tiruppur,0
SPEC_68134,CHC Rahatgarh,23.790548,78.398442,Community Health Center,2,Madhya Pradesh,Sagar,0
SPEC_68144,ATHANI TH,16.7279,75.0601,Sub-District Hospital,3,Karnataka,Belgaum,0
SPEC_68152,Unchagoan,28.488448,78.15964,Community Health Center,2,Uttar Pradesh,Bulandshahar,0
SPEC_68162,Natabari RH,26.390783,89.592833,Community Health Center,2,West Bengal,Cooch Behar,0
SPEC_68173,Umargam - T,20.198796,72.750085,Community Health Center,2,Gujarat,VALSAD,0
SPEC_68275,Rural Hospital Patan,17.3794,74.8994,Community Health Center,2,Maharashtra,Satara,0
SPEC_68278,Nangavalli,11.763302,77.891032,Community Health Center,2,Tamil Nadu,Salem,0
SPEC_68313,CHIKODI TH,16.4251,74.5751,Sub-District Hospital,3,Karnataka,Belgaum,0
SPEC_68314,CHC Lakhnadon,22.603354,79.60085,Sub-District Hospital,3,Madhya Pradesh,Seoni,0
SPEC_68449,CHC BANKEYGANJ,28.158048,80.409477,Community Health Center,2,Uttar Pradesh,Kheri,0
SPEC_68484,ALANGULAM,8.86678,77.492018,Sub-District Hospital,3,Tamil Nadu,Tirunelveli,0
SPEC_68530,Dungri - CHC,20.686011,72.957654,Community Health Center,2,Gujarat,VALSAD,0
SPEC_68586,RH Chichondipatil,18.995438,74.903919,Community Health Center,2,Maharashtra,Ahmadnagar,0
SPEC_68591,Kharchi,25.777558,70.960624,Community Health Center,2,Rajasthan,Pali,0
SPEC_68600,Serchhip District Hospital,23.307596,92.856295,District Hospital,8,Mizoram,SERCHHIP,0
SPEC_68612,Tekkalakote,15.5372,76.8822,Community Health Center,2,Karnataka,Bellary,0
SPEC_68631,CHC Babai,22.70406,77.934557,Community Health Center,2,Madhya Pradesh,Hoshangabad,0
SPEC_68709,CHC BEWAR,27.221183,79.29373,Community Health Center,2,Uttar Pradesh,Mainpuri,0
SPEC_68742,CHC BHARNO,23.228542,84.886119,Community Health Center,2,Jharkhand,GUMLA,0
SPEC_68752,Jahanabad,26.101798,80.365742,Community Health Center,2,Uttar Pradesh,Fatehpur,0
SPEC_68771,CHC Ghosi,26.105194,83.543542,Community Health Center,2,Uttar Pradesh,Mau,0
SPEC_68802,CHC Suwasara,24.07,75.65,Community Health Center,2,Madhya Pradesh,Mandsaur,0
SPEC_68874,Chomu,27.245985,75.646993,Community Health Center,2,Rajasthan,Jaipur,0
SPEC_68919,KANIHA,21.09378,85.04907,Community Health Center,2,Odisha,Anugul,0
SPEC_68920,CHC AMRAPARA,24.51,87.56,Community Health Center,2,Jharkhand,PAKAUR,0
SPEC_68977,RH Shikrapur,18.694,74.1378,Community Health Center,2,Maharashtra,Pune,0
SPEC_69015,Madarihat RH,26.6925,89.274317,Community Health Center,2,West Bengal,Alipurduar*,0
SPEC_69044,SIDDLAGHATTA PRIVATE UNIT,13.394,77.8644,Sub-District Hospital,3,Karnataka,Chikkaballapura,0
SPEC_69070,Poonthottam,10.933147,79.654421,Community Health Center,2,Tamil Nadu,Thiruvarur,0
SPEC_69075,SDH Sultanpur Lodhi,31.217989,75.192199,Sub-District Hospital,3,Punjab,Kapurthala,0
SPEC_69100,Manu CHC,23.99168,91.99283,Community Health Center,2,Tripura,Dhalai District,0
SPEC_69247,Shri.Bhausaheb Hire Govt.Medical College,20.863697,74.461927,Medical Colleges Hospital,20,Maharashtra,Dhule,0
SPEC_69249,CHC Umariyapan,23.509439,80.27607,Community Health Center,2,Madhya Pradesh,Katni,0
SPEC_69267,Sabang RH,22.179765,87.593009,Community Health Center,2,West Bengal,Paschim Medinipur,0
SPEC_69291,CHC Bagbahra,21.04736,82.38405,Community Health Center,2,Chhattisgarh,Mahasamund,0
SPEC_69302,Ramgarh Sethan,28.168213,74.978594,Community Health Center,2,Rajasthan,Sikar,0
SPEC_69320,Pallu,28.87672,74.199806,Community Health Center,2,Rajasthan,Hanumangarh,0
SPEC_69345,CHC NUGGEHALLI,13.0086,76.4779,Community Health Center,2,Karnataka,Hassan,0
SPEC_69361,Vangaon,19.879368,72.751064,Community Health Center,2,Maharashtra,Palghar,0
SPEC_69375,M.HIPPARAGA,17.4592,76.3723,Community Health Center,2,Karnataka,Gulbarga,0
SPEC_69381,Tallarevu,16.781928,82.232523,Community Health Center,2,Andhra Pradesh,East Godavari District,0
SPEC_69392,SDH Dahanu,19.998107,72.722212,Sub-District Hospital,3,Maharashtra,Palghar,0
SPEC_69410,Srigouri CHC,24.853206,92.528935,Community Health Center,2,Assam,Karimganj,0
SPEC_69436,Govt. General Hospital,14.672074,77.596399,Civil Hospital/General Hospital,5,Andhra Pradesh,Anantapur District,0
SPEC_69438,Boria -T,23.047531,73.655409,Community Health Center,2,Gujarat,PANCHMAHALS,0
SPEC_69458,CHC Singoli,24.97456,75.27978,Community Health Center,2,Madhya Pradesh,Neemuch,0
SPEC_69480,CHC Nikum,21.056543,81.201793,Community Health Center,2,Chhattisgarh,Durg,0
SPEC_69530,RH Ner,20.500351,77.860107,Community Health Center,2,Maharashtra,Yavatmal,0
SPEC_69548,Gudimangalam,10.6886,77.2819,Community Health Center,2,Tamil Nadu,Tiruppur,0
SPEC_69603,Mahewa,26.621423,79.230776,Community Health Center,2,Uttar Pradesh,Etawah,0
SPEC_69630,RH Barad,19.223274,77.462239,Community Health Center,2,Maharashtra,Nanded,0
SPEC_69668,CHC BARWADIH,23.850901,84.111953,Community Health Center,2,Jharkhand,LATEHAR,0
SPEC_69670,CHC Budni,22.776494,77.681945,Community Health Center,2,Madhya Pradesh,Sehore,0
SPEC_69673,BANGALORE NORTH TALUK HOSPITAL,13.099626,77.596178,Sub-District Hospital,3,Karnataka,Bangalore,0
SPEC_69675,Krishnapuram,11.4869,79.6111,Community Health Center,2,Tamil Nadu,Cuddalore,0
SPEC_69730,Kannankurichi,11.693782,78.175527,Community Health Center,2,Tamil Nadu,Salem,0
SPEC_69764,CHC Singowal,32.121709,75.478321,Community Health Center,2,Punjab,Gurdaspur,0
SPEC_69786,CHC NAWADIH,23.852222,86.045394,Community Health Center,2,Jharkhand,BOKARO,0
SPEC_69930,CHC PATAMDA,22.90644,86.387514,Community Health Center,2,Jharkhand,PURBI SINGHBHUM,0
SPEC_69941,CHC BISHRAMPUR,24.263511,83.924138,Community Health Center,2,Jharkhand,PALAMU,0
SPEC_69950,NOTIONAL Deeg,27.474178,77.364122,Community Health Center,2,Rajasthan,Bharatpur,0
SPEC_69989,Arakere,12.4117,76.8152,Community Health Center,2,Karnataka,Mandya,0
SPEC_69995,RH Pali,16.985577,73.485941,Community Health Center,2,Maharashtra,Ratnagiri,0
SPEC_70049,SHIRAHATTI TLH,15.2341,75.5799,Sub-District Hospital,3,Karnataka,Gadag,0
SPEC_70063,District Women Hospital Ghazipur,25.582647,83.581554,District Hospital,8,Uttar Pradesh,Ghazipur,0
SPEC_70064,NIDHOLIKALAN,27.579485,78.50078,Community Health Center,2,Uttar Pradesh,Etah,0
SPEC_70158,CHC Mundi,22.0578,76.4753,Community Health Center,2,Madhya Pradesh,East Nimar (Khandwa),0
SPEC_70163,DH Doon Female Hospital,30.191185,78.024982,District Hospital,8,Uttarakhand,Dehradun,0
SPEC_70200,General Hospital Karauli,26.500853,77.025833,District Hospital,8,Rajasthan,Karauli,0
SPEC_70264,CHC Khajuraho,24.845815,79.92882,Community Health Center,2,Madhya Pradesh,Chhatarpur,0
SPEC_70316,CHC Fatehpur,27.172767,81.217042,Community Health Center,2,Uttar Pradesh,Barabanki,0
SPEC_70317,CHC Hasanganj,26.773837,80.6316,Community Health Center,2,Uttar Pradesh,Unnao,0
SPEC_70319,Binota,24.535999,74.546082,Community Health Center,2,Rajasthan,Chittaurgarh,0
SPEC_70370,GORUMAHISANI,22.31057,86.28239,Community Health Center,2,Odisha,Mayurbhanj,0
SPEC_70486,Mailam,12.129043,79.620028,Community Health Center,2,Tamil Nadu,Viluppuram,0
SPEC_70595,BELWADI,15.7187,74.9193,Community Health Center,2,Karnataka,Belgaum,0
SPEC_70599,CHANNARAYAPATNA TH,12.9057,76.3869,Sub-District Hospital,3,Karnataka,Hassan,0
SPEC_70670,CHC Dostpur,26.27535,82.46755,Community Health Center,2,Uttar Pradesh,Sultanpur,0
SPEC_70696,Shandawa,27.749633,74.166727,Community Health Center,2,Rajasthan,Churu,0
SPEC_70763,IGGMCRI-Medical College,11.93778,79.79675,Medical Colleges Hospital,20,Puducherry,Puducherry,0
SPEC_70774,District Male Hospital Jaunpur,25.759311,82.696597,District Hospital,8,Uttar Pradesh,Jaunpur,0
SPEC_70799,RAJGANGPUR,22.19169,84.59175,Community Health Center,2,Odisha,Sundargarh,0
SPEC_70813,SIRIGERE,14.2853,76.2048,Community Health Center,2,Karnataka,Chitradurga,0
SPEC_70839,Falakata RH,26.5175,89.20525,Community Health Center,2,West Bengal,Alipurduar*,0
SPEC_70873,Bhatkal SDH,13.9974,74.5531,Sub-District Hospital,3,Karnataka,Uttara Kannada,0
SPEC_70910,SUKRULI,21.92107,85.86756,Community Health Center,2,Odisha,Mayurbhanj,0
SPEC_70959,CHC PATHARGAMA,24.946914,87.276937,Community Health Center,2,Jharkhand,GODDA,0
SPEC_70966,Thondarampattu,10.5545,79.3206,Community Health Center,2,Tamil Nadu,Thanjavur,0
SPEC_70998,Rishivandiyam,11.812067,79.100232,Community Health Center,2,Tamil Nadu,Viluppuram,0
SPEC_71002,CHC Chilkana,30.684946,77.470596,Community Health Center,2,Uttar Pradesh,Saharanpur,0
SPEC_71035,CH Rampura,24.466152,75.441756,Sub-District Hospital,3,Madhya Pradesh,Neemuch,0
SPEC_71037,Bansur,27.684422,76.350704,Community Health Center,2,Rajasthan,Alwar,0
SPEC_71046,Rajakamangalam,8.11577,77.379757,Community Health Center,2,Tamil Nadu,Kanniyakumari,0
SPEC_71095,Gandevi,20.809611,72.994837,Community Health Center,2,Gujarat,NAVSARI,0
SPEC_71149,Madhyamgram RH,22.691683,88.466517,Community Health Center,2,West Bengal,North 24 Parganas,0
SPEC_71155,ATHIMANJEERIPET,13.25002,79.43097,Community Health Center,2,Tamil Nadu,Thiruvallur,0
SPEC_71209,RH Raipatan,16.713756,73.673051,Community Health Center,2,Maharashtra,Ratnagiri,0
SPEC_71254,CHC THETHAITANGAR,22.499909,84.51,Community Health Center,2,Jharkhand,SIMDEGA,0
SPEC_71256,Uppidamangalam,10.905,78.1612,Community Health Center,2,Tamil Nadu,Karur,0
SPEC_71260,Arthuna,23.498169,74.0961,Community Health Center,2,Rajasthan,Banswara,0
SPEC_71277,CHC KHARKHOUDA,28.83,77.74,Community Health Center,2,Uttar Pradesh,Meerut,0
SPEC_71335,NABARANGPUR,19.22789,82.54805,District Hospital,8,Odisha,Nabarangapur,0
SPEC_71384,DHH Jajpur,20.84889,86.33257,District Hospital,8,Odisha,Jajapur,0
SPEC_71436,LABBAIKUDIKADU,11.391523,79.033896,Community Health Center,2,Tamil Nadu,Perambalur,0
SPEC_71480,District Hospital Jalore,25.343101,72.624811,District Hospital,8,Rajasthan,Jalor,0
SPEC_71517,CHC (Jalesar Main Centre),27.471456,78.310249,Community Health Center,2,Uttar Pradesh,Etah,0
SPEC_71519,RANI LAXMI BAI COMBINED HOSPITAL,26.831248,80.891852,District Hospital,8,Uttar Pradesh,Lucknow,0
SPEC_71576,R.H. Jamkhed,18.724386,75.312148,Community Health Center,2,Maharashtra,Ahmadnagar,0
SPEC_71614,CHC Bhikangaon,21.863368,75.968424,Community Health Center,2,Madhya Pradesh,West Nimar (Khargone),0
SPEC_71626,Elumalai,9.866241,77.697866,Community Health Center,2,Tamil Nadu,Madurai,0
SPEC_71640,Danpur,28.19264,78.20494,Community Health Center,2,Uttar Pradesh,Bulandshahar,0
SPEC_71684,Ratua BPHC,25.194232,87.931242,Community Health Center,2,West Bengal,Maldah,0
SPEC_71688,CHC Ajaigarh,24.901082,80.258528,Community Health Center,2,Madhya Pradesh,Panna,0
SPEC_71708,CHC Gabhana,28.047968,77.972562,Community Health Center,2,Uttar Pradesh,Aligarh,0
SPEC_71716,CHC Rehti,22.737925,77.43719,Community Health Center,2,Madhya Pradesh,Sehore,0
SPEC_71720,Marwatiya,26.75538,82.679232,Community Health Center,2,Uttar Pradesh,Basti,0
SPEC_71788,"Area Hospital, Nagarkurnool",16.493942,78.310249,Sub-District Hospital,3,Telangana,Mahbubnagar District,0
SPEC_71799,SDH Gokunda,19.604763,78.205485,Sub-District Hospital,3,Maharashtra,Nanded,0
SPEC_71839,Barur,12.305112,78.305268,Community Health Center,2,Tamil Nadu,Krishnagiri,0
SPEC_71863,FRU ANEKAL TALUK HOSPITAL,12.7092,77.6953,Sub-District Hospital,3,Karnataka,Bangalore,0
SPEC_71929,Zamin Endathur,12.4455,79.9338,Community Health Center,2,Tamil Nadu,Kancheepuram,0
SPEC_71936,Charada,23.482435,72.65418,Community Health Center,2,Gujarat,GANDHINAGAR,0
SPEC_71946,DHARMASALA,20.77746,86.16504,Community Health Center,2,Odisha,Jajapur,0
SPEC_71972,CHC Uchehera,24.381483,80.782102,Community Health Center,2,Madhya Pradesh,Satna,0
SPEC_72007,SDH Paranda,18.46,75.65,Sub-District Hospital,3,Maharashtra,Osmanabad,0
SPEC_72019,CHC SIMARIA,24.050671,84.932974,Community Health Center,2,Jharkhand,CHATRA,0
SPEC_72048,Pathardih BPHC,23.191317,86.05935,Community Health Center,2,West Bengal,Purulia,0
SPEC_72051,Mangalampettai,11.6321,79.2823,Community Health Center,2,Tamil Nadu,Cuddalore,0
SPEC_72132,CHC PATHNA,24.847696,87.693378,Community Health Center,2,Jharkhand,SAHIBGANJ,0
SPEC_72212,CHC Antagarh,20.093301,81.161042,Community Health Center,2,Chhattisgarh,Kanker,0
SPEC_72233,CHC VERKA,31.662237,74.926679,Community Health Center,2,Punjab,Amritsar,0
SPEC_72269,Rajiv Gandhi Medical College Thane,19.195317,72.99671,Medical Colleges Hospital,20,Maharashtra,Thane,0
SPEC_72270,CHC Sailana,23.457776,74.928184,Community Health Center,2,Madhya Pradesh,Ratlam,0
SPEC_72299,Sadar Hospital,25.2047,85.51458,District Hospital,8,Bihar,Nalanda,0
SPEC_72301,Norman Tunnel Hospital (Pvt. Hospital),25.444065,92.198822,Civil Hospital/General Hospital,5,Meghalaya,West Jaintia Hills,0
SPEC_72341,Main Centre Pinahat,26.88661,78.3745,Community Health Center,2,Uttar Pradesh,Agra,0
SPEC_72575,CHC Akbarpur (FRU),26.372678,79.955738,Community Health Center,2,Uttar Pradesh,Kanpur Dehat,0
SPEC_72628,Sindhari,25.56333,71.92028,Community Health Center,2,Rajasthan,Barmer,0
SPEC_72648,Arasikere CHC,14.6689,76.0714,Community Health Center,2,Karnataka,Davanagere,0
SPEC_72692,Chuda,22.485302,71.698627,Community Health Center,2,Gujarat,SURENDRANAGAR,0
SPEC_72729,Rupangarh,26.794732,74.852175,Community Health Center,2,Rajasthan,Ajmer,0
SPEC_72735,CHC Malkharoda,21.875152,82.988674,Community Health Center,2,Chhattisgarh,Janjgir - Champa,0
SPEC_72791,CHC Anta,25.15,76.3,Community Health Center,2,Rajasthan,Baran,0
SPEC_72849,Elavanasurkottai,11.7145,79.1802,Community Health Center,2,Tamil Nadu,Viluppuram,0
SPEC_72851,CHENDIPADA,21.08657,84.88687,Community Health Center,2,Odisha,Anugul,0
SPEC_72891,Dhupguri RH,26.57917,89.02917,Community Health Center,2,West Bengal,Jalpaiguri,0
SPEC_72904,NIALI,20.13949,86.06837,Community Health Center,2,Odisha,Cuttack,0
SPEC_72973,RAJEPUR,27.47949,79.663408,Community Health Center,2,Uttar Pradesh,Farrukhabad,0
SPEC_73037,SHAHPUR TH,16.704238,76.840405,Sub-District Hospital,3,Karnataka,Yadgir,0
SPEC_73043,Umreth,22.69,73.11,Community Health Center,2,Gujarat,ANAND,0
SPEC_73085,Amtala Rural Hospital,23.9307,88.4485,Community Health Center,2,West Bengal,Murshidabad,0
SPEC_73094,Godhanpara BPHC,24.22,88.55,Community Health Center,2,West Bengal,Murshidabad,0
SPEC_73128,CHC Harike,31.165073,74.945646,Community Health Center,2,Punjab,Tarn Taran,0
SPEC_73129,RH Mhasawad,21.64,74.48,Community Health Center,2,Maharashtra,Nandurbar,0
SPEC_73152,Bajpur CHC,29.166708,79.146557,Community Health Center,2,Uttarakhand,Udham Singh Nagar,0
SPEC_73188,ALAND TH,17.5684,76.5667,Sub-District Hospital,3,Karnataka,Gulbarga,0
SPEC_73269,Salboni RH,22.640457,87.315176,Community Health Center,2,West Bengal,Paschim Medinipur,0
SPEC_73311,CHC Bhadson,30.508136,76.245916,Community Health Center,2,Punjab,Patiala,0
SPEC_73414,SDH Dhuri,30.367013,75.860649,Sub-District Hospital,3,Punjab,Sangrur,0
SPEC_73452,Sri Ram Ayodya,26.792512,82.199627,District Hospital,8,Uttar Pradesh,Faizabad,0
SPEC_73512,Khandar,26.01876,76.37629,Community Health Center,2,Rajasthan,Sawai Madhopur,0
SPEC_73524,Nandigram B M Pal BPHC,22.000397,87.058377,Community Health Center,2,West Bengal,Purba Medinipur,0
SPEC_73529,NOTIONAL Surjagarh,28.30938,75.732712,Community Health Center,2,Rajasthan,Jhunjhunun,0
SPEC_73557,Kuttakuzhi,8.3118,77.2614,Community Health Center,2,Tamil Nadu,Kanniyakumari,0
SPEC_73616,District Hospital Barnala,30.375505,75.545201,District Hospital,8,Punjab,Barnala,0
SPEC_73661,CHC BARHI,24.301173,85.427907,Community Health Center,2,Jharkhand,HAZARIBAGH,0
SPEC_73667,SADAR HOSPITAL,23.99762,85.356447,District Hospital,8,Jharkhand,HAZARIBAGH,0
SPEC_73671,District Women Hospital Jaunpur,25.759194,82.697107,District Hospital,8,Uttar Pradesh,Jaunpur,0
SPEC_73676,Ghutiari Sharif BPHC,22.372983,88.54655,Community Health Center,2,West Bengal,South 24 Parganas,0
SPEC_73689,Chiephobozou CHC,25.793135,94.131282,Community Health Center,2,Nagaland,Kohima,0
SPEC_73719,SDH-GANGAKHED,18.967801,76.7463,Sub-District Hospital,3,Maharashtra,Parbhani,0
SPEC_73754,Tharamangalam,11.695027,77.963161,Community Health Center,2,Tamil Nadu,Salem,0
SPEC_73764,HATIBARI,22.38982,84.84171,Community Health Center,2,Odisha,Sundargarh,0
SPEC_73775,CHC Banga,31.184425,75.996057,Community Health Center,2,Punjab,Shahid Bhagat Singh Nagar (Nawanshahr),0
SPEC_73854,Chandaus PHC,28.080325,77.859114,Community Health Center,2,Uttar Pradesh,Aligarh,0
SPEC_73882,Tosina,27.234541,74.629143,Community Health Center,2,Rajasthan,Nagaur,0
SPEC_73904,CHC AJITMAL,26.572988,79.309937,Community Health Center,2,Uttar Pradesh,Auraiya,0
SPEC_73937,(FRU) KADUR TALUKA HOSPITAL,13.5537,76.0142,Sub-District Hospital,3,Karnataka,Chikmagalur,0
SPEC_73939,Uniara,25.915607,76.026748,Community Health Center,2,Rajasthan,Tonk,0
SPEC_73982,SDH Manchar,19.0026,73.9502,Sub-District Hospital,3,Maharashtra,Pune,0
SPEC_73983,SDH Bhor,18.143933,73.851974,Sub-District Hospital,3,Maharashtra,Pune,0
SPEC_73995,RH Ashti,18.804391,75.168039,Community Health Center,2,Maharashtra,Beed,0
SPEC_74002,Chennimalai,11.1629,77.6018,Community Health Center,2,Tamil Nadu,Erode,0
SPEC_74025,RH Karanja,21.161681,78.403931,Community Health Center,2,Maharashtra,Wardha,0
SPEC_74084,Thoubal District Hospital,24.62503,94.01264,District Hospital,8,Manipur,THOUBAL,0
SPEC_74117,Veppanapalli,12.701991,78.194203,Community Health Center,2,Tamil Nadu,Krishnagiri,0
SPEC_74154,RH Wadgaon Maval,18.4527,73.3538,Community Health Center,2,Maharashtra,Pune,0
SPEC_74160,Malaikovilur,10.8483,77.9714,Community Health Center,2,Tamil Nadu,Karur,0
SPEC_74199,Napsar,27.96527,73.56319,Community Health Center,2,Rajasthan,Bikaner,0
SPEC_74237,RH Pendurkatta,16.076391,73.619302,Community Health Center,2,Maharashtra,Sindhudurg,0
SPEC_74257,BPHC Vikamjot,26.802198,82.29344,Community Health Center,2,Uttar Pradesh,Basti,0
SPEC_74265,KHANAPUR TH,15.6392,74.6018,Sub-District Hospital,3,Karnataka,Belgaum,0
SPEC_74286,CHC Akhand Nagar,26.202698,82.57913,Community Health Center,2,Uttar Pradesh,Sultanpur,0
SPEC_74322,K.A.P.VISWANATHAN GOVT. MEDICAL COLLEGE,10.797636,78.679303,Medical Colleges Hospital,20,Tamil Nadu,Tiruchirappalli,0
SPEC_74327,CHC Metangliang,28.12338,96.31865,Community Health Center,2,Arunachal Pradesh,Anjaw,0
SPEC_74334,Bhinmal,25.008513,72.262471,Community Health Center,2,Rajasthan,Jalor,0
SPEC_74336,CHC Doiwala,30.107764,78.073759,Community Health Center,2,Uttarakhand,Dehradun,0
SPEC_74373,Chanibari,29.183,75.333,Community Health Center,2,Rajasthan,Hanumangarh,0
SPEC_74418,CHC KUMARDUNGI,22.213207,85.876767,Community Health Center,2,Jharkhand,PASHCHIMI SINGHBHUM,0
SPEC_74426,District hospital Nagaur,27.399509,74.575607,District Hospital,8,Rajasthan,Nagaur,0
SPEC_74572,CHC TISRI,24.569298,86.058983,Community Health Center,2,Jharkhand,GIRIDIH,0
SPEC_74573,Dr Ram Manohar Lohiya Male,27.380979,79.601945,District Hospital,8,Uttar Pradesh,Farrukhabad,0
SPEC_74583,GOKAVARAM,17.257501,81.850507,Community Health Center,2,Andhra Pradesh,East Godavari District,0
SPEC_74611,Kadayam,8.830539,77.371249,Community Health Center,2,Tamil Nadu,Tirunelveli,0
SPEC_74642,GSVM Medical College,26.28464,80.182653,Medical Colleges Hospital,20,Uttar Pradesh,Kanpur Nagar,0
SPEC_74654,CHC Polaykalan,23.1242,76.3312,Community Health Center,2,Madhya Pradesh,Shajapur,0
SPEC_74700,Bishnupur District Hospital,24.631633,93.761675,District Hospital,8,Manipur,BISHNUPUR,0
SPEC_74728,CHC Bela Bhela,26.139494,81.236193,Community Health Center,2,Uttar Pradesh,Rae Bareli,0
SPEC_74744,CITY HOSPITAL,20.46617,85.87079,District Hospital,8,Odisha,Cuttack,0
SPEC_74764,Sanis CHC,26.408056,94.304444,Community Health Center,2,Nagaland,Wokha,0
SPEC_74831,CHC KALAN,27.70222,79.445224,Community Health Center,2,Uttar Pradesh,Shahjahanpur,0
SPEC_74857,Moriya,24.112977,72.6687,Community Health Center,2,Gujarat,BANASKANTHA,0
SPEC_74932,Malkhan Singh District Hospital,27.889327,78.071896,District Hospital,8,Uttar Pradesh,Aligarh,0
SPEC_74978,District Women Hospital Faizabad,26.77801,82.14221,District Hospital,8,Uttar Pradesh,Faizabad,0
SPEC_74981,Ponnapuram,10.7001,77.3905,Community Health Center,2,Tamil Nadu,Tiruppur,0
SPEC_75045,K NUAGAON,20.13698,84.01454,Community Health Center,2,Odisha,Kandhamal,0
SPEC_75068,Illambazar RH,23.624283,87.538733,Community Health Center,2,West Bengal,Birbhum,0
SPEC_75114,Sangriya,25.822453,74.856377,Community Health Center,2,Rajasthan,Bhilwara,0
SPEC_75162,HATABHARANDI,20.01513,81.91457,Community Health Center,2,Odisha,Nabarangapur,0
SPEC_75181,CHC Bahadrabad,29.55,78.02,Community Health Center,2,Uttarakhand,Haridwar,0
SPEC_75228,Base Hospital Srinagar,30.136041,78.488334,Sub-District Hospital,3,Uttarakhand,Garhwal,0
SPEC_75254,CHC Naigarhi,24.781595,81.770499,Community Health Center,2,Madhya Pradesh,Rewa,0
SPEC_75287,Aranghata RH,23.239617,88.62655,Community Health Center,2,West Bengal,Nadia,0
SPEC_75312,BHANDARIPOKHARI,20.96073,86.3718,Community Health Center,2,Odisha,Bhadrak,0
SPEC_75320,DH Satna,24.63,80.82,District Hospital,8,Madhya Pradesh,Satna,0
SPEC_75333,CHC CHINAKURALI,12.5398,76.5995,Community Health Center,2,Karnataka,Mandya,0
SPEC_75369,RH Nagarsul,20.13731,74.59753,Community Health Center,2,Maharashtra,Nashik,0
SPEC_75425,DH REWA,24.537293,81.30418,District Hospital,8,Madhya Pradesh,Rewa,0
SPEC_75481,Bera,26.0685,73.8684,Community Health Center,2,Rajasthan,Pali,0
SPEC_75538,Garh-1,28.78349,78.100175,Community Health Center,2,Uttar Pradesh,Hapur,0
SPEC_75594,BELLARY DH,15.1448,76.935,District Hospital,8,Karnataka,Bellary,0
SPEC_75626,DH Anuppur,23.113655,81.697624,District Hospital,8,Madhya Pradesh,Anuppur,0
SPEC_75653,Alagre CHC,25.338739,90.307532,Community Health Center,2,Meghalaya,West Garo Hills,0
SPEC_75712,NOTIONAL Choth Ka Barwara,26.01876,76.37629,Community Health Center,2,Rajasthan,Sawai Madhopur,0
SPEC_75740,CHC Govindgarh,24.38,81.3,Community Health Center,2,Madhya Pradesh,Rewa,0
SPEC_75805,CHC Damua,22.1913,78.58,Community Health Center,2,Madhya Pradesh,Chhindwara,0
SPEC_75842,"Mahatma Gandhi Model Hospital , Adabari",26.2927,91.433433,Community Health Center,2,Assam,Nalbari,0
SPEC_75867,Ashokapuram CHC,12.2861,76.6407,Community Health Center,2,Karnataka,Mysore,0
SPEC_75900,SDH Shahapur,19.455212,73.327734,Sub-District Hospital,3,Maharashtra,Thane,0
SPEC_75904,FRU Yelburga Taluka Hospital,15.6133,76.0113,Sub-District Hospital,3,Karnataka,Koppal,0
SPEC_75924,Badagaonv,27.05,76.933333,Community Health Center,2,Rajasthan,Dausa,0
SPEC_76044,CHC Kunkuri,22.741682,83.950408,Community Health Center,2,Chhattisgarh,Jashpur,0
SPEC_76116,CHC HARIHARGANJ,24.546636,84.281784,Community Health Center,2,Jharkhand,PALAMU,0
SPEC_76119,CHC CHAS,23.624448,86.178356,Community Health Center,2,Jharkhand,BOKARO,0
SPEC_76125,CHC Baldi (Killod),22.18,76.77,Community Health Center,2,Madhya Pradesh,East Nimar (Khandwa),0
SPEC_76276,CHC DIPKA,22.349608,82.542997,Community Health Center,2,Chhattisgarh,Korba,0
SPEC_76285,Kosithal,25.3133,74.189744,Community Health Center,2,Rajasthan,Bhilwara,0
SPEC_76314,Sub-District Hospital Arvi,20.842128,78.539886,Sub-District Hospital,3,Maharashtra,Wardha,0
SPEC_76326,Ummulong CHC,25.516255,92.156432,Community Health Center,2,Meghalaya,West Jaintia Hills,0
SPEC_76343,Mudhol CHC,16.3355,75.2846,Community Health Center,2,Karnataka,Bagalkot,0
SPEC_76373,KASHINAGAR,18.85097,83.87415,Community Health Center,2,Odisha,Gajapati,0
SPEC_76394,RH Pachora,20.797522,75.383377,Community Health Center,2,Maharashtra,Jalgaon,0
SPEC_76437,SDH Pen,18.734674,73.094162,Sub-District Hospital,3,Maharashtra,Raigarh,0
SPEC_76451,Jaswant Nagar,26.874485,78.911138,Community Health Center,2,Uttar Pradesh,Etawah,0
SPEC_76525,CHC JAMTARA,23.960923,86.820823,Community Health Center,2,Jharkhand,JAMTARA,0
SPEC_76540,Narayanpur,27.512529,76.299591,Community Health Center,2,Rajasthan,Alwar,0
SPEC_76541,CHC Tohra,30.519866,76.316278,Community Health Center,2,Punjab,Patiala,0
SPEC_76645,CHC Sheopura,27.63602,82.174767,Community Health Center,2,Uttar Pradesh,Balrampur,0
SPEC_76672,CHC SURIYAWAN,25.458257,82.427282,Community Health Center,2,Uttar Pradesh,Sant Ravidas Nagar (Bhadohi),0
SPEC_76711,CHC Ballianwali,30.183905,75.18935,Community Health Center,2,Punjab,Bathinda,0
SPEC_76732,Sadullanagar,27.104721,82.380803,Community Health Center,2,Uttar Pradesh,Balrampur,0
SPEC_76792,Araidanga BPHC,25.118302,87.989046,Community Health Center,2,West Bengal,Maldah,0
SPEC_76796,Ganoda,23.759727,74.41299,Community Health Center,2,Rajasthan,Banswara,0
SPEC_76818,Kolavada,23.574639,72.671351,Community Health Center,2,Gujarat,MAHESANA,0
SPEC_76845,CHC Uttroula,27.317267,82.414758,Community Health Center,2,Uttar Pradesh,Balrampur,0
SPEC_76873,Baragaon,25.474907,78.704893,Community Health Center,2,Uttar Pradesh,Jhansi,0
SPEC_76883,KudachiCHC,16.6219,74.8551,Community Health Center,2,Karnataka,Belgaum,0
SPEC_76966,R.H.Mangrulpir,20.314872,77.341942,Community Health Center,2,Maharashtra,Washim *,0
SPEC_76999,Kotshila RH,23.403717,86.06945,Community Health Center,2,West Bengal,Purulia,0
SPEC_77022,Bhabhar,24.070332,71.597704,Community Health Center,2,Gujarat,BANASKANTHA,0
SPEC_77081,RH Sawana,19.814514,77.727671,Community Health Center,2,Maharashtra,Yavatmal,0
SPEC_77104,Kotabhag CHC,29.39852,79.30079,Community Health Center,2,Uttarakhand,Nainital,0
SPEC_77127,SAINTALA,20.44363,83.36145,Community Health Center,2,Odisha,Balangir,0
SPEC_77144,ODAGAON CHC,20.01716,84.97991,Community Health Center,2,Odisha,Nayagarh,0
SPEC_77213,CHC-Mahmudabad-Mahmudabad,27.300803,81.122911,Community Health Center,2,Uttar Pradesh,Sitapur,0
SPEC_77214,Rural Hospital Somardi,17.8557,73.8878,Community Health Center,2,Maharashtra,Satara,0
SPEC_77234,CHC Ghuwara,24.504071,79.084276,Community Health Center,2,Madhya Pradesh,Chhatarpur,0
SPEC_77237,Valapady,11.6566,78.4035,Sub-District Hospital,3,Tamil Nadu,Salem,0
SPEC_77347,Malebennur CHC,14.3573,75.7412,Community Health Center,2,Karnataka,Davanagere,0
SPEC_77349,CHC Dhanpuri,23.230793,81.469093,Community Health Center,2,Madhya Pradesh,Shahdol,0
SPEC_77436,Anantapur BPHC,22.3234,87.8205,Community Health Center,2,West Bengal,Purba Medinipur,0
SPEC_77473,DH GANDERBAL,34.217194,74.773009,District Hospital,8,Jammu & Kashmir,Ganderbal,0
SPEC_77513,Naduveerapattu,11.7218,79.6268,Community Health Center,2,Tamil Nadu,Cuddalore,0
SPEC_77539,Sardarsahar,28.438301,74.485931,Community Health Center,2,Rajasthan,Churu,0
SPEC_77564,Pinan,27.2613,76.7509,Community Health Center,2,Rajasthan,Alwar,0
SPEC_77580,RH Khondamali,21.443114,74.3269,Community Health Center,2,Maharashtra,Nandurbar,0
SPEC_77611,Badau,28.128875,75.399509,Community Health Center,2,Rajasthan,Jhunjhunun,0
SPEC_77624,SANTHPUR,18.1612,77.4395,Community Health Center,2,Karnataka,Bidar,0
SPEC_77739,Hili Rural Hospital,25.279423,88.992022,Community Health Center,2,West Bengal,Dakhshin Dinajpur,0
SPEC_77789,CHC Tharali,30.044018,79.301196,Community Health Center,2,Uttarakhand,Chamoli,0
SPEC_77915,Chandpara BPHC,22.94075,88.77735,Community Health Center,2,West Bengal,North 24 Parganas,0
SPEC_78024,Barodamav,27.483167,76.869213,Community Health Center,2,Rajasthan,Alwar,0
SPEC_78047,GALLERY,20.09472,84.56743,Community Health Center,2,Odisha,Ganjam,0
SPEC_78100,Dr. RAM MANOHAR LOHIA COMBINED HOSPITAL,26.869227,81.0,District Hospital,8,Uttar Pradesh,Lucknow,0
SPEC_78118,CHC Tamia,22.344223,78.669658,Community Health Center,2,Madhya Pradesh,Chhindwara,0
SPEC_78121,Pachur,12.594982,78.460761,Community Health Center,2,Tamil Nadu,Vellore,0
SPEC_78186,Lokbandhu Sri Rajnarain Combined Hospital,26.733295,80.901042,District Hospital,8,Uttar Pradesh,Lucknow,0
SPEC_78211,BIJEPUR,21.19,83.4677,Community Health Center,2,Odisha,Bargarh,0
SPEC_78242,Kamgar Hospital (ESIS),19.203566,72.954015,Community Health Center,2,Maharashtra,Thane,0
SPEC_78296,DH KHARGONE,21.831886,75.628223,District Hospital,8,Madhya Pradesh,West Nimar (Khargone),0
SPEC_78297,Piloda,26.6,76.83,Community Health Center,2,Rajasthan,Sawai Madhopur,0
SPEC_78305,JAMDA,22.25993,86.05316,Community Health Center,2,Odisha,Mayurbhanj,0
SPEC_78336,CHC Kanaili (Bara),25.35819,81.43685,Community Health Center,2,Uttar Pradesh,Kaushambi,0
SPEC_78388,Mandhan,28.107966,76.378198,Community Health Center,2,Rajasthan,Alwar,0
SPEC_78395,Sadri,25.005517,74.063059,Community Health Center,2,Rajasthan,Pali,0
SPEC_78559,Rawatpura,24.457463,74.272428,Community Health Center,2,Rajasthan,Chittaurgarh,0
SPEC_78596,Nohar,29.183,74.766,Community Health Center,2,Rajasthan,Hanumangarh,0
SPEC_78603,CHC PANKI,24.037621,84.476506,Community Health Center,2,Jharkhand,PALAMU,0
SPEC_78620,CHC PALAJORI,24.238989,87.013301,Community Health Center,2,Jharkhand,DEOGHAR,0
SPEC_78632,RH Wani,20.061091,78.95874,Community Health Center,2,Maharashtra,Yavatmal,0
SPEC_78638,District Male Hospital Kheri,27.94603,80.78435,District Hospital,8,Uttar Pradesh,Kheri,0
SPEC_78747,Bishnupur RH,23.380117,88.417454,Community Health Center,2,West Bengal,Nadia,0
SPEC_78872,CHC Badshahpur,30.224622,76.2427,Community Health Center,2,Punjab,Patiala,0
SPEC_78890,KHARIAR ROAD,20.89191,82.50769,Community Health Center,2,Odisha,Nuapada,0
SPEC_78899,K.T.S. GH. Gondia,21.44764,80.198479,District Hospital,8,Maharashtra,Gondiya *,0
SPEC_78965,Deoli,25.758218,75.381816,Community Health Center,2,Rajasthan,Tonk,0
SPEC_78989,Sonamura CHC,23.02905,91.015812,Community Health Center,2,Tripura,Sepahijala District,0
SPEC_79000,Kurgaon,26.45778,76.83044,Community Health Center,2,Rajasthan,Karauli,0
SPEC_79063,Mallasamudram,11.4871,78.0316,Community Health Center,2,Tamil Nadu,Namakkal,0
SPEC_79070,RUPSA,21.62187,87.01967,Community Health Center,2,Odisha,Baleshwar,0
SPEC_79136,Jaitaran,26.2031,73.9364,Community Health Center,2,Rajasthan,Pali,0
SPEC_79156,CHC Sirmour,24.835765,81.363614,Community Health Center,2,Madhya Pradesh,Rewa,0
SPEC_79287,NARONA,17.5111,76.7144,Community Health Center,2,Karnataka,Gulbarga,0
SPEC_79348,CHC Kurali,30.832688,76.579438,Community Health Center,2,Punjab,Sahibzada Ajit Singh Nagar,0
SPEC_79405,CHC Boleng,28.193,94.5725,Community Health Center,2,Arunachal Pradesh,East Siang,0
SPEC_79522,CHC Kasdol,21.6349,82.4202,Community Health Center,2,Chhattisgarh,BALODA BAJAR,0
SPEC_79525,District Male Hospital Lalitpur,24.696081,78.412603,District Hospital,8,Uttar Pradesh,Lalitpur,0
SPEC_79532,SDH Kankavli,16.258755,73.715,Sub-District Hospital,3,Maharashtra,Sindhudurg,0
SPEC_79550,Rajkiya Mahila Chikitsalaya Mughalsarai,25.281886,83.122856,District Hospital,8,Uttar Pradesh,Chandauli,0
SPEC_79556,Kadaura,25.98432,79.833692,Community Health Center,2,Uttar Pradesh,Jalaun,0
SPEC_79560,R H Deulgaon Mahi,20.088319,76.1801,Community Health Center,2,Maharashtra,Buldana,0
SPEC_79567,CHC Singodi,22.302998,79.056712,Community Health Center,2,Madhya Pradesh,Chhindwara,0
SPEC_79588,RON TLH,15.6947,75.7276,Sub-District Hospital,3,Karnataka,Gadag,0
SPEC_79675,Baswa BPHC,24.135331,87.876691,Community Health Center,2,West Bengal,Birbhum,0
SPEC_79721,Kolukhor,25.956511,83.254804,Community Health Center,2,Uttar Pradesh,Azamgarh,0
SPEC_79726,Combined Hospital Ramnagar,29.39223,79.1247,Sub-District Hospital,3,Uttarakhand,Nainital,0
SPEC_79786,Dist Malaria Office,20.529385,76.184274,Sub-District Hospital,3,Maharashtra,Buldana,0
SPEC_79804,KHANDADEULI,19.48351,85.01366,Community Health Center,2,Odisha,Ganjam,0
SPEC_79865,CHC Suthaliya,24.000778,77.124871,Community Health Center,2,Madhya Pradesh,Rajgarh,0
SPEC_79877,Pt Deen Dayal District Combined Hospital,27.90586,78.100012,District Hospital,8,Uttar Pradesh,Aligarh,0
SPEC_79919,KALASA,13.234359,75.355793,Community Health Center,2,Karnataka,Chikmagalur,0
SPEC_79953,Kankroli,24.066667,73.883333,Community Health Center,2,Rajasthan,Rajsamand,0
SPEC_79983,CHC Manpur,22.436202,75.613775,Community Health Center,2,Madhya Pradesh,Indore,0
SPEC_79997,Baskhari,26.511296,82.833882,Community Health Center,2,Uttar Pradesh,Ambedkar Nagar,0
SPEC_80041,Sainthal,27.034005,76.311623,Community Health Center,2,Rajasthan,Dausa,0
SPEC_80161,Garhmukteshwar,28.78349,78.100175,Community Health Center,2,Uttar Pradesh,Hapur,0
SPEC_80162,JALALPUR,26.301279,82.754512,Community Health Center,2,Uttar Pradesh,Ambedkar Nagar,0
SPEC_80175,CH Amarpatan,24.31758,80.97329,Sub-District Hospital,3,Madhya Pradesh,Satna,0
SPEC_80199,"District Hospital (Sattelite), Bikaner",28.020523,73.302519,District Hospital,8,Rajasthan,Bikaner,0
SPEC_80207,CHC GHUGHARI,22.679772,80.690251,Community Health Center,2,Madhya Pradesh,Mandla,0
SPEC_80219,DH Raisen,23.332733,77.782397,District Hospital,8,Madhya Pradesh,Raisen,0
SPEC_80245,CHC MANGALORE,15.5184,76.151,Community Health Center,2,Karnataka,Koppal,0
SPEC_80266,Bhadaura,25.454127,83.739827,Community Health Center,2,Uttar Pradesh,Ghazipur,0
SPEC_80273,PODIA,18.17412,81.54366,Community Health Center,2,Odisha,Malkangiri,0
SPEC_80284,CHC Sardarpur,22.659777,74.979835,Community Health Center,2,Madhya Pradesh,Dhar,0
SPEC_80299,RH KAGAL,16.591314,74.310371,Community Health Center,2,Maharashtra,Kolhapur,0
SPEC_80327,Jahangirabad,28.410967,78.111732,Community Health Center,2,Uttar Pradesh,Bulandshahar,0
SPEC_80349,BALIGUDA,20.19838,83.9123,Sub-District Hospital,3,Odisha,Kandhamal,0
SPEC_80388,CHC Bhagwanpura,21.619314,75.589703,Community Health Center,2,Madhya Pradesh,West Nimar (Khargone),0
SPEC_80427,Mawiong CHC,25.5,91.84,Community Health Center,2,Meghalaya,East Khasi Hills,0
SPEC_80429,Bahrawdakhurd,26.983333,76.36667,Community Health Center,2,Rajasthan,Sawai Madhopur,0
SPEC_80431,Biswanathpur BPHC,22.700533,88.6387,Community Health Center,2,West Bengal,North 24 Parganas,0
SPEC_80447,District Combined Hospital  Baghpat,28.97499,77.21393,District Hospital,8,Uttar Pradesh,Baghpat,0
SPEC_80463,FRU KOPPAL DISTRICT HOSPITAL,15.5361,76.2711,District Hospital,8,Karnataka,Koppal,0
SPEC_80476,Kottur CHC,14.8215,76.2179,Community Health Center,2,Karnataka,Bellary,0
SPEC_80555,CHC Mohla,20.584063,80.747154,Community Health Center,2,Chhattisgarh,Rajnandgaon,0
SPEC_80572,Lakheri,25.665711,76.1847,Community Health Center,2,Rajasthan,Bundi,0
SPEC_80578,Alanganallur,10.0491,78.091,Community Health Center,2,Tamil Nadu,Madurai,0
SPEC_80607,Badla BPHC,23.159117,88.298167,Community Health Center,2,West Bengal,Bardhaman,0
SPEC_80627,Longleng DH,26.644444,94.873056,District Hospital,8,Nagaland,Longleng,0
SPEC_80637,Hindoli,25.57877,75.498421,Community Health Center,2,Rajasthan,Bundi,0
SPEC_80648,(FRU) BELTANGADI TALUKA HOSPITAL,12.9883,75.2758,Sub-District Hospital,3,Karnataka,Dakshina Kannada,0
SPEC_80652,CHC Harpalpur,27.32432,79.8432,Community Health Center,2,Uttar Pradesh,Hardoi,0
SPEC_80665,Sub District Hospital Morshi,21.326968,78.007028,Sub-District Hospital,3,Maharashtra,Amravati,0
SPEC_80689,Viralimalai,10.6041,78.5453,Community Health Center,2,Tamil Nadu,Pudukkottai,0
SPEC_80817,CHC Goiliang,28.0867,96.38319,Community Health Center,2,Arunachal Pradesh,Anjaw,0
SPEC_80944,Perambakkam,13.035536,79.811606,Community Health Center,2,Tamil Nadu,Thiruvallur,0
SPEC_80950,CHC KHUNTPANI,22.634191,85.720954,Community Health Center,2,Jharkhand,PASHCHIMI SINGHBHUM,0
SPEC_80960,Ramgarh CHC,29.427221,79.550853,Community Health Center,2,Uttarakhand,Nainital,0
SPEC_80975,FRU KUKKANOOR,15.4929,75.9955,Community Health Center,2,Karnataka,Koppal,0
SPEC_80981,Sibsagar Civil Hospital,26.95535,94.490133,District Hospital,8,Assam,Sibsagar,0
SPEC_81006,CHC Bareli,23.005627,78.230752,Community Health Center,2,Madhya Pradesh,Raisen,0
SPEC_81007,RH Guhagar,17.462781,73.194554,Community Health Center,2,Maharashtra,Ratnagiri,0
SPEC_81048,Lawaan,26.772963,76.21025,Community Health Center,2,Rajasthan,Dausa,0
SPEC_81070,Debra Rural Hospital,22.381876,87.562022,Community Health Center,2,West Bengal,Paschim Medinipur,0
SPEC_81076,RH Dabhadi,20.550076,74.451577,Community Health Center,2,Maharashtra,Nashik,0
SPEC_81087,Y.N.HOSAKOTE,14.2799,77.1745,Community Health Center,2,Karnataka,Tumkur,0
SPEC_81148,DODDAKUNCHE,12.8633,76.267,Community Health Center,2,Karnataka,Hassan,0
SPEC_81181,SDH Moonak,29.821782,75.879809,Sub-District Hospital,3,Punjab,Sangrur,0
SPEC_81237,Basantia BPHC,21.806383,87.816883,Community Health Center,2,West Bengal,Purba Medinipur,0
SPEC_81248,District Hospital Jalna,19.831672,75.874076,District Hospital,8,Maharashtra,Jalna,0
SPEC_81287,RAJESHWAR,17.7894,77.0332,Community Health Center,2,Karnataka,Bidar,0
SPEC_81288,Swar,29.027614,79.05728,Community Health Center,2,Uttar Pradesh,Rampur,0
SPEC_81292,Jahazpur,25.618649,75.276196,Community Health Center,2,Rajasthan,Bhilwara,0
SPEC_81305,CHC Badhni Kalan,30.680539,75.293855,Community Health Center,2,Punjab,Moga,0
SPEC_81344,Kudalasangama CHC,16.1993,76.0485,Community Health Center,2,Karnataka,Bagalkot,0
SPEC_81354,GH Gurgaon,28.45,77.07,District Hospital,8,Haryana,Gurgaon,0
SPEC_81408,"Sadar Hospital, Hajipur",25.690632,85.208266,District Hospital,8,Bihar,Vaishali,0
SPEC_81490,CHC SHAHPURA,23.184429,80.704808,Community Health Center,2,Madhya Pradesh,Dindori,0
SPEC_81576,Sub Divisional Hospital Barsoi,25.61932,87.92951,Sub-District Hospital,3,Bihar,Katihar,0
SPEC_81579,R.H. Sangamner,19.578192,74.207884,Community Health Center,2,Maharashtra,Ahmadnagar,0
SPEC_81586,Bawri,26.616462,73.192763,Community Health Center,2,Rajasthan,Jodhpur,0
SPEC_81663,Padmakunvarba  General Hospital (PKG) Rajkot,22.289778,70.808265,District Hospital,8,Gujarat,RAJKOT,0
SPEC_81671,SDH Patnagarh,20.70874,83.12926,Sub-District Hospital,3,Odisha,Balangir,0
SPEC_81750,Saktipur BPHC,23.863042,88.194869,Community Health Center,2,West Bengal,Murshidabad,0
SPEC_81770,Alwarthirunagari,8.608087,77.934871,Community Health Center,2,Tamil Nadu,Thoothukkudi,0
SPEC_81810,CHC LITIPARA,24.69,87.61,Community Health Center,2,Jharkhand,PAKAUR,0
SPEC_81830,R H Bibi,20.020786,76.377397,Community Health Center,2,Maharashtra,Buldana,0
SPEC_81891,CHC Bhagta,30.477565,75.095914,Community Health Center,2,Punjab,Bathinda,0
SPEC_81900,CHC NIGHASAN,28.23807,80.862717,Community Health Center,2,Uttar Pradesh,Kheri,0
SPEC_81902,Simalwara,23.567627,73.75367,Community Health Center,2,Rajasthan,Dungarpur,0
SPEC_82019,TH RAMPUR,19.54512,82.93883,Community Health Center,2,Odisha,Kalahandi,0
SPEC_82026,Pongalur,10.9702,77.3742,Community Health Center,2,Tamil Nadu,Tiruppur,0
SPEC_82028,CHC Sehra,21.808857,77.884539,Community Health Center,2,Madhya Pradesh,Betul,0
SPEC_82029,CHC jaisinghpur,26.281343,82.248237,Community Health Center,2,Uttar Pradesh,Sultanpur,0
SPEC_82125,Kalol,22.607662,73.460019,Community Health Center,2,Gujarat,PANCHMAHALS,0
SPEC_82176,NAYAGARH DHH,20.12669,85.10741,District Hospital,8,Odisha,Nayagarh,0
SPEC_82191,CHC TARSIKKA,31.644391,75.119213,Community Health Center,2,Punjab,Amritsar,0
SPEC_82195,CHC BALODA,22.134357,82.470962,Community Health Center,2,Chhattisgarh,Janjgir - Champa,0
SPEC_82216,CHC Dahi,22.110472,74.587436,Community Health Center,2,Madhya Pradesh,Dhar,0
SPEC_82312,CHC Jahangeerganj,26.412149,82.977095,Community Health Center,2,Uttar Pradesh,Ambedkar Nagar,0
SPEC_82364,Dakshin Narayanpur RH,22.795017,87.896383,Community Health Center,2,West Bengal,Hooghly,0
SPEC_82392,RH Paud 1,18.3125,73.3707,Community Health Center,2,Maharashtra,Pune,0
SPEC_82423,Orathur,11.425,79.5821,Community Health Center,2,Tamil Nadu,Cuddalore,0
SPEC_82486,R.H. Wambori,19.289593,74.730668,Community Health Center,2,Maharashtra,Ahmadnagar,0
SPEC_82523,Kattuputhur,10.9936,78.2152,Community Health Center,2,Tamil Nadu,Tiruchirappalli,0
SPEC_82536,CHC Sikandra Rao,27.69117,78.36636,Community Health Center,2,Uttar Pradesh,Mahamaya Nagar,0
SPEC_82552,MUNGOD TH,14.9743,75.0409,Sub-District Hospital,3,Karnataka,Uttara Kannada,0
SPEC_82598,Valia,21.57314,73.159589,Community Health Center,2,Gujarat,BHARUCH,0
SPEC_82614,BOMKEI,19.28471,84.53796,Community Health Center,2,Odisha,Ganjam,0
SPEC_82645,KOREI,20.96999,86.18684,Community Health Center,2,Odisha,Jajapur,0
SPEC_82695,Paharhati BPHC,23.242733,88.100183,Community Health Center,2,West Bengal,Bardhaman,0
SPEC_82720,Bari BPHC,23.014267,86.537783,Community Health Center,2,West Bengal,Purulia,0
SPEC_82750,FRU Hiresindogi,15.2971,76.0929,Community Health Center,2,Karnataka,Koppal,0
SPEC_82780,Thondi,9.736941,79.015488,Community Health Center,2,Tamil Nadu,Ramanathapuram,0
SPEC_82799,District Women Hospital Bahraich,27.573143,81.605208,District Hospital,8,Uttar Pradesh,Bahraich,0
SPEC_82891,SDH DHARMAGARH,19.86835,82.78148,Sub-District Hospital,3,Odisha,Kalahandi,0
SPEC_82897,CHC Nepanager,21.450082,76.388648,Community Health Center,2,Madhya Pradesh,Burhanpur,0
SPEC_82922,CHC BUNDU,23.163295,85.589793,Community Health Center,2,Jharkhand,RANCHI,0
SPEC_82935,CHC Bhikhi,30.058077,75.538343,Community Health Center,2,Punjab,Mansa,0
SPEC_82937,AGALPUR,21.00663,83.40998,Community Health Center,2,Odisha,Balangir,0
SPEC_82958,Tarakeswar RH,22.880117,88.025967,Community Health Center,2,West Bengal,Hooghly,0
SPEC_82967,CHC Rajpora,33.824264,74.853135,Community Health Center,2,Jammu & Kashmir,Pulwama,0
SPEC_82984,RH Akot,21.10501,77.051454,Community Health Center,2,Maharashtra,Akola,0
SPEC_82992,Kadugondanhalli  CHC,13.0211,77.6187,Community Health Center,2,Karnataka,Bangalore,0
SPEC_83006,CHC Ranapur,22.651619,74.524475,Community Health Center,2,Madhya Pradesh,Jhabua,0
SPEC_83012,SDH PHUSRO,23.762264,86.002069,Sub-District Hospital,3,Jharkhand,BOKARO,0
SPEC_83056,DABUGAM,19.45383,82.414,Community Health Center,2,Odisha,Nabarangapur,0
SPEC_83109,Haripal RH,22.829317,88.114783,Community Health Center,2,West Bengal,Hooghly,0
SPEC_83258,JAMLA CHC,21.00811,83.17863,Community Health Center,2,Odisha,Bargarh,0
SPEC_83266,KODALA,19.6304,84.93996,Community Health Center,2,Odisha,Ganjam,0
SPEC_83293,Kunigal  URBAN,13.0244,77.0216,Sub-District Hospital,3,Karnataka,Tumkur,0
SPEC_83304,Phek DH,25.859167,94.683889,District Hospital,8,Nagaland,Phek,0
SPEC_83318,KARAI,11.1334,78.8725,Community Health Center,2,Tamil Nadu,Perambalur,0
SPEC_83364,SDH Rampura Phul,30.322809,75.243551,Sub-District Hospital,3,Punjab,Bathinda,0
SPEC_83375,GOBARA,19.83032,84.60093,Community Health Center,2,Odisha,Ganjam,0
SPEC_83407,RH Dharur,18.819165,76.109661,Community Health Center,2,Maharashtra,Beed,0
SPEC_83412,CHC Bhairamgarh,19.007492,81.059986,Community Health Center,2,Chhattisgarh,Bijapur,0
SPEC_83457,CHC NALA,23.920228,87.035983,Community Health Center,2,Jharkhand,JAMTARA,0
SPEC_83503,Dhemaji Civil Hospital,27.458522,94.574622,District Hospital,8,Assam,Dhemaji,0
SPEC_83558,CHC VIJAYAPURA,13.2941,77.7901,Community Health Center,2,Karnataka,Bangalore Rural,0
SPEC_83559,B G Women Hospital Gondiya,21.44764,80.198479,Women Hospital,3,Maharashtra,Gondiya *,0
SPEC_83562,Partawal,26.966757,83.611768,Community Health Center,2,Uttar Pradesh,Mahrajganj,0
SPEC_83565,Perungattur,12.750913,79.530481,Community Health Center,2,Tamil Nadu,Tiruvannamalai,0
SPEC_83576,SMS Hospital Jaipur,26.906399,75.815462,Medical Colleges Hospital,20,Rajasthan,Jaipur,0
SPEC_83624,Gen. Hospital Visnagar.,23.698936,72.546777,Sub-District Hospital,3,Gujarat,MAHESANA,0
SPEC_83641,Tripura Sundari Sub divisional Hospital,23.53629,91.49721,Sub-District Hospital,3,Tripura,Gomati District,0
SPEC_83654,District Hospital Osmanabad,18.17,76.05,District Hospital,8,Maharashtra,Osmanabad,0
SPEC_83697,Sapotara,26.2596,76.74952,Community Health Center,2,Rajasthan,Karauli,0
SPEC_83712,PCMC-Bhosari Hospital,18.620483,73.847314,Community Health Center,2,Maharashtra,Pune,0
SPEC_83773,Losal,27.4,74.9167,Community Health Center,2,Rajasthan,Sikar,0
SPEC_83839,Sitai RH,26.064483,89.3006,Community Health Center,2,West Bengal,Cooch Behar,0
SPEC_83851,CHC Lalbarra,21.938849,80.050698,Community Health Center,2,Madhya Pradesh,Balaghat,0
SPEC_83856,Gogamukh CHC,27.429283,94.317517,Community Health Center,2,Assam,Dhemaji,0
SPEC_83890,CHC SADAR,25.241319,87.633013,Community Health Center,2,Jharkhand,SAHIBGANJ,0
SPEC_83936,CHC Shri Ramnagar,15.502,76.5942,Community Health Center,2,Karnataka,Koppal,0
SPEC_83964,Dhentaghat CHC,26.276567,93.139917,Community Health Center,2,Assam,Karbi Anglong,0
SPEC_84010,"District Hospital, Unakoti",24.18276,92.02022,District Hospital,8,Tripura,Unakoti District,0
SPEC_84071,(FRU) CHIKKAAYAKANHALLI TALUK HOSPITAL,13.4039,76.6237,Sub-District Hospital,3,Karnataka,Tumkur,0
SPEC_84081,Somwarapet SDH,12.5975,75.8502,Sub-District Hospital,3,Karnataka,Kodagu,0
SPEC_84100,RH Nhavi,21.194535,75.834503,Community Health Center,2,Maharashtra,Jalgaon,0
SPEC_84133,Acharapakkam,12.4075,79.8143,Community Health Center,2,Tamil Nadu,Kancheepuram,0
SPEC_84176,CHC Khaga,25.756362,81.090825,Community Health Center,2,Uttar Pradesh,Fatehpur,0
SPEC_84308,SDH Dera Bassi,30.584939,76.845375,Sub-District Hospital,3,Punjab,Sahibzada Ajit Singh Nagar,0
SPEC_84356,CHC JAMA,24.348493,87.147353,Community Health Center,2,Jharkhand,DUMKA,0
SPEC_84398,"CKM Hospital,Warangal",17.968901,79.594054,Medical Colleges Hospital,20,Telangana,Warangal District,0
SPEC_84410,Bissau,28.23905,75.08685,Community Health Center,2,Rajasthan,Jhunjhunun,0
SPEC_84528,NOTIONAL Sheo,26.189642,71.244486,Community Health Center,2,Rajasthan,Barmer,0
SPEC_84556,PHC-Ghunghtair,27.145286,81.019455,Community Health Center,2,Uttar Pradesh,Barabanki,0
SPEC_84628,Jhumjhumi RH,22.31426,87.972505,Community Health Center,2,West Bengal,Howrah,0
SPEC_84633,Yadgir CHC,16.7524,77.139,Community Health Center,2,Karnataka,Yadgir,0
SPEC_84674,NOTIONAL Dhorimanna,25.208541,71.437161,Community Health Center,2,Rajasthan,Barmer,0
SPEC_84680,CHC CHANHO,23.504769,84.977203,Community Health Center,2,Jharkhand,RANCHI,0
SPEC_84782,DH Rajgarh,23.850858,76.733652,District Hospital,8,Madhya Pradesh,Rajgarh,0
SPEC_84838,Barjora RH,23.424983,87.282,Community Health Center,2,West Bengal,Bankura,0
SPEC_84852,Women Hospital,19.175977,77.309031,Women Hospital,3,Maharashtra,Nanded,0
SPEC_84880,CHC BANO,22.651998,84.918416,Community Health Center,2,Jharkhand,SIMDEGA,0
SPEC_84884,Karapattu,12.376588,78.941027,Community Health Center,2,Tamil Nadu,Tiruvannamalai,0
SPEC_84893,Chitthode,11.3961,77.6563,Community Health Center,2,Tamil Nadu,Erode,0
SPEC_84927,Natibpur RH,22.6664,87.89065,Community Health Center,2,West Bengal,Hooghly,0
SPEC_84980,DH Khonsa,26.59525,95.30047,District Hospital,8,Arunachal Pradesh,Tirap District,0
SPEC_85023,CHC MURHU,22.961877,85.279686,Community Health Center,2,Jharkhand,KHUNTI,0
SPEC_85046,CHC Nurpur Bedi,31.169188,76.481358,Community Health Center,2,Punjab,Rupnagar,0
SPEC_85049,CHC Dhariwal,31.953794,75.31474,Community Health Center,2,Punjab,Gurdaspur,0
SPEC_85172,Nimbijodha,27.5335,74.3441,Community Health Center,2,Rajasthan,Nagaur,0
SPEC_85276,Somanur,11.087064,77.1859,Community Health Center,2,Tamil Nadu,Coimbatore,0
SPEC_85307,Govt Medical collage Akola,20.701011,76.999938,Medical Colleges Hospital,20,Maharashtra,Akola,0
SPEC_85326,Jamjodhpur,21.904335,70.026274,Community Health Center,2,Gujarat,JAMNAGAR,0
SPEC_85429,Daryapur SDH,20.9221,77.3267,Sub-District Hospital,3,Maharashtra,Amravati,0
SPEC_85443,Sundarpur BPHC,23.141533,88.852983,Community Health Center,2,West Bengal,North 24 Parganas,0
SPEC_85468,"Community Health Center, Kollapur",16.10603,78.31917,Community Health Center,2,Telangana,Mahbubnagar District,0
SPEC_85498,Alangayam,12.625566,78.752575,Community Health Center,2,Tamil Nadu,Vellore,0
SPEC_85499,FRU AKKIALUR,14.7287,75.1631,Community Health Center,2,Karnataka,Haveri,0
SPEC_85552,Salempur,26.1838,83.552285,Community Health Center,2,Uttar Pradesh,Deoria,0
SPEC_85739,Wada,19.65357,73.134276,Community Health Center,2,Maharashtra,Palghar,0
SPEC_85748,Suithakala,26.100437,82.499449,Community Health Center,2,Uttar Pradesh,Jaunpur,0
SPEC_85756,Bilara,26.18031,73.705717,Community Health Center,2,Rajasthan,Jodhpur,0
SPEC_85809,CHC Joshimath,30.33216,79.33587,Community Health Center,2,Uttarakhand,Chamoli,0
SPEC_85870,FRU BYADGI TALUK HOSPITAL,14.6666,75.4813,Community Health Center,2,Karnataka,Haveri,0
SPEC_85920,Chadachan CHC,17.3113,75.6669,Community Health Center,2,Karnataka,Bijapur,0
SPEC_85960,CHC Gopalganj,21.983287,79.529168,Community Health Center,2,Madhya Pradesh,Seoni,0
SPEC_85968,Shahjapur,27.560932,76.625017,Community Health Center,2,Rajasthan,Alwar,0
SPEC_85993,CHC Garhakota,23.779512,79.143596,Community Health Center,2,Madhya Pradesh,Sagar,0
SPEC_85994,CHC NIGOHI,28.102072,79.865314,Community Health Center,2,Uttar Pradesh,Shahjahanpur,0
SPEC_86005,Kanjampatti,10.6225,77.0731,Community Health Center,2,Tamil Nadu,Coimbatore,0
SPEC_86024,Chinnasalem,11.628424,78.868521,Sub-District Hospital,3,Tamil Nadu,Viluppuram,0
SPEC_86071,Harsoli,27.8614,76.6262,Community Health Center,2,Rajasthan,Alwar,0
SPEC_86106,GH Palwal,28.151785,77.341948,Civil Hospital/General Hospital,5,Haryana,Palwal,0
SPEC_86136,Harendranagar BPHC,21.866117,88.322571,Community Health Center,2,West Bengal,South 24 Parganas,0
SPEC_86153,Songadh - T,21.168257,73.561867,Community Health Center,2,Gujarat,TAPI,0
SPEC_86154,Women Hospital Nagpur,21.0859,79.061849,Women Hospital,3,Maharashtra,Nagpur,0
SPEC_86157,CHC Mishirikh,27.359717,80.487471,Community Health Center,2,Uttar Pradesh,Sitapur,0
SPEC_86183,BANDHUGAON,18.93736,83.24871,Community Health Center,2,Odisha,Koraput,0
SPEC_86205,Dadroul,27.832327,79.871418,Community Health Center,2,Uttar Pradesh,Shahjahanpur,0
SPEC_86226,CHC Dirba,30.075447,75.997078,Community Health Center,2,Punjab,Sangrur,0
SPEC_86295,RH Ausa,18.25,76.5,Community Health Center,2,Maharashtra,Latur,0
SPEC_86304,CHC Kairon,31.333479,74.866389,Community Health Center,2,Punjab,Tarn Taran,0
SPEC_86324,Andimadam,11.3376,79.3744,Community Health Center,2,Tamil Nadu,Ariyalur,0
SPEC_86330,Donkamokam CHC,26.114617,93.03525,Community Health Center,2,Assam,Karbi Anglong,0
SPEC_86342,CHC BOARIJORE,25.063576,87.474046,Community Health Center,2,Jharkhand,GODDA,0
SPEC_86372,Sub Divisional Hospital Samrala,30.839107,76.187479,Sub-District Hospital,3,Punjab,Ludhiana,0
SPEC_86442,RH Umrane,20.434186,74.361718,Community Health Center,2,Maharashtra,Nashik,0
SPEC_86444,RH Dodamarg,15.684312,73.966841,Community Health Center,2,Maharashtra,Sindhudurg,0
SPEC_86471,District Male Hospital Pilibhit,28.630563,79.816633,District Hospital,8,Uttar Pradesh,Pilibhit,0
SPEC_86478,CHC KOLEBIRA,22.698205,84.698957,Community Health Center,2,Jharkhand,SIMDEGA,0
SPEC_86490,NOTIONAL Sahawa,28.87,74.85,Community Health Center,2,Rajasthan,Churu,0
SPEC_86510,Bhopalgarh,26.238957,73.024299,Community Health Center,2,Rajasthan,Jodhpur,0
SPEC_86513,CHC Raman Mandi,30.10643,75.226802,Community Health Center,2,Punjab,Bathinda,0
SPEC_86517,Ghanghu,28.326596,75.120521,Community Health Center,2,Rajasthan,Churu,0
SPEC_86553,BAGEPALLI PRIVATE UNIT,13.8401,77.8332,Sub-District Hospital,3,Karnataka,Chikkaballapura,0
SPEC_86566,Modakkurichi,11.2393,77.7773,Community Health Center,2,Tamil Nadu,Erode,0
SPEC_86602,RH HINGANA,20.907569,78.711548,Community Health Center,2,Maharashtra,Nagpur,0
SPEC_86627,Tura Civil Hospital(DH),25.514347,90.20348,District Hospital,8,Meghalaya,West Garo Hills,0
SPEC_86653,R H MOHADI,21.308333,79.675,Community Health Center,2,Maharashtra,Bhandara,0
SPEC_86695,CH Garoth,24.33,75.65,Sub-District Hospital,3,Madhya Pradesh,Mandsaur,0
SPEC_86717,R.H. Shrigonda,18.622225,74.698525,Community Health Center,2,Maharashtra,Ahmadnagar,0
SPEC_86766,Pardi - T,20.503226,72.944331,Community Health Center,2,Gujarat,VALSAD,0
SPEC_86827,RH Lanja,16.852121,73.548995,Community Health Center,2,Maharashtra,Ratnagiri,0
SPEC_86840,CHC Yazali,27.24348,93.44789,Community Health Center,2,Arunachal Pradesh,Lower Subansiri District,0
SPEC_86854,CHC Harsud,21.969508,76.69613,Community Health Center,2,Madhya Pradesh,East Nimar (Khandwa),0
SPEC_86873,CHC BERASIA,23.63,77.43,Community Health Center,2,Madhya Pradesh,Bhopal,0
SPEC_86889,Nainidanda  CHC,29.678168,79.030047,Community Health Center,2,Uttarakhand,Garhwal,0
SPEC_86953,District Women Hospital Balrampur,27.429738,82.185322,District Hospital,8,Uttar Pradesh,Balrampur,0
SPEC_86979,"Rampura District Hospital, Kota",25.189225,75.844631,District Hospital,8,Rajasthan,Kota,0
SPEC_86995,CHC Badarwas,24.976938,77.564497,Community Health Center,2,Madhya Pradesh,Shivpuri,0
SPEC_86998,K.M.C Female Hospital Bulandshahr,28.40226,77.85306,District Hospital,8,Uttar Pradesh,Bulandshahar,0
SPEC_87036,Athoor,10.2873,77.8495,Sub-District Hospital,3,Tamil Nadu,Dindigul,0
SPEC_87042,CH Narsingharh,23.70427,77.098442,Sub-District Hospital,3,Madhya Pradesh,Rajgarh,0
SPEC_87097,Kalagi CHC,17.3592,77.1527,Community Health Center,2,Karnataka,Gulbarga,0
SPEC_87134,Khaneri CH,31.461818,77.672599,Civil Hospital/General Hospital,5,Himachal Pradesh,Shimla,0
SPEC_87203,Konulampallam,11.1534,79.4991,Community Health Center,2,Tamil Nadu,Thanjavur,0
SPEC_87208,Nahata Hospital Balotara,25.831122,72.244551,Sub-District Hospital,3,Rajasthan,Barmer,0
SPEC_87226,GCR Colony,13.3315,77.0926,Sub-District Hospital,3,Karnataka,Tumkur,0
SPEC_87269,Pughoboto CHC,25.972778,94.322222,Community Health Center,2,Nagaland,Zunheboto,0
SPEC_87295,Dergaon CHC,26.734233,93.970333,Community Health Center,2,Assam,Golaghat,0
SPEC_87324,RH Malshiras,17.8633,74.9055,Community Health Center,2,Maharashtra,Solapur,0
SPEC_87382,Mugaiyur,11.976694,79.306296,Community Health Center,2,Tamil Nadu,Viluppuram,0
SPEC_87383,BHIKIYASEN,29.691294,79.268706,Community Health Center,2,Uttarakhand,Almora\,0
SPEC_87412,CH Ambah,26.7,78.22,Sub-District Hospital,3,Madhya Pradesh,Morena,0
SPEC_87459,Santhpur CHC,18.1015,77.352,Community Health Center,2,Karnataka,Bidar,0
SPEC_87496,Vaduganthangal,12.962609,79.015878,Community Health Center,2,Tamil Nadu,Vellore,0
SPEC_87596,Rawatsar,29.267,74.404,Community Health Center,2,Rajasthan,Hanumangarh,0
SPEC_87621,"Jawaharlal Institute of Postgraduate Medical  Education & Research (JIPMER), Puducherry",11.955605,79.797176,Medical Colleges Hospital,20,Puducherry,Puducherry,0
SPEC_87671,SDH Sawantwadi,15.902838,73.823435,Sub-District Hospital,3,Maharashtra,Sindhudurg,0
SPEC_87691,DHH ANGUL,20.81951,85.09825,District Hospital,8,Odisha,Anugul,0
SPEC_87702,BRAHAMANPAD,20.31054,84.47914,Community Health Center,2,Odisha,Kandhamal,0
SPEC_87708,Chanditala RH,22.691774,88.263825,Community Health Center,2,West Bengal,Hooghly,0
SPEC_87742,CHC Kishangarh,24.468339,79.742792,Community Health Center,2,Madhya Pradesh,Chhatarpur,0
SPEC_87849,Patharkhmah CHC,25.882784,91.612115,Community Health Center,2,Meghalaya,Ri Bhoi,0
SPEC_88009,CHC Bham,31.780584,75.451353,Community Health Center,2,Punjab,Gurdaspur,0
SPEC_88010,DH Shopian,33.71912,74.833731,District Hospital,8,Jammu & Kashmir,Shopian,0
SPEC_88026,Gosaba Rural Hospital,22.172933,88.804967,Community Health Center,2,West Bengal,South 24 Parganas,0
SPEC_88038,Sathanur CHC,12.445876,77.325577,Community Health Center,2,Karnataka,Ramanagara,0
SPEC_88099,CHC Sahnewal,30.840535,75.979573,Community Health Center,2,Punjab,Ludhiana,0
SPEC_88120,KARWAR DH,14.8173,74.1292,District Hospital,8,Karnataka,Uttara Kannada,0
SPEC_88150,Sameja Kothi,29.417517,73.274549,Community Health Center,2,Rajasthan,Ganganagar,0
SPEC_88189,R H Chandurbazar,20.8142,77.9767,Community Health Center,2,Maharashtra,Amravati,0
SPEC_88196,Howraghat CHC,26.114583,93.03525,Community Health Center,2,Assam,Karbi Anglong,0
SPEC_88230,JAGANATH PRASAD,19.97243,84.78262,Community Health Center,2,Odisha,Ganjam,0
SPEC_88331,"Community Health Centre,Luxettipet",18.875476,79.202815,Community Health Center,2,Telangana,Adilabad District,0
SPEC_88344,Walajabad,12.9339,79.817,Community Health Center,2,Tamil Nadu,Kancheepuram,0
SPEC_88401,CHC WAJEERGANJ,28.20292,79.05817,Community Health Center,2,Uttar Pradesh,Budaun,0
SPEC_88496,PHC Bhejam,27.88189,80.636949,Community Health Center,2,Uttar Pradesh,Kheri,0
SPEC_88513,Nongtalang CHC,25.210979,92.059437,Community Health Center,2,Meghalaya,West Jaintia Hills,0
SPEC_88569,CHC Rajpur,26.562485,79.140011,Community Health Center,2,Uttar Pradesh,Etawah,0
SPEC_88623,BARKOTE,21.5358,85.00582,Community Health Center,2,Odisha,Debagarh,0
SPEC_88649,RH Patoda,18.878864,75.626628,Community Health Center,2,Maharashtra,Beed,0
SPEC_88698,chcSangipur,26.044729,81.666226,Community Health Center,2,Uttar Pradesh,Pratapgarh,0
SPEC_88763,CHC Tendukheda,23.396198,79.538559,Community Health Center,2,Madhya Pradesh,Narsinghpur,0
SPEC_88886,CHIKKABALLAPURA DH,13.4379,77.7288,District Hospital,8,Karnataka,Chikkaballapura,0
SPEC_88899,CHC Chirmiri,23.19581,82.354,Community Health Center,2,Chhattisgarh,Koriya,0
SPEC_88913,Basni,27.170952,73.648996,Community Health Center,2,Rajasthan,Nagaur,0
SPEC_88952,KUMTA TH,14.4188,74.4156,Sub-District Hospital,3,Karnataka,Uttara Kannada,0
SPEC_89004,Keelathooval,9.417384,78.543289,Community Health Center,2,Tamil Nadu,Ramanathapuram,0
SPEC_89081,CHC Itaunja,27.082625,80.812206,Community Health Center,2,Uttar Pradesh,Lucknow,0
SPEC_89172,MALAVALLI TH,12.3848,77.0598,Sub-District Hospital,3,Karnataka,Mandya,0
SPEC_89218,SDH Manmad,20.2978,74.4398,Sub-District Hospital,3,Maharashtra,Nashik,0
SPEC_89271,NARGUND TLH,15.718,75.3864,Sub-District Hospital,3,Karnataka,Gadag,0
SPEC_89276,Salania CHC,21.08016,86.28049,Community Health Center,2,Odisha,Kendujhar,0
SPEC_89282,BINAULI,29.09442,77.39752,Community Health Center,2,Uttar Pradesh,Baghpat,0
SPEC_89330,Haldarwas,22.937599,72.864201,Community Health Center,2,Gujarat,KHEDA,0
SPEC_89350,Onda RH,23.115467,87.175817,Community Health Center,2,West Bengal,Bankura,0
SPEC_89387,CHC main center,27.39547,78.96525,Community Health Center,2,Uttar Pradesh,Mainpuri,0
SPEC_89397,Thevur,10.7272,79.73,Community Health Center,2,Tamil Nadu,Nagapattinam,0
SPEC_89416,SDH Dondaicha,21.318274,74.567468,Sub-District Hospital,3,Maharashtra,Dhule,0
SPEC_89515,(FRU) HOLALKERE TALUK HOSPITAL,14.0422,76.1853,Sub-District Hospital,3,Karnataka,Chitradurga,0
SPEC_89553,Bhinder,24.5012,74.1856,Community Health Center,2,Rajasthan,Udaipur,0
SPEC_89672,CHC PATAN,24.200817,84.177192,Community Health Center,2,Jharkhand,PALAMU,0
SPEC_89715,SONEPUR,20.84237,83.91169,District Hospital,8,Odisha,Sonapur,0
SPEC_89740,DUKURA,21.79137,86.65957,Community Health Center,2,Odisha,Mayurbhanj,0
SPEC_89754,Indira Gandhi Memorial Hospital Bhiwandi,19.274748,73.047577,Sub-District Hospital,3,Maharashtra,Thane,0
SPEC_89795,Bangarmau (Main Centre),26.894539,80.213506,Community Health Center,2,Uttar Pradesh,Unnao,0
SPEC_89804,DHARWAD DH,15.458924,75.007808,District Hospital,8,Karnataka,Dharwad,0
SPEC_89852,Sonarpur Rural Hospital,22.417267,88.429567,Community Health Center,2,West Bengal,South 24 Parganas,0
SPEC_89933,Yagati,13.6115,76.1473,Community Health Center,2,Karnataka,Chikmagalur,0
SPEC_89996,CHC Motigarpur,26.240893,82.299825,Community Health Center,2,Uttar Pradesh,Sultanpur,0
SPEC_90032,CHC PRATAP PUR,24.294985,84.635539,Community Health Center,2,Jharkhand,CHATRA,0
SPEC_90071,VALANNADU  CHC Gr II,10.450627,78.485048,Community Health Center,2,Tamil Nadu,Tiruchirappalli,0
SPEC_90132,Atru,24.87367,76.6638,Community Health Center,2,Rajasthan,Baran,0
SPEC_90284,Vikramgad,19.795147,73.092328,Community Health Center,2,Maharashtra,Palghar,0
SPEC_90285,MENDHASALA,20.271202,85.69831,Community Health Center,2,Odisha,Khordha,0
SPEC_90362,Erayamangalam,11.2582,77.8548,Community Health Center,2,Tamil Nadu,Namakkal,0
SPEC_90365,(FRU) KORATAGERE TALUK HOSPITAL,13.519428,77.231404,Sub-District Hospital,3,Karnataka,Tumkur,0
SPEC_90457,RH Rui,18.18094,74.6143,Community Health Center,2,Maharashtra,Pune,0
SPEC_90476,Dr.VMGMC Solapur,17.665209,75.909909,Medical Colleges Hospital,20,Maharashtra,Solapur,0
SPEC_90505,NETA JI SUBHASH CHANDRA BOSE DISTRICT HOSPITAL,26.748853,83.366655,District Hospital,8,Uttar Pradesh,Gorakhpur,0
SPEC_90523,Govindgarh,27.245985,75.646993,Community Health Center,2,Rajasthan,Jaipur,0
SPEC_90595,"Community Health Center, Kalwakurthy",16.6685,78.49064,Community Health Center,2,Telangana,Mahbubnagar District,0
SPEC_90634,RH Bhidi,20.576225,78.402214,Community Health Center,2,Maharashtra,Wardha,0
SPEC_90639,Baragoan,24.569013,79.017311,Community Health Center,2,Rajasthan,Jhunjhunun,0
SPEC_90742,Dag,23.92626,75.832458,Community Health Center,2,Rajasthan,Jhalawar,0
SPEC_90777,Puncha BPHC,23.163483,86.652717,Community Health Center,2,West Bengal,Purulia,0
SPEC_90839,CHC Khesraha,27.074626,82.988993,Community Health Center,2,Uttar Pradesh,Siddharthnagar,0
SPEC_90856,R H PALANDUR,20.917857,79.854455,Community Health Center,2,Maharashtra,Bhandara,0
SPEC_90887,"Community Health Centre, Mulug",18.193237,79.941368,Community Health Center,2,Telangana,Warangal District,0
SPEC_90938,PHARASGAON,19.858301,81.635234,Community Health Center,2,Chhattisgarh,KONDAGAON,0
SPEC_90945,Bethany Hospital (Pvt. Hospital),25.566015,91.901458,Civil Hospital/General Hospital,5,Meghalaya,East Khasi Hills,0
SPEC_90949,DH Dindori,22.941793,81.076846,District Hospital,8,Madhya Pradesh,Dindori,0
SPEC_90993,CHC Kurara,25.979403,79.995213,Community Health Center,2,Uttar Pradesh,Hamirpur,0
SPEC_91013,District Male Hospital Deoria,26.495162,83.781977,District Hospital,8,Uttar Pradesh,Deoria,0
SPEC_91034,(FRU) HOSADURGA TALUK HOSPITAL,13.7965,76.2734,Sub-District Hospital,3,Karnataka,Chitradurga,0
SPEC_91123,Rajganj RH,26.5985,88.520867,Community Health Center,2,West Bengal,Jalpaiguri,0
SPEC_91128,RH Bhadgaon,20.668123,75.236435,Community Health Center,2,Maharashtra,Jalgaon,0
SPEC_91135,Veppur,11.529759,79.124027,Sub-District Hospital,3,Tamil Nadu,Cuddalore,0
SPEC_91138,CHC Prithvipur,25.208582,78.751594,Community Health Center,2,Madhya Pradesh,Tikamgarh,0
SPEC_91173,CHC MANDU,23.80777,85.46982,Community Health Center,2,Jharkhand,RAMGARH,0
SPEC_91174,SIRSIYA,27.799177,82.091448,Community Health Center,2,Uttar Pradesh,Shrawasti,0
SPEC_91197,Vallam,10.7195,79.0621,Community Health Center,2,Tamil Nadu,Thanjavur,0
SPEC_91235,CHC Pisawan-Bargawan,27.639223,80.356516,Community Health Center,2,Uttar Pradesh,Sitapur,0
SPEC_91266,Basulia RH,22.112,87.585,Community Health Center,2,West Bengal,Purba Medinipur,0
SPEC_91270,RH Bhivghat Karanje,17.216888,74.766769,Community Health Center,2,Maharashtra,Sangli,0
SPEC_91303,CH Jawad,24.59587,74.862704,Sub-District Hospital,3,Madhya Pradesh,Neemuch,0
SPEC_91326,RH Nampur,20.4332,74.19,Community Health Center,2,Maharashtra,Nashik,0
SPEC_91397,Kampli,15.4069,76.6038,Community Health Center,2,Karnataka,Bellary,0
SPEC_91438,Beldanga BPHC,23.933797,88.239156,Community Health Center,2,West Bengal,Murshidabad,0
SPEC_91451,RH GARGOTI,16.31567,74.134864,Community Health Center,2,Maharashtra,Kolhapur,0
SPEC_91497,Combined Hospital Premnagar,30.201388,77.579889,Sub-District Hospital,3,Uttarakhand,Dehradun,0
SPEC_91504,Pindwara,24.796171,73.055277,Community Health Center,2,Rajasthan,Sirohi,0
SPEC_91540,KALIMELA,18.072428,81.751511,Community Health Center,2,Odisha,Malkangiri,0
SPEC_91549,pihani,27.623978,80.19721,Community Health Center,2,Uttar Pradesh,Hardoi,0
SPEC_91591,Kishanganj Sadar Hospital,26.091742,87.938382,District Hospital,8,Bihar,Kishanganj,0
SPEC_91600,Baheri,25.27089,80.47402,Community Health Center,2,Uttar Pradesh,Banda,0
SPEC_91613,Nauranga,25.629672,79.458628,Community Health Center,2,Uttar Pradesh,Hamirpur,0
SPEC_91643,Beerakuppam,13.163079,79.501627,Community Health Center,2,Tamil Nadu,Thiruvallur,0
SPEC_91800,GUMMA,18.9826,84.02479,Community Health Center,2,Odisha,Gajapati,0
SPEC_91805,North Lakhimpur Civil Hoapital,27.260917,94.117417,District Hospital,8,Assam,Lakhimpur,0
SPEC_91806,SUKINDA,20.9681,85.91324,Community Health Center,2,Odisha,Jajapur,0
SPEC_91835,Sub Divisional Hospital Jeypore,18.86285,82.57484,Sub-District Hospital,3,Odisha,Koraput,0
SPEC_91901,CHC Hiranagar,32.45,75.26,Community Health Center,2,Jammu & Kashmir,KATHUA,0
SPEC_91944,Jaswantpura,24.801925,72.45984,Community Health Center,2,Rajasthan,Jalor,0
SPEC_91948,CHC SARWAN,24.380186,86.774314,Community Health Center,2,Jharkhand,DEOGHAR,0
SPEC_91963,"Area Hospital, Kondapur",17.463015,78.353221,Sub-District Hospital,3,Telangana,Rangareddy District,0
SPEC_91986,Govt Hospitls Sriganganagar,29.902879,73.873519,District Hospital,8,Rajasthan,Ganganagar,0
SPEC_92083,Lohapur BPHC,24.300225,87.953606,Community Health Center,2,West Bengal,Birbhum,0
SPEC_92122,Bironkhal CHC,29.845422,79.033058,Community Health Center,2,Uttarakhand,Garhwal,0
SPEC_92131,Kapren,25.4038,76.0745,Community Health Center,2,Rajasthan,Bundi,0
SPEC_92148,KARIVALM VANDA NALLU,9.263757,77.540158,Community Health Center,2,Tamil Nadu,Tirunelveli,0
SPEC_92157,DH Jabalpur,23.172279,79.937065,District Hospital,8,Madhya Pradesh,Jabalpur,0
SPEC_92174,GUDVELA,20.41347,83.56788,Community Health Center,2,Odisha,Balangir,0
SPEC_92189,"Area Hospital, Bhadrachalam",17.666352,80.891524,Sub-District Hospital,3,Telangana,Khammam District,0
SPEC_92203,Shoghi CHC,31.040485,77.120815,Community Health Center,2,Himachal Pradesh,Shimla,0
SPEC_92280,kanth,27.803675,79.788668,Community Health Center,2,Uttar Pradesh,Shahjahanpur,0
SPEC_92284,R H Mehakar,20.147754,76.571318,Community Health Center,2,Maharashtra,Buldana,0
SPEC_92312,RAIRANGPUR,22.26808,86.17999,Sub-District Hospital,3,Odisha,Mayurbhanj,0
SPEC_92319,CHC Devri Bangla,20.9274,81.0501,Community Health Center,2,Chhattisgarh,BALOD,0
SPEC_92325,R H LAKHANI,21.066996,79.822549,Community Health Center,2,Maharashtra,Bhandara,0
SPEC_92442,ALUR TH,12.978,75.9897,Sub-District Hospital,3,Karnataka,Hassan,0
SPEC_92458,Pidawa,24.162825,76.035505,Community Health Center,2,Rajasthan,Jhalawar,0
SPEC_92466,Community Health Centre Mahadevapur,18.731941,79.982271,Community Health Center,2,Telangana,Karimnagar District,0
SPEC_92490,RH Killari,18.071204,76.592167,Community Health Center,2,Maharashtra,Latur,0
SPEC_92491,SDH Kasa,19.908982,72.953212,Sub-District Hospital,3,Maharashtra,Palghar,0
SPEC_92501,TANGI,20.53439,85.92529,Community Health Center,2,Odisha,Cuttack,0
SPEC_92526,Avalahalli,13.037,77.7367,Community Health Center,2,Karnataka,Bangalore,0
SPEC_92528,CHC Tarana,23.33877,76.03884,Community Health Center,2,Madhya Pradesh,Ujjain,0
SPEC_92615,CHC bani,32.710978,75.814401,Community Health Center,2,Jammu & Kashmir,KATHUA,0
SPEC_92636,KOKSARA,19.66806,82.70196,Community Health Center,2,Odisha,Kalahandi,0
SPEC_92655,POTDAR HOSPITAL,19.0022,72.8163,District Hospital,8,Maharashtra,Mumbai,0
SPEC_92752,NOTIONAL Khandeep,26.48522,76.73278,Community Health Center,2,Rajasthan,Sawai Madhopur,0
SPEC_92848,Harnawada Shahji,24.43386,76.70696,Community Health Center,2,Rajasthan,Baran,0
SPEC_92857,Siddapura CHC,12.2966,75.8746,Community Health Center,2,Karnataka,Kodagu,0
SPEC_92871,Yaragatti CHC,15.9653,75.0236,Community Health Center,2,Karnataka,Belgaum,0
SPEC_92918,DISTRICT MMG MALE HOSPITAL,28.662399,77.423491,District Hospital,8,Uttar Pradesh,Ghaziabad,0
SPEC_92961,R.H.Risod,19.97784,76.782702,Community Health Center,2,Maharashtra,Washim *,0
SPEC_93020,R H Ahmadpur,18.706194,76.938379,Community Health Center,2,Maharashtra,Latur,0
SPEC_93051,Kherwada,23.9857,73.5992,Community Health Center,2,Rajasthan,Udaipur,0
SPEC_93070,Garampani CHC,29.4958,79.48043,Community Health Center,2,Uttarakhand,Nainital,0
SPEC_93075,Nariampattu,12.83713,78.73008,Community Health Center,2,Tamil Nadu,Vellore,0
SPEC_93093,Mamit District Hospital,23.647381,92.539603,District Hospital,8,Mizoram,MAMIT,0
SPEC_93108,Borunda,26.4687,73.802675,Community Health Center,2,Rajasthan,Jodhpur,0
SPEC_93110,CHC TOKAPAL,19.01151,81.8765,Community Health Center,2,Chhattisgarh,Bastar,0
SPEC_93113,Ramkumar Naraiha CHC,23.3419,91.74699,Community Health Center,2,Tripura,Gomati District,0
SPEC_93328,CHC Patan,21.040169,81.54314,Community Health Center,2,Chhattisgarh,Durg,0
SPEC_93404,DH MANDLA,22.597922,80.371385,District Hospital,8,Madhya Pradesh,Mandla,0
SPEC_93524,Gajararaja Medical College Gwalior,26.191343,78.163551,Medical Colleges Hospital,20,Madhya Pradesh,Gwalior,0
SPEC_93560,RH Devgad,16.378585,73.38403,Community Health Center,2,Maharashtra,Sindhudurg,0
SPEC_93572,CHC Bara Pind,31.115052,75.813565,Community Health Center,2,Punjab,Jalandhar,0
SPEC_93577,CHC JAIJAIPUR,21.837523,82.816852,Community Health Center,2,Chhattisgarh,Janjgir - Champa,0
SPEC_93589,(FRU) BAGEPALLI TALUK HOSPITAL,13.8401,77.8332,Sub-District Hospital,3,Karnataka,Chikkaballapura,0
SPEC_93610,CHC Shahnagar,23.993376,80.308642,Community Health Center,2,Madhya Pradesh,Panna,0
SPEC_93637,Pilibanga,29.488,74.074,Community Health Center,2,Rajasthan,Hanumangarh,0
SPEC_93691,Nanoor RH,23.70325,87.862783,Community Health Center,2,West Bengal,Birbhum,0
SPEC_93728,CHC Timarni,22.3697,77.2237,Community Health Center,2,Madhya Pradesh,Harda,0
SPEC_93770,Simla BPHC,22.96945,86.848617,Community Health Center,2,West Bengal,Bankura,0
SPEC_93777,CHC Bagh,22.362675,74.796538,Community Health Center,2,Madhya Pradesh,Dhar,0
SPEC_93798,Khirpai RH,22.7191,87.610181,Community Health Center,2,West Bengal,Paschim Medinipur,0
SPEC_93838,Mylambadi,11.524307,77.679353,Community Health Center,2,Tamil Nadu,Erode,0
SPEC_93868,CHC Bilsi,28.120675,78.912817,Community Health Center,2,Uttar Pradesh,Budaun,0
SPEC_93870,SDH ATHMALLIK,20.71815,84.54062,Sub-District Hospital,3,Odisha,Anugul,0
SPEC_93944,Community Health Center Hayathnagar,17.32864,78.605365,Community Health Center,2,Telangana,Rangareddy District,0
SPEC_94008,CHC Moirang,24.493439,93.785431,Community Health Center,2,Manipur,BISHNUPUR,0
SPEC_94051,Nimpith Sri Ramkrishna Rural Hospital,22.1552,88.44005,Community Health Center,2,West Bengal,South 24 Parganas,0
SPEC_94264,Palghar,19.694165,72.770558,Community Health Center,2,Maharashtra,Palghar,0
SPEC_94274,Amb CH,31.692897,76.11517,Civil Hospital/General Hospital,5,Himachal Pradesh,Una,0
SPEC_94337,CHC Khandsara,21.811205,81.509747,Community Health Center,2,Chhattisgarh,BEMETARA,0
SPEC_94350,CHC Vijaypur,26.053829,77.36905,Community Health Center,2,Madhya Pradesh,Sheopur,0
SPEC_94369,Abu Road,24.481032,72.785344,Community Health Center,2,Rajasthan,Sirohi,0
SPEC_94372,RH Chichgad,20.849829,80.538712,Community Health Center,2,Maharashtra,Gondiya *,0
SPEC_94384,RGH ROURKELA,22.01025,84.69253,District Hospital,8,Odisha,Sundargarh,0
SPEC_94399,CHANDRAGIRI,19.30205,84.28598,Community Health Center,2,Odisha,Gajapati,0
SPEC_94427,CHC Hathgam,25.864063,81.127965,Community Health Center,2,Uttar Pradesh,Fatehpur,0
SPEC_94478,Patna CHC,21.63728,85.89397,Community Health Center,2,Odisha,Kendujhar,0
SPEC_94479,CHC S lohara,21.83359,81.127115,Community Health Center,2,Chhattisgarh,Kabeerdham,0
SPEC_94548,GMERS Medical College Hospital Vadnagar,23.792076,72.635398,Medical Colleges Hospital,20,Gujarat,MAHESANA,0
SPEC_94572,SDH Armori,20.465059,79.986633,Sub-District Hospital,3,Maharashtra,Gadchiroli,0
SPEC_94626,PT K P T Distt.Combined Hospital Chandauli,25.258947,83.27357,District Hospital,8,Uttar Pradesh,Chandauli,0
SPEC_94664,Rural Hospital Wai,17.9543,73.8871,Community Health Center,2,Maharashtra,Satara,0
SPEC_94690,Alangudi,10.832777,79.407086,Community Health Center,2,Tamil Nadu,Thiruvarur,0
SPEC_94746,HOSPET TH,15.2673,76.3804,Sub-District Hospital,3,Karnataka,Bellary,0
SPEC_94748,DHH Baudh,20.84042,84.32032,District Hospital,8,Odisha,Baudh,0
SPEC_94792,KGF Taluk Hospita Women and children,12.9548,78.2723,District Hospital,8,Karnataka,Kolar,0
SPEC_94839,CHC Bunsakuli,23.3022,81.356802,Community Health Center,2,Madhya Pradesh,Shahdol,0
SPEC_94870,Rajib Gandhi Memorial Hospital,24.019063,92.000112,Sub-District Hospital,3,Tripura,Unakoti District,0
SPEC_94898,Murshidabad Medical College,24.100614,88.266342,Medical Colleges Hospital,20,West Bengal,Murshidabad,0
SPEC_94941,PURUNAKATAK,20.62699,84.4315,Community Health Center,2,Odisha,Baudh,0
SPEC_95003,CHC GARHWA SADAR,24.161028,83.81126,Community Health Center,2,Jharkhand,GARHWA,0
SPEC_95033,Akalera,24.4167,76.5667,Community Health Center,2,Rajasthan,Jhalawar,0
SPEC_95053,CHC Shahgarh,24.312974,79.11816,Community Health Center,2,Madhya Pradesh,Sagar,0
SPEC_95186,Viratnagar,27.448961,76.175994,Community Health Center,2,Rajasthan,Jaipur,0
SPEC_95212,Melattur,10.858054,79.24108,Community Health Center,2,Tamil Nadu,Thanjavur,0
SPEC_95224,CH Badnagar,23.049256,75.378667,Sub-District Hospital,3,Madhya Pradesh,Ujjain,0
SPEC_95242,Taki RH,22.58664,88.928044,Community Health Center,2,West Bengal,North 24 Parganas,0
SPEC_95275,DHH Deogarh,21.53482,84.72915,District Hospital,8,Odisha,Debagarh,0
SPEC_95278,Manihari,25.666068,73.099553,Community Health Center,2,Rajasthan,Pali,0
SPEC_95353,CHC MASALIA,24.156286,87.179561,Community Health Center,2,Jharkhand,DUMKA,0
SPEC_95404,NANDAHANDI,19.2141,82.64247,Community Health Center,2,Odisha,Nabarangapur,0
SPEC_95406,Bajju,27.96439,72.42149,Community Health Center,2,Rajasthan,Bikaner,0
SPEC_95498,Nimaj,27.023804,74.217933,Community Health Center,2,Rajasthan,Pali,0
SPEC_95499,CHC MEHERMA,25.180855,87.349429,Community Health Center,2,Jharkhand,GODDA,0
SPEC_95529,BALRAMPUR HOSPITAL LUCKNOW,26.857548,80.926645,District Hospital,8,Uttar Pradesh,Lucknow,0
SPEC_95544,DH DEWAS,22.961553,76.047629,District Hospital,8,Madhya Pradesh,Dewas,0
SPEC_95567,Kukanwali,27.2334,74.980003,Community Health Center,2,Rajasthan,Nagaur,0
SPEC_95586,Bassi,25.013471,74.765892,Community Health Center,2,Rajasthan,Chittaurgarh,0
SPEC_95701,Singarva,23.024752,72.696995,Community Health Center,2,Gujarat,AHMEDABAD,0
SPEC_95703,RH Korpana,19.739,78.9907,Community Health Center,2,Maharashtra,Chandrapur,0
SPEC_95707,Chitguppa CHC,17.6963,77.2134,Community Health Center,2,Karnataka,Bidar,0
SPEC_95757,Badhya,25.97701,83.102772,Community Health Center,2,Uttar Pradesh,Azamgarh,0
SPEC_95817,HASANPUR,28.723781,78.28403,Community Health Center,2,Uttar Pradesh,Jyotiba Phule Nagar,0
SPEC_95821,Sheoganj,25.137817,73.068048,Community Health Center,2,Rajasthan,Sirohi,0
SPEC_95838,MURADNAGAR,28.771522,77.513098,Community Health Center,2,Uttar Pradesh,Ghaziabad,0
SPEC_95861,CHC Janakpur (Bharatpur),23.720126,81.787514,Community Health Center,2,Chhattisgarh,Koriya,0
SPEC_95913,Ch Aakodiya,23.3783,76.59929,Sub-District Hospital,3,Madhya Pradesh,Shajapur,0
SPEC_95934,MUNICIPENTHO,19.43382,84.99229,Community Health Center,2,Odisha,Ganjam,0
SPEC_95937,CHC Usoor,19.15858,80.47543,Community Health Center,2,Chhattisgarh,Bijapur,0
SPEC_95967,RH Murud,18.402438,76.241308,Community Health Center,2,Maharashtra,Latur,0
SPEC_95969,Chandrakona RH,22.721639,87.508865,Community Health Center,2,West Bengal,Paschim Medinipur,0
SPEC_95987,RH Surgana,20.30025,73.49056,Community Health Center,2,Maharashtra,Nashik,0
SPEC_96055,Neemrana,27.974521,76.392667,Community Health Center,2,Rajasthan,Alwar,0
SPEC_96111,District Combind Hospital St. Kabir Nagar,26.7955,83.072052,District Hospital,8,Uttar Pradesh,Sant Kabir Nagar,0
SPEC_96154,(FRU) MADHUGIRI TALUK HOSPITAL,13.6592,77.2091,Sub-District Hospital,3,Karnataka,Tumkur,0
SPEC_96170,CHC Mawana,29.107787,77.923185,Community Health Center,2,Uttar Pradesh,Meerut,0
SPEC_96190,CHC Bah,26.85454,78.68897,Community Health Center,2,Uttar Pradesh,Agra,0
SPEC_96192,Malav,22.604493,73.55234,Community Health Center,2,Gujarat,PANCHMAHALS,0
SPEC_96197,Rural Hospital  Teosa,21.082151,78.059349,Community Health Center,2,Maharashtra,Amravati,0
SPEC_96199,Garudeswar,21.890969,73.655434,Community Health Center,2,Gujarat,NARMADA,0
SPEC_96272,Bamangola RH,25.11523,88.23105,Community Health Center,2,West Bengal,Maldah,0
SPEC_96490,Ranibandh RH,22.8614,86.78175,Community Health Center,2,West Bengal,Bankura,0
SPEC_96515,CHC Shadora,24.621277,77.592684,Community Health Center,2,Madhya Pradesh,Ashoknagar,0
SPEC_96538,Rajgarh CHC,27.184467,95.119567,Community Health Center,2,Assam,Dibrugarh,0
SPEC_96539,Vellalore,9.997857,78.407045,Community Health Center,2,Tamil Nadu,Madurai,0
SPEC_96568,Bassi,26.838205,76.053696,Community Health Center,2,Rajasthan,Jaipur,0
SPEC_96625,Kahoda,23.890448,72.43823,Community Health Center,2,Gujarat,MAHESANA,0
SPEC_96629,Kadayampatti,11.8716,78.0991,Community Health Center,2,Tamil Nadu,Salem,0
SPEC_96631,Govt. Hospital Santrampur,23.193684,73.89124,Sub-District Hospital,3,Gujarat,MAHISAGAR,0
SPEC_96638,CHIKITI,19.25264,84.60107,Community Health Center,2,Odisha,Ganjam,0
SPEC_96647,Nimbalkot,25.535372,71.705146,Community Health Center,2,Rajasthan,Barmer,0
SPEC_96653,Umalla CHC,21.792662,73.297154,Community Health Center,2,Gujarat,BHARUCH,0
SPEC_96687,CHC Boda,23.65958,76.812383,Community Health Center,2,Madhya Pradesh,Rajgarh,0
SPEC_96697,Umrangso CHC,25.50562,92.73287,Community Health Center,2,Assam,Dima Hasao District,0
SPEC_96706,Amarsar,27.366667,75.833333,Community Health Center,2,Rajasthan,Jaipur,0
SPEC_96728,CHC Mant -Neem gaon,27.66,77.633,Community Health Center,2,Uttar Pradesh,Mathura,0
SPEC_96769,RH Narayangaon,19.124,73.9767,Community Health Center,2,Maharashtra,Pune,0
SPEC_96770,AALAPUR,26.463312,82.851675,Community Health Center,2,Uttar Pradesh,Ambedkar Nagar,0
SPEC_96819,SDH Islampur,17.05,74.2652,Sub-District Hospital,3,Maharashtra,Sangli,0
SPEC_96830,(FRU) GUDIBANDE TALUK HOSPITAL,13.6726,77.7072,Sub-District Hospital,3,Karnataka,Chikkaballapura,0
SPEC_96915,MANGALPUR,20.81152,86.51972,Community Health Center,2,Odisha,Jajapur,0
SPEC_96929,Sawar,25.755878,75.220193,Community Health Center,2,Rajasthan,Ajmer,0
SPEC_96973,Shiggon TH,14.9885,75.2263,Sub-District Hospital,3,Karnataka,Haveri,0
SPEC_97019,Krishnapur Rural Hospital,24.40908,88.25146,Community Health Center,2,West Bengal,Murshidabad,0
SPEC_97020,GRH PPC UHP,9.928397,78.129973,Medical Colleges Hospital,20,Tamil Nadu,Madurai,0
SPEC_97057,Bavla,22.8538,72.21919,Community Health Center,2,Gujarat,AHMEDABAD,0
SPEC_97068,Khanpur,24.731972,76.389773,Community Health Center,2,Rajasthan,Jhalawar,0
SPEC_97150,SAUNDATTI TH,15.7606,75.1152,Sub-District Hospital,3,Karnataka,Belgaum,0
SPEC_97158,(FRU) LINGSAGUR TALUKA  HOSPITAL,16.1584,76.5206,Sub-District Hospital,3,Karnataka,Raichur,0
SPEC_97162,TIRUMANI,14.238,77.4383,Community Health Center,2,Karnataka,Tumkur,0
SPEC_97179,Mudhol CHC,17.183345,77.149988,Community Health Center,2,Karnataka,Gulbarga,0
SPEC_97193,Manubazar Rural Hospital,23.004003,91.03866,Community Health Center,2,Tripura,South District,0
SPEC_97209,SHIBHATI BPHC,22.702333,88.892733,Community Health Center,2,West Bengal,North 24 Parganas,0
SPEC_97226,Khatushayamji,27.365301,75.403228,Community Health Center,2,Rajasthan,Sikar,0
SPEC_97249,RH Lohara,17.98,76.32,Community Health Center,2,Maharashtra,Osmanabad,0
SPEC_97260,Govt. Ayurvedic College & Hospital,26.149933,91.667367,Medical Colleges Hospital,20,Assam,Kamrup Metropolitan,0
SPEC_97355,Shri Hari Dev Joshi Genaral Hospital Dungarpur,23.858889,73.71098,District Hospital,8,Rajasthan,Dungarpur,0
SPEC_97456,CHC BERO,23.303531,85.014342,Community Health Center,2,Jharkhand,RANCHI,0
SPEC_97538,CHC Qadian,31.811577,75.369429,Community Health Center,2,Punjab,Gurdaspur,0
SPEC_97553,CHC Shahzadpur,30.44992,77.02916,Community Health Center,2,Haryana,Ambala,0
SPEC_97554,CHC Kakwan,26.793282,79.979571,Community Health Center,2,Uttar Pradesh,Kanpur Nagar,0
SPEC_97589,central railway hospital,18.9801,72.8336,Civil Hospital/General Hospital,5,Maharashtra,Mumbai,0
SPEC_97623,Kannankudi,9.9429,78.9401,Community Health Center,2,Tamil Nadu,Sivaganga,0
SPEC_97742,SADAR HOSPITAL,25.235832,87.634216,District Hospital,8,Jharkhand,SAHIBGANJ,0
SPEC_97771,Mangan District Hospital,27.497879,88.534778,District Hospital,8,Sikkim,North,0
SPEC_97826,R.N.Ray RH,24.984033,88.248126,Community Health Center,2,West Bengal,Maldah,0
SPEC_97964,CH GADARWARA,22.922549,78.78341,Sub-District Hospital,3,Madhya Pradesh,Narsinghpur,0
SPEC_97999,WH Basmath,19.322079,77.139111,Women Hospital,3,Maharashtra,Hingoli *,0
SPEC_98020,ESI panipat,29.091878,77.114564,Civil Hospital/General Hospital,5,Haryana,Panipat,0
SPEC_98035,Nyamathi CHC,14.1493,75.5696,Community Health Center,2,Karnataka,Davanagere,0
SPEC_98053,DH MUNGELI,22.068157,81.689604,District Hospital,8,Chhattisgarh,MUNGELI,0
SPEC_98129,General Hospital Malegaon,20.333,74.3145,Civil Hospital/General Hospital,5,Maharashtra,Nashik,0
SPEC_98148,CHUDAPALI,20.71856,83.29494,Community Health Center,2,Odisha,Balangir,0
SPEC_98182,CHC Vijayganj Mandi,23.21504,75.965524,Community Health Center,2,Madhya Pradesh,Dewas,0
SPEC_98200,Mongolkote BPHC,23.529733,87.906767,Community Health Center,2,West Bengal,Bardhaman,0
SPEC_98201,CHC Saraipali,21.321491,82.97667,Community Health Center,2,Chhattisgarh,Mahasamund,0
SPEC_98256,DH KHANDWA,21.824267,76.343527,District Hospital,8,Madhya Pradesh,East Nimar (Khandwa),0
SPEC_98279,CH SHUJALPUR,23.434,76.3181,Sub-District Hospital,3,Madhya Pradesh,Shajapur,0
SPEC_98288,Tlabung SDH,22.906393,92.469924,Sub-District Hospital,3,Mizoram,LUNGLEI,0
SPEC_98298,BIDHNOO,26.318445,80.273253,Community Health Center,2,Uttar Pradesh,Kanpur Nagar,0
SPEC_98387,Kunor BPHC,25.34733,88.16381,Community Health Center,2,West Bengal,Uttar Dinajpur,0
SPEC_98442,Uttar Mechogram BPHC,22.424033,87.7499,Community Health Center,2,West Bengal,Purba Medinipur,0
SPEC_98462,CHC Khategaon,22.591829,76.90676,Community Health Center,2,Madhya Pradesh,Dewas,0
SPEC_98616,Nidhauli Kalan (CHC),27.579485,78.50078,Community Health Center,2,Uttar Pradesh,Etah,0
SPEC_98641,(FRU) BASAVAKALYAN TALUK HOSPITAL,17.8659,76.9453,Sub-District Hospital,3,Karnataka,Bidar,0
SPEC_98646,C.R.PUTHOOR,8.2497,77.4909,Community Health Center,2,Tamil Nadu,Kanniyakumari,0
SPEC_98647,KENRDAPADA,20.50497,86.42374,District Hospital,8,Odisha,Kendrapara,0
SPEC_98660,TUNDLA,27.225885,78.245931,Community Health Center,2,Uttar Pradesh,Firozabad,0
SPEC_98734,DH Ujjain,23.188041,75.783637,District Hospital,8,Madhya Pradesh,Ujjain,0
SPEC_98792,Umren,27.56267,76.599312,Community Health Center,2,Rajasthan,Alwar,0
SPEC_98806,District Male Hospital,27.170382,78.010589,District Hospital,8,Uttar Pradesh,Agra,0
SPEC_98829,Dwarahat (CHC),29.776,79.4268,Community Health Center,2,Uttarakhand,Almora\,0
SPEC_98849,Kalugumalai,9.149951,77.70142,Community Health Center,2,Tamil Nadu,Thoothukkudi,0
SPEC_98919,CHC Deori,23.400438,79.020592,Community Health Center,2,Madhya Pradesh,Sagar,0
SPEC_98947,Damri,23.842255,73.855419,Community Health Center,2,Rajasthan,Dungarpur,0
SPEC_98992,Indira Gandhi Medical College,22.751929,75.87604,Medical Colleges Hospital,20,Maharashtra,Nagpur,0
SPEC_98996,CHC Kot Santokh Rai,31.97097,75.281509,Community Health Center,2,Punjab,Gurdaspur,0
SPEC_99019,Nimbahera,24.61927,74.679283,Sub-District Hospital,3,Rajasthan,Chittaurgarh,0
SPEC_99064,Dakor,22.75105,73.153946,Community Health Center,2,Gujarat,KHEDA,0
SPEC_99070,"Community Health Centre, Chevella",17.313482,78.1366,Community Health Center,2,Telangana,Rangareddy District,0
SPEC_99128,Krishanganj,24.885,72.8625,Community Health Center,2,Rajasthan,Sirohi,0
SPEC_99135,BENTKAR,20.404,85.94855,Community Health Center,2,Odisha,Cuttack,0
SPEC_99195,Sirkabad BPHC,23.274767,86.195167,Community Health Center,2,West Bengal,Purulia,0
SPEC_99205,LADY GOSHAN HOSPITAL MANGALORE DH FRU,12.861,74.8381,District Hospital,8,Karnataka,Dakshina Kannada,0
SPEC_99250,CHC ROL,27.167326,73.935085,Community Health Center,2,Rajasthan,Nagaur,0
SPEC_99268,M.REDDIYAPATTI,9.417657,78.211334,Community Health Center,2,Tamil Nadu,Virudhunagar,0
SPEC_99346,TILEBANI,21.54663,84.60635,Community Health Center,2,Odisha,Debagarh,0
SPEC_99424,DH Yingkiong,28.38493,95.01529,District Hospital,8,Arunachal Pradesh,Upper Siang Dist.,0
SPEC_99439,MATHAKARGOLA,20.90047,85.68536,Community Health Center,2,Odisha,Dhenkanal,0
SPEC_99462,SRIRAMPURA,13.6236,76.416,Community Health Center,2,Karnataka,Chitradurga,0
SPEC_99468,Pudukottai,8.737255,78.047197,Community Health Center,2,Tamil Nadu,Thoothukkudi,0
SPEC_99528,PHC Naroli,28.489514,78.713437,Community Health Center,2,Uttar Pradesh,Sambhal,0
SPEC_99562,CHC TAMNAR,22.087929,83.437644,Community Health Center,2,Chhattisgarh,Raigarh,0
SPEC_99708,Yairipok CHC,24.67612,94.0472,Community Health Center,2,Manipur,THOUBAL,0
SPEC_99741,CHC Hasayan,27.612858,78.267133,Community Health Center,2,Uttar Pradesh,Mahamaya Nagar,0
SPEC_99743,Adiyakkamangalam,10.761256,79.676872,Community Health Center,2,Tamil Nadu,Thiruvarur,0
SPEC_99824,CHC-HATA-SAKRAULI,26.741693,83.750582,Community Health Center,2,Uttar Pradesh,Kushinagar,0
SPEC_99927,BHERGAON MODEL HOSPITAL,26.603045,91.812104,Community Health Center,2,Assam,Udalguri,0
SPEC_99940,RH Nandurghat,18.677817,75.837033,Community Health Center,2,Maharashtra,Beed,0
SPEC_99960,Dhing PHC / FRU,26.455867,92.48615,Community Health Center,2,Assam,Nagaon,0
SPEC_99967,CHC Kumhari,21.258878,81.523928,Community Health Center,2,Chhattisgarh,Durg,0
SPEC_100105,KOILSA,26.266607,83.021123,Community Health Center,2,Uttar Pradesh,Azamgarh,0
SPEC_100125,BILAGI TH,16.3503,75.6104,Sub-District Hospital,3,Karnataka,Bagalkot,0
SPEC_100156,Joypur BPHC,23.050513,87.461461,Community Health Center,2,West Bengal,Bankura,0
SPEC_100166,Dheera CHC,32.008107,76.450296,Community Health Center,2,Himachal Pradesh,Kangra,0
SPEC_100210,RH Kale Colony,18.412,73.3036,Community Health Center,2,Maharashtra,Pune,0
SPEC_100218,CHC Sujanpur,32.312387,75.607601,Community Health Center,2,Punjab,Pathankot,0
SPEC_100340,Phagi,26.578406,75.568425,Community Health Center,2,Rajasthan,Jaipur,0
SPEC_100374,Andakulam,10.527297,78.893823,Community Health Center,2,Tamil Nadu,Pudukkottai,0
SPEC_100375,THIRUKKURUNGUDI,8.435019,77.561895,Community Health Center,2,Tamil Nadu,Tirunelveli,0
SPEC_100396,CHC Arang,21.193913,81.970168,Community Health Center,2,Chhattisgarh,Raipur,0
SPEC_100416,CHC BILHA,21.959596,82.081452,Community Health Center,2,Chhattisgarh,Bilaspur,0
SPEC_100465,SDH Pandharkawada,20.0593,78.3289,Sub-District Hospital,3,Maharashtra,Yavatmal,0
SPEC_100528,Community Health Center Kodad,16.99512,79.972034,Community Health Center,2,Telangana,Nalgonda District,0
SPEC_100533,Monteswar BPHC,23.41705,88.10985,Community Health Center,2,West Bengal,Bardhaman,0
SPEC_100548,CHC Kudhebhar,26.335773,81.993348,Community Health Center,2,Uttar Pradesh,Sultanpur,0
SPEC_100667,CHC JASIDIH,24.516737,86.647239,Community Health Center,2,Jharkhand,DEOGHAR,0
SPEC_100683,CHC BHADOHI,25.38566,82.58517,Community Health Center,2,Uttar Pradesh,Sant Ravidas Nagar (Bhadohi),0
SPEC_100698,Chhipabarod,24.62486,76.70843,Community Health Center,2,Rajasthan,Baran,0
SPEC_100713,CHC  Udi,26.170746,78.947129,Community Health Center,2,Uttar Pradesh,Etawah,0
SPEC_100725,"M B S Hospital, Kota",25.199285,75.856043,Medical Colleges Hospital,20,Rajasthan,Kota,0
SPEC_100730,Kunichi,12.456093,78.515394,Community Health Center,2,Tamil Nadu,Vellore,0
SPEC_100737,CHC Kadipur,26.167542,82.370625,Community Health Center,2,Uttar Pradesh,Sultanpur,0
SPEC_100819,Charbhuja,25.252343,73.693993,Community Health Center,2,Rajasthan,Rajsamand,0
SPEC_100820,CHC Namli,23.459316,75.062575,Community Health Center,2,Madhya Pradesh,Ratlam,0
SPEC_100853,CHC R.S.Ghat,26.79722,81.54183,Community Health Center,2,Uttar Pradesh,Barabanki,0
SPEC_100887,B. B. Dhar RH,22.606805,87.934472,Community Health Center,2,West Bengal,Howrah,0
SPEC_100961,Perilovanpatti,9.191145,78.085303,Community Health Center,2,Tamil Nadu,Thoothukkudi,0
SPEC_100972,Tagadur CHC,12.0893,76.8151,Community Health Center,2,Karnataka,Mysore,0
SPEC_100989,Nechwa,27.614645,74.764559,Community Health Center,2,Rajasthan,Sikar,0
SPEC_101004,CHC Manglore,30.15,78.05,Community Health Center,2,Uttarakhand,Haridwar,0
SPEC_101024,DH Damoh,23.828329,79.443314,District Hospital,8,Madhya Pradesh,Damoh,0
SPEC_101121,CHC Chhapara,22.395874,79.540674,Community Health Center,2,Madhya Pradesh,Seoni,0
SPEC_101123,CUMBUM,9.730518,77.280328,Sub-District Hospital,3,Tamil Nadu,Theni,0
SPEC_101149,Indora CHC,32.138328,75.688391,Community Health Center,2,Himachal Pradesh,Kangra,0
SPEC_101192,A K Hospital Beawar Ajmer,26.1,74.3167,District Hospital,8,Rajasthan,Ajmer,0
SPEC_101195,Sri Madhopur,27.472793,75.596872,Community Health Center,2,Rajasthan,Sikar,0
SPEC_101254,PANDAVAPURA TH,12.4988,76.6746,Sub-District Hospital,3,Karnataka,Mandya,0
SPEC_101268,CHC Sahaswan,28.068033,78.752769,Community Health Center,2,Uttar Pradesh,Budaun,0
SPEC_101331,Selsella CHC,25.693092,90.013427,Community Health Center,2,Meghalaya,West Garo Hills,0
SPEC_101355,CHC Parikshitgarh,28.971136,77.932409,Community Health Center,2,Uttar Pradesh,Meerut,0
SPEC_101403,Mairwa,26.238432,84.146152,Community Health Center,2,Bihar,Siwan,0
SPEC_101421,SDH Mangaon,18.235779,73.281792,Sub-District Hospital,3,Maharashtra,Raigarh,0
SPEC_101430,HIRAKUD,21.5266,83.9023,Community Health Center,2,Odisha,Sambalpur,0
SPEC_101435,Bhatni,26.387328,83.948388,Community Health Center,2,Uttar Pradesh,Deoria,0
SPEC_101475,Alibag,18.640952,72.871853,District Hospital,8,Maharashtra,Raigarh,0
SPEC_101512,Mankapur,27.055787,82.213588,Community Health Center,2,Uttar Pradesh,Gonda,0
SPEC_101629,Matar,22.708549,72.664129,Community Health Center,2,Gujarat,KHEDA,0
SPEC_101648,CHC J.MALLAPUR,16.3128,77.2812,Community Health Center,2,Karnataka,Raichur,0
SPEC_101665,Kutta CHC,11.969639,76.051214,Community Health Center,2,Karnataka,Kodagu,0
SPEC_101715,Amarpur Sub divisional Hospital,23.51712,91.65126,Sub-District Hospital,3,Tripura,Gomati District,0
SPEC_101739,Red Cross Society,18.515616,73.879114,Civil Hospital/General Hospital,5,Haryana,Rewari,0
SPEC_101784,CHC Silwani,23.304224,78.444936,Community Health Center,2,Madhya Pradesh,Raisen,0
SPEC_101826,CHC Bori,21.352154,81.270612,Community Health Center,2,Chhattisgarh,Durg,0
SPEC_101901,CHC SATGAWAN,24.619081,85.918955,Community Health Center,2,Jharkhand,KODERMA,0
SPEC_101950,RH Korchi,20.717102,80.470304,Community Health Center,2,Maharashtra,Gadchiroli,0
SPEC_101959,CIVIL HOSPITAL BAIRAGARH,23.272131,77.340027,Sub-District Hospital,3,Madhya Pradesh,Bhopal,0
SPEC_101984,Chaksu,26.6,75.95,Community Health Center,2,Rajasthan,Jaipur,0
SPEC_102012,JUNAGARH,19.86042,82.93783,Community Health Center,2,Odisha,Kalahandi,0
SPEC_102014,BELLARY DH,15.154323,76.896596,Medical Colleges Hospital,20,Karnataka,Bellary,0
SPEC_102034,RH Amalner,21.042867,75.061471,Community Health Center,2,Maharashtra,Jalgaon,0
SPEC_102049,Mohamadabad,26.026674,83.391211,Community Health Center,2,Uttar Pradesh,Mau,0
SPEC_102081,ANNAHOSUR,16.1537,76.4004,Community Health Center,2,Karnataka,Raichur,0
SPEC_102126,SDH Tharad,24.396727,71.637733,Sub-District Hospital,3,Gujarat,BANASKANTHA,0
SPEC_102142,RH Badnapur,19.867088,75.539364,Community Health Center,2,Maharashtra,Jalna,0
SPEC_102199,Zanana Hospital Ajmer,26.524692,74.660382,Medical Colleges Hospital,20,Rajasthan,Ajmer,0
SPEC_102236,Telkoi CHC,21.3663,85.40726,Community Health Center,2,Odisha,Kendujhar,0
SPEC_102245,MARKANDAPUR,20.78339,86.33575,Community Health Center,2,Odisha,Jajapur,0
SPEC_102366,Sonamukhi RH,23.301117,87.41105,Community Health Center,2,West Bengal,Bankura,0
SPEC_102395,CHC Ghatampur,26.149728,80.163663,Community Health Center,2,Uttar Pradesh,Kanpur Nagar,0
SPEC_102405,"Mahatma Ghandhi Hospital, Jodhpur",26.2841,73.0183,Medical Colleges Hospital,20,Rajasthan,Jodhpur,0
SPEC_102443,CHC TOPCHANCHI,23.9,86.2,Community Health Center,2,Jharkhand,DHANBAD,0
SPEC_102464,VVMC Sr. D.M.Petit,19.394429,72.834748,Community Health Center,2,Maharashtra,Palghar,0
SPEC_102505,Ramnagar,25.251938,81.245192,Community Health Center,2,Uttar Pradesh,Chitrakoot,0
SPEC_102585,Mahesail RH,24.580768,88.036108,Community Health Center,2,West Bengal,Murshidabad,0
SPEC_102620,Vairengte,24.507924,92.766361,Community Health Center,2,Mizoram,KOLASIB,0
SPEC_102698,CHC Sarojani Nagar,26.751088,80.867434,Community Health Center,2,Uttar Pradesh,Lucknow,0
SPEC_102742,CHC PETERWAR,23.615818,85.851183,Community Health Center,2,Jharkhand,BOKARO,0
SPEC_102934,(FRU) BHALKI TALUK HOSPITAL,18.0475,77.2142,Sub-District Hospital,3,Karnataka,Bidar,0
SPEC_102978,Batrawali,26.426116,83.677418,Community Health Center,2,Uttar Pradesh,Deoria,0
SPEC_103043,VAIYAMPATTI - CHC Gr.I,10.556,78.3129,Community Health Center,2,Tamil Nadu,Tiruchirappalli,0
SPEC_103052,Mosale Hosahalli CHC,12.8947,76.1604,Community Health Center,2,Karnataka,Hassan,0
SPEC_103124,Mainpat,22.76768,83.336597,Community Health Center,2,Chhattisgarh,Surguja,0
SPEC_103146,CHC Mahadevpur,28.14874,96.337892,Community Health Center,2,Arunachal Pradesh,Lohit,0
SPEC_103253,Rakhiyal,23.253478,72.916068,Community Health Center,2,Gujarat,GANDHINAGAR,0
SPEC_103258,Gangori Hospital,26.930345,75.820341,Medical Colleges Hospital,20,Rajasthan,Jaipur,0
SPEC_103265,CHC Hazipur,31.977115,75.751364,Community Health Center,2,Punjab,Hoshiarpur,0
SPEC_103324,Narahi,25.708949,84.018583,Community Health Center,2,Uttar Pradesh,Ballia,0
SPEC_103358,CHC KARTALA,22.295797,82.962053,Community Health Center,2,Chhattisgarh,Korba,0
SPEC_103365,Marandahalli,12.3869,78.0043,Community Health Center,2,Tamil Nadu,Dharmapuri,0
SPEC_103392,Khardi,19.58177,73.394486,Community Health Center,2,Maharashtra,Thane,0
SPEC_103397,CHC GHAGHRA,23.267528,84.552808,Community Health Center,2,Jharkhand,GUMLA,0
SPEC_103556,CHC Gursarain,25.617539,79.17623,Community Health Center,2,Uttar Pradesh,Jhansi,0
SPEC_103576,NARAYANPATNA,18.87591,83.174591,Community Health Center,2,Odisha,Koraput,0
SPEC_103579,Community Health Centre  Alair,17.640161,79.036254,Community Health Center,2,Telangana,Nalgonda District,0
SPEC_103597,Ref. Hospital Mandvi,22.838687,69.346903,Sub-District Hospital,3,Gujarat,KACHCHH,0
SPEC_103618,HOLEHONNURU CHC,13.9883,75.6862,Community Health Center,2,Karnataka,Shimoga,0
SPEC_103694,CHC PENDRA,22.777858,81.95917,Community Health Center,2,Chhattisgarh,Bilaspur,0
SPEC_103743,RH Satana,20.59,74.2,Community Health Center,2,Maharashtra,Nashik,0
SPEC_103763,Nanapondha,20.413405,73.125966,Community Health Center,2,Gujarat,VALSAD,0
SPEC_103777,CHC Rajpur,21.940149,75.135566,Community Health Center,2,Madhya Pradesh,Barwani,0
SPEC_103805,SDH DODDABALLAPURA,13.2923,77.5433,Sub-District Hospital,3,Karnataka,Bangalore Rural,0
SPEC_103830,Kumher,27.340522,77.251791,Community Health Center,2,Rajasthan,Bharatpur,0
SPEC_103877,"Community Health Centre, Cherial",17.928334,78.968418,Community Health Center,2,Telangana,Warangal District,0
SPEC_103879,CHC CHAPLE KHARSIA,21.988,83.185,Community Health Center,2,Chhattisgarh,Raigarh,0
SPEC_103901,CHC Amargrah,25.931011,82.320956,Community Health Center,2,Uttar Pradesh,Pratapgarh,0
SPEC_103995,Bhiyaon,26.332305,82.824056,Community Health Center,2,Uttar Pradesh,Ambedkar Nagar,0
SPEC_104019,Subarnapur,20.4397,85.61228,Community Health Center,2,Odisha,Cuttack,0
SPEC_104031,Soraon,25.610002,81.84763,Community Health Center,2,Uttar Pradesh,Allahabad,0
SPEC_104042,Patodi,26.086187,72.271446,Community Health Center,2,Rajasthan,Barmer,0
SPEC_104106,Aghunato CHC,26.2225,94.682222,Community Health Center,2,Nagaland,Zunheboto,0
SPEC_104130,CHC DARBHA,18.871432,81.869785,Community Health Center,2,Chhattisgarh,Bastar,0
SPEC_104181,Sub District Hospital,21.081719,79.997328,Sub-District Hospital,3,Maharashtra,Bhandara,0
SPEC_104288,Vijaynagar,29.241994,73.523072,Community Health Center,2,Rajasthan,Ganganagar,0
SPEC_104329,R H  Chikali,20.348486,76.252943,Community Health Center,2,Maharashtra,Buldana,0
SPEC_104480,Government Medical College,18.4,76.56,Medical Colleges Hospital,20,Maharashtra,Latur,0
SPEC_104489,RAIKIA,20.05958,84.23843,Community Health Center,2,Odisha,Kandhamal,0
SPEC_104541,M.C.Palli,12.584364,78.245167,Community Health Center,2,Tamil Nadu,Krishnagiri,0
SPEC_104552,CHC Nadanwari,21.740327,78.556516,Community Health Center,2,Madhya Pradesh,Chhindwara,0
SPEC_104566,FRU SRINGERI TALUKA HOSPITAL,13.4279,75.2541,Sub-District Hospital,3,Karnataka,Chikmagalur,0
SPEC_104589,BETNOTI,21.7371,86.85143,Community Health Center,2,Odisha,Mayurbhanj,0
SPEC_104607,CHC Bhaini Mia Khan,31.880536,75.51061,Community Health Center,2,Punjab,Gurdaspur,0
SPEC_104650,Singvad - T,22.961179,73.956555,Community Health Center,2,Gujarat,DAHOD,0
SPEC_104683,CHC Bangra,25.31207,79.005067,Community Health Center,2,Uttar Pradesh,Jhansi,0
SPEC_104691,Jadav Dutta RH,23.197467,88.53365,Community Health Center,2,West Bengal,Nadia,0
SPEC_104748,CHC BALUMATH,23.829099,84.789315,Community Health Center,2,Jharkhand,LATEHAR,0
SPEC_104796,R. H. Newasa,19.524683,74.558228,Community Health Center,2,Maharashtra,Ahmadnagar,0
SPEC_104798,Civil Hospital Alot,23.76214,75.55991,Sub-District Hospital,3,Madhya Pradesh,Ratlam,0
SPEC_104924,CHC SARATH,24.234599,86.838348,Community Health Center,2,Jharkhand,DEOGHAR,0
SPEC_104988,CHC VIJAYNAGAR,22.704816,83.355642,Community Health Center,2,Chhattisgarh,Raigarh,0
SPEC_104992,Vajeerpur,26.58247,76.87332,Community Health Center,2,Rajasthan,Sawai Madhopur,0
SPEC_105024,CHC Baroda,25.490556,76.6575,Community Health Center,2,Madhya Pradesh,Sheopur,0
SPEC_105034,Reengus,27.367861,75.565145,Community Health Center,2,Rajasthan,Sikar,0
SPEC_105045,Tapan Rural Hospital,25.3068,88.5648,Community Health Center,2,West Bengal,Dakhshin Dinajpur,0
SPEC_105054,District Hospital Betul,21.9034,77.898065,District Hospital,8,Madhya Pradesh,Betul,0
SPEC_105055,Holy Cross Private Hospital,25.56,91.63,Civil Hospital/General Hospital,5,Meghalaya,West Khasi Hills,0
SPEC_105058,CHC Ingoriya,23.157158,75.568425,Community Health Center,2,Madhya Pradesh,Ujjain,0
SPEC_105133,CHC Dhanelikanhar,20.301405,81.345702,Community Health Center,2,Chhattisgarh,Kanker,0
SPEC_105177,Harohalli CHC,12.6801,77.4693,Community Health Center,2,Karnataka,Ramanagara,0
SPEC_105179,SDH Ramtek,21.394262,79.324036,Sub-District Hospital,3,Maharashtra,Nagpur,0
SPEC_105242,CHC JARMUNDI,24.392802,87.044383,Community Health Center,2,Jharkhand,DUMKA,0
SPEC_105253,Jayapura CHC,12.2884,76.6363,Community Health Center,2,Karnataka,Mysore,0
SPEC_105278,CHC Purana Shalla,31.995177,75.536876,Community Health Center,2,Punjab,Gurdaspur,0
SPEC_105333,Tamulpur CHC,26.63267,91.57065,Community Health Center,2,Assam,Baksa,0
SPEC_105345,DH Dhar,22.594156,75.306549,District Hospital,8,Madhya Pradesh,Dhar,0
SPEC_105349,Sonamura CHC,23.02905,91.015812,Community Health Center,2,Tripura,Sepahijala District,0
SPEC_105374,Vijaynagar,25.929544,74.644171,Community Health Center,2,Rajasthan,Ajmer,0
SPEC_105419,RH Devrukh,17.068771,73.624014,Community Health Center,2,Maharashtra,Ratnagiri,0
SPEC_105477,Gundagurthi CHC,17.2391,77.0636,Community Health Center,2,Karnataka,Gulbarga,0
SPEC_105577,CHC CHAKA,25.384277,81.841006,Community Health Center,2,Uttar Pradesh,Allahabad,0
SPEC_105579,DWH Gonda,27.134192,81.962583,District Hospital,8,Uttar Pradesh,Gonda,0
SPEC_105593,Viramgam,23.129184,72.044232,Community Health Center,2,Gujarat,AHMEDABAD,0
SPEC_105721,CHC Khutar,24.04261,82.542933,Community Health Center,2,Madhya Pradesh,Singrauli,0
SPEC_105760,VIJAYPUR (SARROI),25.153102,82.384801,Community Health Center,2,Uttar Pradesh,Mirzapur,0
SPEC_105775,CHC MANJHARI,22.335263,85.929648,Community Health Center,2,Jharkhand,PASHCHIMI SINGHBHUM,0
SPEC_105820,District Women Hospital Sitapur,27.56987,80.675822,District Hospital,8,Uttar Pradesh,Sitapur,0
SPEC_105836,DH Narsinghpur,22.944541,79.193905,District Hospital,8,Madhya Pradesh,Narsinghpur,0
SPEC_105912,Kamalpur RH,22.260583,87.989518,Community Health Center,2,West Bengal,Howrah,0
SPEC_105954,Rambagh HOSPITAL - GANDHIDHAM,23.075293,70.100048,Sub-District Hospital,3,Gujarat,KACHCHH,0
SPEC_105963,CH Bhanpura,24.53,75.73,Sub-District Hospital,3,Madhya Pradesh,Mandsaur,0
SPEC_105965,R H Chikhaldara,21.400837,77.328135,Community Health Center,2,Maharashtra,Amravati,0
SPEC_106055,Pudupadi,12.865405,79.373988,Community Health Center,2,Tamil Nadu,Vellore,0
SPEC_106113,Vadakadu,10.346983,79.056961,Community Health Center,2,Tamil Nadu,Pudukkottai,0
SPEC_106128,CHC Mohna,25.89891,77.779803,Community Health Center,2,Madhya Pradesh,Gwalior,0
SPEC_106213,MANYAWAR KASHIRAM HOSPITAL,26.245254,80.225728,District Hospital,8,Uttar Pradesh,Kanpur Nagar,0
SPEC_106220,"Mahatma Gandhi Model Hospital, Belsor",26.383767,91.3497,Community Health Center,2,Assam,Nalbari,0
SPEC_106237,RH HimayatNagar,19.42609,77.871377,Community Health Center,2,Maharashtra,Nanded,0
SPEC_106243,Mejhia RH,23.563926,87.107366,Community Health Center,2,West Bengal,Bankura,0
SPEC_106249,Barsul BPHC,23.184233,87.967517,Community Health Center,2,West Bengal,Bardhaman,0
SPEC_106251,Badraon,26.166243,83.460765,Community Health Center,2,Uttar Pradesh,Mau,0
SPEC_106297,CHC Pandhana,21.694792,76.220237,Community Health Center,2,Madhya Pradesh,East Nimar (Khandwa),0
SPEC_106300,Amarkanan RH,23.392617,87.1107,Community Health Center,2,West Bengal,Bankura,0
SPEC_106307,Anniyur,12.074165,79.391252,Community Health Center,2,Tamil Nadu,Viluppuram,0
SPEC_106480,CHC Kundam,23.219742,80.349856,Community Health Center,2,Madhya Pradesh,Jabalpur,0
SPEC_106484,DH Anini,28.797961,95.901349,District Hospital,8,Arunachal Pradesh,Dibang Valley Dist.,0
SPEC_106536,CHC HALLI MYSORE,12.6574,76.2593,Community Health Center,2,Karnataka,Hassan,0
SPEC_106601,BHATLI,21.47275,83.54221,Community Health Center,2,Odisha,Bargarh,0
SPEC_106633,BAMPADA,21.48041,85.08437,Community Health Center,2,Odisha,Debagarh,0
SPEC_106761,CHC Ramnagar,25.245487,82.125817,Community Health Center,2,Uttar Pradesh,Allahabad,0
SPEC_106801,Naravarikuppam,13.193379,80.161278,Community Health Center,2,Tamil Nadu,Thiruvallur,0
SPEC_106806,LOISANGA,20.86006,83.51048,Community Health Center,2,Odisha,Balangir,0
SPEC_106816,CHC Khargapur,24.821689,79.136892,Community Health Center,2,Madhya Pradesh,Tikamgarh,0
SPEC_106822,Edaicode,8.3709,77.1984,Community Health Center,2,Tamil Nadu,Kanniyakumari,0
SPEC_106886,Natrampalli,12.594021,78.511615,Sub-District Hospital,3,Tamil Nadu,Vellore,0
SPEC_106951,CHC Ghansore,22.661443,79.945562,Community Health Center,2,Madhya Pradesh,Seoni,0
SPEC_106993,CHC NAMKUM,23.322552,85.379882,Community Health Center,2,Jharkhand,RANCHI,0
SPEC_107045,Uttar Latabari RH,26.686028,89.436694,Community Health Center,2,West Bengal,Alipurduar*,0
SPEC_107060,RH Chakan,18.761,73.8637,Community Health Center,2,Maharashtra,Pune,0
SPEC_107079,Dhanpur - T,22.633858,74.097568,Community Health Center,2,Gujarat,DAHOD,0
SPEC_107104,Campierganj new wing,27.002215,83.268205,Community Health Center,2,Uttar Pradesh,Gorakhpur,0
SPEC_107124,KANPUR,20.40189,85.17948,Community Health Center,2,Odisha,Cuttack,0
SPEC_107128,Jainti,29.324445,79.489315,Community Health Center,2,Uttarakhand,Almora\,0
SPEC_107133,CHC Nafra,27.22019,92.33013,Community Health Center,2,Arunachal Pradesh,WEST KAMENG DISTRICT,0
SPEC_107153,MULKI,13.0903,74.7883,Community Health Center,2,Karnataka,Dakshina Kannada,0
SPEC_107161,CHC Jeeran,24.307455,74.89503,Community Health Center,2,Madhya Pradesh,Neemuch,0
SPEC_107321,CHC Bahoriband,23.666609,80.067462,Community Health Center,2,Madhya Pradesh,Katni,0
SPEC_107354,GULBARGA DH,17.3292,76.8409,District Hospital,8,Karnataka,Gulbarga,0
SPEC_107396,Nagrota Bagwan CH,32.106531,76.379035,Civil Hospital/General Hospital,5,Himachal Pradesh,Kangra,0
SPEC_107398,HOLENARASIPUR TH,12.786,76.244,Sub-District Hospital,3,Karnataka,Hassan,0
SPEC_107463,PASTIKUDI,20.02065,83.17738,Community Health Center,2,Odisha,Kalahandi,0
SPEC_107542,Cama and Albless Hospital,19.0743,72.8708,District Hospital,8,Maharashtra,Mumbai,0
SPEC_107568,District Hospital Gadchiroli,20.170197,79.982657,District Hospital,8,Maharashtra,Gadchiroli,0
SPEC_107570,CHC Baihar,22.105327,80.549226,Community Health Center,2,Madhya Pradesh,Balaghat,0
SPEC_107588,Radhanagar BPHC,23.164367,87.327767,Community Health Center,2,West Bengal,Bankura,0
SPEC_107625,Tadiyawan,27.48827,80.30103,Community Health Center,2,Uttar Pradesh,Hardoi,0
SPEC_107634,R.H. Shevgaon,19.350522,75.219803,Community Health Center,2,Maharashtra,Ahmadnagar,0
SPEC_107641,Bamanwas,26.58089,76.54408,Community Health Center,2,Rajasthan,Sawai Madhopur,0
SPEC_107683,CHC TANGMARG,34.060473,74.424678,Community Health Center,2,Jammu & Kashmir,Baramula,0
SPEC_107748,UCHC ALIGANJ,26.887853,80.937123,Community Health Center,2,Uttar Pradesh,Lucknow,0
SPEC_107823,DH Koloriang,27.54619,93.21093,District Hospital,8,Arunachal Pradesh,Kurung Kumey District,0
SPEC_107844,DASAPALLA,20.33132,84.84882,Community Health Center,2,Odisha,Nayagarh,0
SPEC_107879,CHC Bhawanigarh,30.26669,76.037981,Community Health Center,2,Punjab,Sangrur,0
SPEC_107926,CHC Landora,29.807,77.9335,Community Health Center,2,Uttarakhand,Haridwar,0
SPEC_107958,CH Beohari,24.023697,81.378416,Sub-District Hospital,3,Madhya Pradesh,Shahdol,0
SPEC_108229,CHC Kot-ise-khan,30.943992,75.142792,Community Health Center,2,Punjab,Moga,0
SPEC_108264,CHC Lateri,24.061916,77.407936,Community Health Center,2,Madhya Pradesh,Vidisha,0
SPEC_108290,Tral,33.934218,75.113672,Community Health Center,2,Jammu & Kashmir,Pulwama,0
SPEC_108309,Sekmai CHC,24.93741,93.87863,Community Health Center,2,Manipur,IMPHAL WEST,0
SPEC_108332,CHC Patharia,23.89816,79.194177,Community Health Center,2,Madhya Pradesh,Damoh,0
SPEC_108364,Nelogi,17.0578,76.6103,Community Health Center,2,Karnataka,Gulbarga,0
SPEC_108371,District Male Hospital Etah,27.556812,78.66074,District Hospital,8,Uttar Pradesh,Etah,0
SPEC_108387,NOTIONAL Kanuta,27.468069,74.141922,Community Health Center,2,Rajasthan,Churu,0
SPEC_108416,SDH sailu,19.445489,76.447896,Sub-District Hospital,3,Maharashtra,Parbhani,0
SPEC_108468,Vijypur,24.892056,74.808308,Community Health Center,2,Rajasthan,Chittaurgarh,0
SPEC_108487,Mandal,25.439817,74.569791,Community Health Center,2,Rajasthan,Bhilwara,0
SPEC_108541,Mangalur,11.5156,79.0062,Community Health Center,2,Tamil Nadu,Cuddalore,0
SPEC_108543,Singhana,28.097121,75.838902,Community Health Center,2,Rajasthan,Jhunjhunun,0
SPEC_108564,Hanumangarh City,29.618,74.299,Community Health Center,2,Rajasthan,Hanumangarh,0
SPEC_108578,Rohina - T,20.455142,73.010136,Community Health Center,2,Gujarat,VALSAD,0
SPEC_108589,TARVA,20.72822,83.67873,Community Health Center,2,Odisha,Sonapur,0
SPEC_108608,Khargram Rural Hospital,24.019944,87.991444,Community Health Center,2,West Bengal,Murshidabad,0
SPEC_108642,Bagula RH,23.326833,88.641883,Community Health Center,2,West Bengal,Nadia,0
SPEC_108647,Dantewada,18.893566,81.350579,District Hospital,8,Chhattisgarh,Dantewada,0
SPEC_108671,RH Kasar Shirsi,17.924338,76.755294,Community Health Center,2,Maharashtra,Latur,0
SPEC_108704,KAILASH NATH KATJU,23.233753,77.396229,Sub-District Hospital,3,Madhya Pradesh,Bhopal,0
SPEC_108772,Seohara (CHC Main),29.220043,78.580081,Community Health Center,2,Uttar Pradesh,Bijnor,0
SPEC_108779,Thiruvizhimizhalai,10.946319,79.57088,Community Health Center,2,Tamil Nadu,Thiruvarur,0
SPEC_108807,Rampur,27.631301,76.416536,Community Health Center,2,Rajasthan,Alwar,0
SPEC_108811,SDH BANKI,20.385559,85.540104,Sub-District Hospital,3,Odisha,Cuttack,0
SPEC_108824,Dubhar,25.744546,84.24214,Community Health Center,2,Uttar Pradesh,Ballia,0
SPEC_108852,SDH Kurkheda,20.619854,80.208427,Sub-District Hospital,3,Maharashtra,Gadchiroli,0
SPEC_108859,SADAR HOSPITAL,22.758573,86.201409,District Hospital,8,Jharkhand,PURBI SINGHBHUM,0
SPEC_108863,CHC Gandai,21.635211,81.082707,Community Health Center,2,Chhattisgarh,Rajnandgaon,0
SPEC_108893,Borawar,27.042525,74.732311,Community Health Center,2,Rajasthan,Nagaur,0
SPEC_108922,CHC DHANBAD SADAR,23.78,86.42,Community Health Center,2,Jharkhand,DHANBAD,0
SPEC_108988,R. UDAYAGIRI,19.16243,84.1458,Community Health Center,2,Odisha,Gajapati,0
SPEC_109018,CHC Chitrangi,24.473045,82.540904,Community Health Center,2,Madhya Pradesh,Singrauli,0
SPEC_109038,NOTIONAL Mathaniya,26.530763,72.978535,Community Health Center,2,Rajasthan,Jodhpur,0
SPEC_109042,main center 2,28.018815,78.110213,Community Health Center,2,Uttar Pradesh,Aligarh,0
SPEC_109057,RH Chamorshi,19.869423,80.00029,Community Health Center,2,Maharashtra,Gadchiroli,0
SPEC_109098,Pudunagar,10.615227,79.042133,Community Health Center,2,Tamil Nadu,Pudukkottai,0
SPEC_109142,Rashidpur Rural Hospital,25.394021,88.405846,Community Health Center,2,West Bengal,Dakhshin Dinajpur,0
SPEC_109149,Laskein CHC,25.517945,92.414899,Community Health Center,2,Meghalaya,West Jaintia Hills,0
SPEC_109199,SORBHOG CHC,26.491333,90.89895,Community Health Center,2,Assam,Barpeta,0
SPEC_109211,Kesarisinghpur,29.947521,73.621242,Community Health Center,2,Rajasthan,Ganganagar,0
SPEC_109257,Poonimangadu,13.261402,79.636067,Community Health Center,2,Tamil Nadu,Thiruvallur,0
SPEC_109346,S.S.Kulam,11.1345,77.0344,Community Health Center,2,Tamil Nadu,Coimbatore,0
SPEC_109476,District Women Hospital,27.157936,78.38865,District Hospital,8,Uttar Pradesh,Firozabad,0
SPEC_109488,R H Naigaon,18.851175,77.53215,Community Health Center,2,Maharashtra,Nanded,0
SPEC_109511,Gopal Ganj,26.202435,83.023163,Community Health Center,2,Uttar Pradesh,Azamgarh,0
SPEC_109562,Samsi RH,25.27867,88.019025,Community Health Center,2,West Bengal,Maldah,0
SPEC_109645,GRESSINGA,20.13734,84.34637,Community Health Center,2,Odisha,Kandhamal,0
SPEC_109795,Saragur CHC,12.0003,76.3968,Community Health Center,2,Karnataka,Mysore,0
SPEC_109837,Budalur,10.7904,78.9782,Community Health Center,2,Tamil Nadu,Thanjavur,0
SPEC_109855,"Community Health Centre,  Deverkonda",16.692226,78.91906,Community Health Center,2,Telangana,Nalgonda District,0
SPEC_109893,Haroti,26.37931,76.68873,Community Health Center,2,Rajasthan,Karauli,0
SPEC_109899,URBAN PHC Nai K Saray,27.240015,78.052612,Community Health Center,2,Uttar Pradesh,Agra,0
SPEC_109936,Jhadol Ph,24.359158,73.531431,Community Health Center,2,Rajasthan,Udaipur,0
SPEC_109975,CHC POTKA,22.62,86.21,Community Health Center,2,Jharkhand,PURBI SINGHBHUM,0
SPEC_110006,Khanakul RH,22.703433,87.849067,Community Health Center,2,West Bengal,Hooghly,0
SPEC_110052,Mehmedabad,22.818089,72.753897,Community Health Center,2,Gujarat,KHEDA,0
SPEC_110067,Banskhoh,26.824374,76.14649,Community Health Center,2,Rajasthan,Jaipur,0
SPEC_110086,Kulai RH,22.553124,88.15118,Community Health Center,2,West Bengal,Howrah,0
SPEC_110159,Arehalli CHC,13.0456,75.8175,Community Health Center,2,Karnataka,Hassan,0
SPEC_110172,Sitapur,22.781581,83.495225,Community Health Center,2,Chhattisgarh,Surguja,0
SPEC_110291,(FRU)  TURUVEKERE TALUK HOSPITAL,13.1652,76.6677,Sub-District Hospital,3,Karnataka,Tumkur,0
SPEC_110325,District Women Hospital Ballia,25.749562,84.146392,District Hospital,8,Uttar Pradesh,Ballia,0
SPEC_110352,RH Naigaon,18.505682,77.315949,Community Health Center,2,Maharashtra,Nanded,0
SPEC_110394,Naducauvery,10.8618,79.0401,Community Health Center,2,Tamil Nadu,Thanjavur,0
SPEC_110461,Dholipal,29.752074,74.267444,Community Health Center,2,Rajasthan,Hanumangarh,0
SPEC_110462,Chakmondala BPHC,24.195235,87.724412,Community Health Center,2,West Bengal,Birbhum,0
SPEC_110493,Sadar Hospital,26.46076,84.44112,District Hospital,8,Bihar,Gopalganj,0
SPEC_110557,Mon DH,26.836111,95.212778,District Hospital,8,Nagaland,Mon,0
SPEC_110562,RH Bhadrawati,20.10043,79.11255,Community Health Center,2,Maharashtra,Chandrapur,0
SPEC_110566,Bethuadahari RH,23.61555,88.382933,Community Health Center,2,West Bengal,Nadia,0
SPEC_110683,Mirza CHC,26.096717,91.52895,Community Health Center,2,Assam,Kamrup,0
SPEC_110688,"Mathura Das Mathur Hospital, Jodhpur",26.2644,73.0077,Medical Colleges Hospital,20,Rajasthan,Jodhpur,0
SPEC_110706,Examba CHC,16.529,74.6056,Community Health Center,2,Karnataka,Belgaum,0
SPEC_110722,Nichar CHC,31.552936,77.980154,Community Health Center,2,Himachal Pradesh,Kinnaur,0
SPEC_110743,RH Jasawali,18.074006,73.045478,Community Health Center,2,Maharashtra,Raigarh,0
SPEC_110857,Vijapur,23.559803,72.7502,Community Health Center,2,Gujarat,MAHESANA,0
SPEC_110901,Malkhed CHC,17.183345,77.149988,Community Health Center,2,Karnataka,Gulbarga,0
SPEC_110952,BINJHARPUR,20.72341,86.40865,Community Health Center,2,Odisha,Jajapur,0
SPEC_110990,RH Raghopur,25.34128,85.20594,Community Health Center,2,Bihar,Vaishali,0
SPEC_111032,Kadathur,12.08569,78.291037,Community Health Center,2,Tamil Nadu,Dharmapuri,0
SPEC_111057,MCCH Anantnag,33.729157,75.150864,District Hospital,8,Jammu & Kashmir,Anantnag,0
SPEC_111085,Indergarh,25.729837,76.192864,Community Health Center,2,Rajasthan,Bundi,0
SPEC_111135,Rawatbhata,24.930595,75.590926,Community Health Center,2,Rajasthan,Chittaurgarh,0
SPEC_111351,"General Hospital, Wardha",20.7163,78.583832,Civil Hospital/General Hospital,5,Maharashtra,Wardha,0
SPEC_111393,CHC ABHANPUR,21.054,81.743,Community Health Center,2,Chhattisgarh,Raipur,0
SPEC_111437,Keshkal,20.08334,81.58898,Community Health Center,2,Chhattisgarh,KONDAGAON,0
SPEC_111451,(FRU) AURAD TALUK HOSPITAL,18.2592,77.411,Sub-District Hospital,3,Karnataka,Bidar,0
SPEC_111452,GULURU,13.8401,77.8332,Community Health Center,2,Karnataka,Chikkaballapura,0
SPEC_111475,Kulpi Rural Hospital,22.082283,88.247733,Community Health Center,2,West Bengal,South 24 Parganas,0
SPEC_111595,MAHIDHARPADA,20.33924,85.92118,Community Health Center,2,Odisha,Cuttack,0
SPEC_111604,Bharmour CH,32.441609,76.537865,Civil Hospital/General Hospital,5,Himachal Pradesh,Chamba,0
SPEC_111635,Moran Tiloi CHC,27.226967,94.892783,Community Health Center,2,Assam,Dibrugarh,0
SPEC_111647,"Mahila Chikitsalaya, Jaipur",26.915087,75.823908,Medical Colleges Hospital,20,Rajasthan,Jaipur,0
SPEC_111673,DH SHAJAPUR,23.434,76.3181,District Hospital,8,Madhya Pradesh,Shajapur,0
SPEC_111682,DISTRICT HOSPITAL,22.709073,85.942655,District Hospital,8,Jharkhand,SARIKELA-KHARSWANA,0
SPEC_111705,Kanapukur BPHC,24.310149,88.297411,Community Health Center,2,West Bengal,Murshidabad,0
SPEC_111731,Gari,23.589218,74.15042,Community Health Center,2,Rajasthan,Banswara,0
SPEC_111753,BIKAPUR,26.600678,82.133271,Community Health Center,2,Uttar Pradesh,Faizabad,0
SPEC_111833,GMC Yavatmal,20.395552,78.11869,Medical Colleges Hospital,20,Maharashtra,Yavatmal,0
SPEC_111900,CHC Machrehta,27.410431,80.632385,Community Health Center,2,Uttar Pradesh,Sitapur,0
SPEC_111913,CHC Madawara,24.37212,78.79182,Community Health Center,2,Uttar Pradesh,Lalitpur,0
SPEC_111924,Sabdalpur BPHC,22.844883,88.565883,Community Health Center,2,West Bengal,North 24 Parganas,0
SPEC_111925,CHC Khujner,23.787163,76.622498,Community Health Center,2,Madhya Pradesh,Rajgarh,0
SPEC_111933,NOTIONAL Nokhra,25.475426,71.615582,Community Health Center,2,Rajasthan,Barmer,0
SPEC_111937,Ramganj BPHC,26.19208,88.17406,Community Health Center,2,West Bengal,Uttar Dinajpur,0
SPEC_111992,CHC KODARMA,24.429601,85.535958,Community Health Center,2,Jharkhand,KODERMA,0
SPEC_112074,Purola,30.529258,78.053043,Community Health Center,2,Uttarakhand,Uttarkashi,0
SPEC_112220,Nagudi,10.151507,79.109893,Community Health Center,2,Tamil Nadu,Pudukkottai,0
SPEC_112222,"Birasal,CHC",20.99388,85.67733,Community Health Center,2,Odisha,Dhenkanal,0
SPEC_112246,B D K Hospital Jhunjhunu,28.116767,75.39505,District Hospital,8,Rajasthan,Jhunjhunun,0
SPEC_112290,CHC Tanda,28.970901,78.938967,Community Health Center,2,Uttar Pradesh,Rampur,0
SPEC_112292,CHC Machhiwara,30.912486,76.19568,Community Health Center,2,Punjab,Ludhiana,0
SPEC_112321,Rural Hospital Kaledhon,17.4324,74.6461,Community Health Center,2,Maharashtra,Satara,0
SPEC_112354,CHC Sirali,22.155348,77.056748,Community Health Center,2,Madhya Pradesh,Harda,0
SPEC_112357,Wazeerganj,26.963877,82.11701,Community Health Center,2,Uttar Pradesh,Gonda,0
SPEC_112359,JLN District Hospital,28.991869,79.401101,District Hospital,8,Uttarakhand,Udham Singh Nagar,0
SPEC_112418,RAJ KISHORE NAGAR,20.96584,84.48604,Community Health Center,2,Odisha,Anugul,0
SPEC_112451,Bardod,27.892908,76.362241,Community Health Center,2,Rajasthan,Alwar,0
SPEC_112481,CHC Karahal,25.480243,77.039175,Community Health Center,2,Madhya Pradesh,Sheopur,0
SPEC_112482,Krishnaganj RH,27.41715,88.698,Community Health Center,2,West Bengal,Nadia,0
SPEC_112489,DH Gopeshwar,30.245929,79.192395,District Hospital,8,Uttarakhand,Chamoli,0
SPEC_112501,CHC MAHAGAMA,25.039531,87.313261,Community Health Center,2,Jharkhand,GODDA,0
SPEC_112528,CHC Billawar,32.60756,75.594989,Community Health Center,2,Jammu & Kashmir,KATHUA,0
SPEC_112554,Jayanagar CHC,12.2027,76.5545,Community Health Center,2,Karnataka,Mysore,0
SPEC_112609,Barama CHC,26.54,91.37,Community Health Center,2,Assam,Baksa,0
SPEC_112651,CHC Obedullganj,22.999274,77.583434,Community Health Center,2,Madhya Pradesh,Raisen,0
SPEC_112774,Mandir,20.893457,72.917986,Community Health Center,2,Gujarat,NAVSARI,0
SPEC_112839,Chandrappa Circle,12.9109,77.3704,Community Health Center,2,Karnataka,Bangalore,0
SPEC_112862,Sabroom Sub-divisional Hospital,23.028,91.46309,Sub-District Hospital,3,Tripura,South District,0
SPEC_112880,Bhatibari RH,26.4497,89.62328,Community Health Center,2,West Bengal,Alipurduar*,0
SPEC_112885,RH Yeola,20.02598,74.42969,Community Health Center,2,Maharashtra,Nashik,0
SPEC_112905,R K District Hospital Rajsamand,25.071485,73.88307,District Hospital,8,Rajasthan,Rajsamand,0
SPEC_112959,BHAU RAO DEVRAS HOSPITAL MAHANAGAR,26.875357,80.953445,District Hospital,8,Uttar Pradesh,Lucknow,0
SPEC_112967,CHC Badwara,23.749529,80.578958,Community Health Center,2,Madhya Pradesh,Katni,0
SPEC_112975,Karimpur RH,23.980399,88.625821,Community Health Center,2,West Bengal,Nadia,0
SPEC_112983,MARADIHALLI,14.1317,76.5277,Community Health Center,2,Karnataka,Chitradurga,0
SPEC_113038,JUDUM,20.52373,84.96909,Community Health Center,2,Odisha,Cuttack,0
SPEC_113056,CHC Niwas,23.044139,80.443083,Community Health Center,2,Madhya Pradesh,Singrauli,0
SPEC_113148,CH BASODA,23.851,77.93,Sub-District Hospital,3,Madhya Pradesh,Vidisha,0
SPEC_113154,CHC Zharda,23.60069,75.72287,Community Health Center,2,Madhya Pradesh,Ujjain,0
SPEC_113181,CHC Kala Sanghian,31.261955,75.444978,Community Health Center,2,Punjab,Kapurthala,0
SPEC_113256,CHC Jobat,22.419458,74.566833,Community Health Center,2,Madhya Pradesh,Alirajpur,0
SPEC_113310,T.B. Hospital,26.801618,82.764485,District Hospital,8,Uttar Pradesh,Basti,0
SPEC_113326,Community Health Centre Huzurabad,18.201894,79.396708,Community Health Center,2,Telangana,Karimnagar District,0
SPEC_113433,Malkhed CHC,17.183345,77.149988,Community Health Center,2,Karnataka,Gulbarga,0
SPEC_113470,CHC LATEHAR,23.74,84.5,Community Health Center,2,Jharkhand,LATEHAR,0
SPEC_113478,Khod,25.485822,73.396047,Community Health Center,2,Rajasthan,Pali,0
SPEC_113516,CHC PATHALGAON,22.5586,83.46514,Community Health Center,2,Chhattisgarh,Jashpur,0
SPEC_113594,Rol Sahabsar,28.042653,74.863871,Community Health Center,2,Rajasthan,Sikar,0
SPEC_113603,Khambha,21.141006,71.256256,Community Health Center,2,Gujarat,AMRELI,0
SPEC_113617,Shivpur,30.05,73.866667,Community Health Center,2,Rajasthan,Ganganagar,0
SPEC_113630,"Area Hospital, Koathagudem",17.550686,80.621943,Sub-District Hospital,3,Telangana,Khammam District,0
SPEC_113637,BHEDEN,21.19654,83.75302,Community Health Center,2,Odisha,Bargarh,0
SPEC_113776,CHC Basna,21.2779,82.8244,Community Health Center,2,Chhattisgarh,Mahasamund,0
SPEC_113783,RH Digras,20.133313,77.709045,Community Health Center,2,Maharashtra,Yavatmal,0
SPEC_113820,Thoi,27.542696,75.750231,Community Health Center,2,Rajasthan,Sikar,0
SPEC_113823,Kapileswarapuram,16.323219,80.86407,Community Health Center,2,Andhra Pradesh,East Godavari District,0
SPEC_113892,Pfutsero CHC,25.694167,94.390556,Community Health Center,2,Nagaland,Phek,0
SPEC_113911,Kathalia CHC,23.022007,91.019265,Community Health Center,2,Tripura,Sepahijala District,0
SPEC_113950,DH ASHOKNAGAR,24.576277,77.731231,District Hospital,8,Madhya Pradesh,Ashoknagar,0
SPEC_114086,JATANI,20.168726,85.700665,Community Health Center,2,Odisha,Khordha,0
SPEC_114103,Karimangalam,12.3055,78.205,Community Health Center,2,Tamil Nadu,Dharmapuri,0
SPEC_114161,CHC Dhakoli,30.654377,76.844028,Community Health Center,2,Punjab,Sahibzada Ajit Singh Nagar,0
SPEC_114169,"Community Health Centre,Chennur",18.85406,79.791016,Community Health Center,2,Telangana,Adilabad District,0
SPEC_114256,Chawngte CHC,22.62278,92.65056,Community Health Center,2,Mizoram,LAWNGTLAI,0
SPEC_114390,RH Nimgaon Ketki,18.4599,74.5434,Community Health Center,2,Maharashtra,Pune,0
SPEC_114395,kapasan,24.876476,74.317688,Community Health Center,2,Rajasthan,Chittaurgarh,0
SPEC_114396,DH HARDA,22.34063,77.093042,District Hospital,8,Madhya Pradesh,Harda,0
SPEC_114413,Sahada,25.188359,74.241541,Community Health Center,2,Rajasthan,Bhilwara,0
SPEC_114434,KHANDAPADA,20.26484,85.17154,Community Health Center,2,Odisha,Nayagarh,0
SPEC_114619,SDH Masaurhi,25.367508,85.042679,Sub-District Hospital,3,Bihar,Patna,0
SPEC_114650,SAROORPUR,29.03162,77.235235,Community Health Center,2,Uttar Pradesh,Baghpat,0
SPEC_114673,Basai Nawab,26.692039,77.89064,Community Health Center,2,Rajasthan,Dhaulpur,0
SPEC_114674,Bookanakere,12.563,76.5264,Community Health Center,2,Karnataka,Mandya,0
SPEC_114681,VADALORE,11.5535,79.5463,Community Health Center,2,Tamil Nadu,Cuddalore,0
SPEC_114732,CHC Dirang,27.2165,92.14491,Community Health Center,2,Arunachal Pradesh,WEST KAMENG DISTRICT,0
SPEC_114766,Ramgarh,27.587697,76.817314,Community Health Center,2,Rajasthan,Alwar,0
SPEC_114815,(FRU) TARIKERE TALUKA HOSPITAL,13.7098,75.8124,Sub-District Hospital,3,Karnataka,Chikmagalur,0
SPEC_114862,Kishanganj,25.097956,76.670147,Community Health Center,2,Rajasthan,Baran,0
SPEC_114926,Dwarigeria RH,22.72953,87.36239,Community Health Center,2,West Bengal,Paschim Medinipur,0
SPEC_114931,Dhubulia RH,23.489317,88.449117,Community Health Center,2,West Bengal,Nadia,0
SPEC_114932,CHC CHIRAIGAUON,25.380508,83.056049,Community Health Center,2,Uttar Pradesh,Varanasi,0
SPEC_114938,Bandanwara,26.125179,74.690086,Community Health Center,2,Rajasthan,Ajmer,0
SPEC_115019,Wadi CHC,17.0418,77.0003,Community Health Center,2,Karnataka,Gulbarga,0
SPEC_115027,Doomdooma CHC,27.635482,95.669429,Community Health Center,2,Assam,Tinsukia,0
SPEC_115042,Maulasar,27.30563,74.726852,Community Health Center,2,Rajasthan,Nagaur,0
SPEC_115080,PMC - Kamla Nehru Hospital,18.52254,73.862682,Sub-District Hospital,3,Maharashtra,Pune,0
SPEC_115113,General Hospital Washi,19.07,72.999,Civil Hospital/General Hospital,5,Maharashtra,Thane,0
SPEC_115143,Agomoni CHC,26.19945,89.785317,Community Health Center,2,Assam,Dhubri,0
SPEC_115154,Idawa,26.79847,74.263733,Community Health Center,2,Rajasthan,Nagaur,0
SPEC_115199,SALAIGRAMMAM,9.611133,78.718445,Community Health Center,2,Tamil Nadu,Sivaganga,0
SPEC_115275,MALUR TH,13.0037,77.9372,Sub-District Hospital,3,Karnataka,Kolar,0
SPEC_115281,CHC Bajna,23.312413,74.635684,Community Health Center,2,Madhya Pradesh,Ratlam,0
SPEC_115304,RH Ranala,21.34,74.37,Community Health Center,2,Maharashtra,Nandurbar,0
SPEC_115358,Matigara BPHC,26.71931,88.38671,Community Health Center,2,West Bengal,Darjiling,0
SPEC_115444,Gudhagodji,27.874353,75.531163,Community Health Center,2,Rajasthan,Jhunjhunun,0
SPEC_115486,CHC Palera,25.01974,79.09006,Community Health Center,2,Madhya Pradesh,Tikamgarh,0
SPEC_115500,DHH Balasore,21.49181,86.93531,District Hospital,8,Odisha,Baleshwar,0
SPEC_115531,V.Kota,13.000862,78.489397,Community Health Center,2,Andhra Pradesh,Chittoor District,0
SPEC_115552,Kawai,24.758466,76.731376,Community Health Center,2,Rajasthan,Baran,0
SPEC_115567,NOTIONAL Vallabhunagar,24.6722,74.0036,Community Health Center,2,Rajasthan,Udaipur,0
SPEC_115569,Islampur Rural Hospital,24.155139,88.473028,Community Health Center,2,West Bengal,Murshidabad,0
SPEC_115591,Ghandiyal CHC,30.01473,78.416473,Community Health Center,2,Uttarakhand,Garhwal,0
SPEC_115620,Choth Ka Barwara,26.01876,76.37629,Community Health Center,2,Rajasthan,Sawai Madhopur,0
SPEC_115639,MOTH,25.735751,78.957466,Community Health Center,2,Uttar Pradesh,Jhansi,0
SPEC_115693,SDH BONAI,21.82298,84.95967,Sub-District Hospital,3,Odisha,Sundargarh,0
SPEC_115694,MEENSURUTTY,11.2374,79.4785,Community Health Center,2,Tamil Nadu,Ariyalur,0
SPEC_115702,Maroth,27.09787,75.085007,Community Health Center,2,Rajasthan,Nagaur,0
SPEC_115762,CHC Chicholi,22.007,77.67,Community Health Center,2,Madhya Pradesh,Betul,0
SPEC_115788,Semmipalayam,11.0091,77.2368,Community Health Center,2,Tamil Nadu,Tiruppur,0
SPEC_115815,CHC Ahore,25.37,72.77,Community Health Center,2,Rajasthan,Jalor,0
SPEC_115843,Potla,25.133333,74.2,Community Health Center,2,Rajasthan,Bhilwara,0
SPEC_115870,R H Kandhar,18.87359,77.186927,Community Health Center,2,Maharashtra,Nanded,0
SPEC_115890,Holycross Hospital(Pvt. Hospital),25.518024,90.170318,Civil Hospital/General Hospital,5,Meghalaya,West Garo Hills,0
SPEC_115913,Belur,11.708083,78.411238,Community Health Center,2,Tamil Nadu,Salem,0
SPEC_115990,KODANAD,11.510642,76.906683,Community Health Center,2,Tamil Nadu,The Nilgiris,0
SPEC_115993,PATRAPUR,19.13076,84.57573,Community Health Center,2,Odisha,Ganjam,0
SPEC_116051,District Female Hospital Azamgarh,26.06358,83.15342,District Hospital,8,Uttar Pradesh,Azamgarh,0
SPEC_116107,Kesudurpal CHC,21.16486,86.01045,Community Health Center,2,Odisha,Kendujhar,0
SPEC_116128,CHC babina,25.233428,78.470527,Community Health Center,2,Uttar Pradesh,Jhansi,0
SPEC_116138,CHC NIMDIH,22.991749,86.145922,Community Health Center,2,Jharkhand,SARIKELA-KHARSWANA,0
SPEC_116187,"District Hospital, Ratnagiri",16.990643,73.31674,District Hospital,8,Maharashtra,Ratnagiri,0
SPEC_116245,DH BARWANI,22.043169,74.919557,District Hospital,8,Madhya Pradesh,Barwani,0
SPEC_116284,CHC GOILKERA,22.509544,85.377395,Community Health Center,2,Jharkhand,PASHCHIMI SINGHBHUM,0
SPEC_116291,Chawmanu CHC,23.86253,91.99879,Community Health Center,2,Tripura,Dhalai District,0
SPEC_116305,NMMC MCH Nerul,19.035,73.0223,District Hospital,8,Maharashtra,Thane,0
SPEC_116334,SANAMASIGAM,19.21118,82.45084,Community Health Center,2,Odisha,Nabarangapur,0
SPEC_116340,RH BORI,19.499175,76.728553,Community Health Center,2,Maharashtra,Parbhani,0
SPEC_116415,ATTABIRA,21.37218,83.78562,Community Health Center,2,Odisha,Bargarh,0
SPEC_116472,Srikhanda BPHC,23.597117,88.07655,Community Health Center,2,West Bengal,Bardhaman,0
SPEC_116474,Government Chest Hospital,17.445384,78.434951,Medical Colleges Hospital,20,Telangana,Hyderabad District,0
SPEC_116551,KHAMAR,21.26844,85.19483,Community Health Center,2,Odisha,Anugul,0
SPEC_116575,MBMC BIG Hospital,19.274169,72.86088,Community Health Center,2,Maharashtra,Thane,0
SPEC_116632,Kerur CHC,16.4652,74.6451,Community Health Center,2,Karnataka,Bagalkot,0
SPEC_116636,Phalodi,27.13333,72.36667,Community Health Center,2,Rajasthan,Jodhpur,0
SPEC_116685,Telagi CHC,14.6576,75.8904,Community Health Center,2,Karnataka,Davanagere,0
SPEC_116704,NOTIONAL Lohawat,26.98082,72.5749,Community Health Center,2,Rajasthan,Jodhpur,0
SPEC_116715,Gangapur City,26.4852,76.7327,Sub-District Hospital,3,Rajasthan,Sawai Madhopur,0
SPEC_116723,Perumanallur,11.2094,77.357,Community Health Center,2,Tamil Nadu,Tiruppur,0
SPEC_116750,CHC Fatehpur Mondaon,26.132072,83.708436,Community Health Center,2,Uttar Pradesh,Mau,0
SPEC_116793,CHC Bamanwas,26.58089,76.54408,Community Health Center,2,Rajasthan,Sawai Madhopur,0
SPEC_116938,Rajsitapur,22.869644,71.581819,Community Health Center,2,Gujarat,SURENDRANAGAR,0
SPEC_116990,DH TIKAMGARH,24.743221,78.832294,District Hospital,8,Madhya Pradesh,Tikamgarh,0
SPEC_117037,Kotkhai CHC,31.117669,77.535336,Community Health Center,2,Himachal Pradesh,Shimla,0
SPEC_117066,GMERS Medical College Himattnagar,23.595704,72.960639,Medical Colleges Hospital,20,Gujarat,SABARKANTHA,0
SPEC_117084,Kotkasim,28.029455,76.720484,Community Health Center,2,Rajasthan,Alwar,0
SPEC_117166,"Community Health Centre,  Eturnagaram",18.337811,80.42987,Community Health Center,2,Telangana,Warangal District,0
SPEC_117170,Ramganj Mandi,24.65,75.937,Community Health Center,2,Rajasthan,Kota,0
SPEC_117235,JALESWARPUR,21.68087,87.4064,Community Health Center,2,Odisha,Baleshwar,0
SPEC_117238,Syana,28.625037,78.05409,Community Health Center,2,Uttar Pradesh,Bulandshahar,0
SPEC_117245,Women Hospital Amravati,20.934948,77.76049,Women Hospital,3,Maharashtra,Amravati,0
SPEC_117289,SDH PALLAHARA,21.43522,85.19079,Sub-District Hospital,3,Odisha,Anugul,0
SPEC_117377,NPHC JAURA BAJAR,26.647975,83.989442,Community Health Center,2,Uttar Pradesh,Kushinagar,0
SPEC_117395,CHC Parashrampur,26.897138,82.34161,Community Health Center,2,Uttar Pradesh,Basti,0
SPEC_117435,Piparcity,26.387991,73.529964,Community Health Center,2,Rajasthan,Jodhpur,0
SPEC_117479,CHC Patna,23.293736,82.67667,Community Health Center,2,Chhattisgarh,Koriya,0
SPEC_117497,Bagoor,25.357679,74.383011,Community Health Center,2,Rajasthan,Bhilwara,0
SPEC_117504,RAGHUNATHPUR,20.36276,86.16055,Community Health Center,2,Odisha,Jagatsinghapur,0
SPEC_117508,CHC P.P. Kamaicha,26.070378,82.305121,Community Health Center,2,Uttar Pradesh,Sultanpur,0
SPEC_117514,Bhangagarh RH,22.197741,87.138971,Community Health Center,2,West Bengal,Paschim Medinipur,0
SPEC_117532,CHC Kailaras,26.301373,77.61638,Community Health Center,2,Madhya Pradesh,Morena,0
SPEC_117564,ALI CHC,20.68765,86.65282,Community Health Center,2,Odisha,Kendrapara,0
SPEC_117619,Panchkolguri RH,26.479813,89.400012,Community Health Center,2,West Bengal,Alipurduar*,0
SPEC_117624,Perumpannaiyur,10.844511,79.546294,Community Health Center,2,Tamil Nadu,Thiruvarur,0
SPEC_117630,Malsisar,28.359406,75.298182,Community Health Center,2,Rajasthan,Jhunjhunun,0
SPEC_117643,DHARMAPURA,14.0656,76.8605,Community Health Center,2,Karnataka,Chitradurga,0
SPEC_117668,TIMIRI,12.816818,79.31067,Community Health Center,2,Tamil Nadu,Vellore,0
SPEC_117699,RH Amgaon,21.467767,80.364304,Community Health Center,2,Maharashtra,Gondiya *,0
SPEC_117715,Paikpari BPHC,22.453717,87.871983,Community Health Center,2,West Bengal,Purba Medinipur,0
SPEC_117737,CHC Bhatgaon,23.3485,83.0031,Community Health Center,2,Chhattisgarh,SURAJPUR,0
SPEC_117763,KOTPAD,19.13483,82.32033,Community Health Center,2,Odisha,Koraput,0
SPEC_117773,Uma Shanker Male Hospital,26.5481,80.4846,District Hospital,8,Uttar Pradesh,Unnao,0
SPEC_117790,CHC Tonk Khurd,23.09303,76.225697,Community Health Center,2,Madhya Pradesh,Dewas,0
SPEC_117835,"Bagala Male District Hospital, Hathras",27.59401,78.049683,District Hospital,8,Uttar Pradesh,Mahamaya Nagar,0
SPEC_117892,CHC Jang,27.34846,91.58908,Community Health Center,2,Arunachal Pradesh,TAWANG DISTRICT,0
SPEC_117900,Kadamtala CHC,24.027385,92.012698,Community Health Center,2,Tripura,North District,0
SPEC_117912,Kalligudi,9.694907,77.974133,Community Health Center,2,Tamil Nadu,Madurai,0
SPEC_117938,FRU SIDDLAGHATTA TALUK HOSPITAL,13.393,77.8642,Sub-District Hospital,3,Karnataka,Chikkaballapura,0
SPEC_117984,TATO,21.84403,86.01891,Community Health Center,2,Odisha,Mayurbhanj,0
SPEC_117999,Bilaspur,28.891261,79.257031,Community Health Center,2,Uttar Pradesh,Rampur,0
SPEC_118035,Atroli,28.102889,78.161025,Community Health Center,2,Uttar Pradesh,Aligarh,0
SPEC_118064,CHC Jeerapur,24.01815,76.368588,Community Health Center,2,Madhya Pradesh,Rajgarh,0
SPEC_118114,CHC Nasrullaganj,22.606367,77.208736,Community Health Center,2,Madhya Pradesh,Sehore,0
SPEC_118161,RH Dhanora,20.271723,80.309482,Community Health Center,2,Maharashtra,Gadchiroli,0
SPEC_118298,NOTIONAL Malsisar,28.346579,75.286164,Community Health Center,2,Rajasthan,Jhunjhunun,0
SPEC_118432,Gonara BPHC,22.075064,87.641772,Community Health Center,2,West Bengal,Purba Medinipur,0
SPEC_118459,NOTIONAL Padampur,29.659837,73.438647,Community Health Center,2,Rajasthan,Ganganagar,0
SPEC_118490,B.B. Nagar,28.642638,77.952161,Community Health Center,2,Uttar Pradesh,Bulandshahar,0
SPEC_118526,Raniganj BPHC,23.61205,87.118285,Community Health Center,2,West Bengal,Bardhaman,0
SPEC_118582,Bhawani Mandi,24.42,75.829722,Community Health Center,2,Rajasthan,Jhalawar,0
SPEC_118602,HALLIKHED B,17.8508,77.2628,Community Health Center,2,Karnataka,Bidar,0
SPEC_118642,District Male Hospital Mau,25.921302,83.564301,District Hospital,8,Uttar Pradesh,Mau,0
SPEC_118686,D B  Government Hospital Churu,28.28873,74.964806,District Hospital,8,Rajasthan,Churu,0
SPEC_118707,Udaynarayanpur SGH,22.720658,87.98859,Sub-District Hospital,3,West Bengal,Howrah,0
SPEC_118791,Raipur,25.474737,74.115187,Community Health Center,2,Rajasthan,Bhilwara,0
SPEC_118937,CHC Manupur,30.755194,76.271071,Community Health Center,2,Punjab,Ludhiana,0
SPEC_118980,Kirandul,18.645098,81.253448,Community Health Center,2,Chhattisgarh,Dantewada,0
SPEC_118985,Sub Div Hospital Hathua,26.364543,84.295529,Sub-District Hospital,3,Bihar,Gopalganj,0
SPEC_119003,CHC Dharampuri,22.15737,75.35084,Community Health Center,2,Madhya Pradesh,Dhar,0
SPEC_119028,DH DATIA,25.683338,78.466662,District Hospital,8,Madhya Pradesh,Datia,0
SPEC_119186,CHARMAL,21.10848,84.2154,Community Health Center,2,Odisha,Sambalpur,0
SPEC_119209,Laudoha BPHC,23.2324,87.8637,Community Health Center,2,West Bengal,Bardhaman,0
SPEC_119213,CHC Tilra,22.572612,75.23698,Community Health Center,2,Madhya Pradesh,Dhar,0
SPEC_119247,CHC Narayanganj,22.827337,80.236314,Community Health Center,2,Madhya Pradesh,Mandla,0
SPEC_119256,Virar,19.450423,72.779088,Community Health Center,2,Maharashtra,Palghar,0
SPEC_119331,PAVOORCHTRAM,8.913342,77.388276,Community Health Center,2,Tamil Nadu,Tirunelveli,0
SPEC_119378,Babara,21.844427,71.303766,Community Health Center,2,Gujarat,AMRELI,0
SPEC_119387,Chowgachha BPHC,23.029167,88.620483,Community Health Center,2,West Bengal,Nadia,0
SPEC_119414,Nashipur B.P.H.C.,24.3075,88.382778,Community Health Center,2,West Bengal,Murshidabad,0
SPEC_119439,Reni,27.16268,76.745195,Community Health Center,2,Rajasthan,Alwar,0
SPEC_119441,Borholla CHC,26.44985,94.132667,Community Health Center,2,Assam,Jorhat,0
SPEC_119475,JIRAL,20.86384,85.68102,Community Health Center,2,Odisha,Dhenkanal,0
SPEC_119481,Punjpur,23.871034,74.037356,Community Health Center,2,Rajasthan,Dungarpur,0
SPEC_119484,NOTIONAL Bissau,28.354286,75.292986,Community Health Center,2,Rajasthan,Jhunjhunun,0
SPEC_119535,CHC Dhanora,22.531016,79.851157,Community Health Center,2,Madhya Pradesh,Seoni,0
SPEC_119601,Phansidewa BPHC,26.589141,88.35675,Community Health Center,2,West Bengal,Darjiling,0
SPEC_119677,Thasra,22.801098,73.212847,Community Health Center,2,Gujarat,KHEDA,0
SPEC_119738,Parsiya Chandaure,26.309452,83.848369,Community Health Center,2,Uttar Pradesh,Deoria,0
SPEC_119748,Nallattipalayam,10.7807,77.0202,Community Health Center,2,Tamil Nadu,Coimbatore,0
SPEC_119750,NOTIONAL Ridmalsar,29.564084,73.750728,Community Health Center,2,Rajasthan,Ganganagar,0
SPEC_119754,Dadri,28.552748,77.556817,Sub-District Hospital,3,Uttar Pradesh,Gautam Buddha Nagar,0
SPEC_119771,Chakoltore BPHC,23.236333,86.3597,Community Health Center,2,West Bengal,Purulia,0
SPEC_119785,CHC Chadoora,33.9441,74.8016,Community Health Center,2,Jammu & Kashmir,Badgam,0
SPEC_119801,RH MURGUD,16.315226,74.135149,Community Health Center,2,Maharashtra,Kolhapur,0
SPEC_119815,BAILHONGAL TH,15.8065,74.8448,Sub-District Hospital,3,Karnataka,Belgaum,0
SPEC_119816,Nallur,11.261284,77.957012,Community Health Center,2,Tamil Nadu,Namakkal,0
SPEC_119817,SDH Niphad,20.0786,74.108244,Sub-District Hospital,3,Maharashtra,Nashik,0
SPEC_119862,Para BPHC,23.51225,86.515283,Community Health Center,2,West Bengal,Purulia,0
SPEC_119873,SDH Danapur,25.6368,85.0459,Sub-District Hospital,3,Bihar,Patna,0
SPEC_119890,CHC BHANDRA,23.362434,84.777247,Community Health Center,2,Jharkhand,LOHARDAGA,0
SPEC_119895,Chinadarapuram,10.8595,77.8484,Community Health Center,2,Tamil Nadu,Karur,0
SPEC_119902,KHAJURIPADA,20.43702,84.40933,Community Health Center,2,Odisha,Kandhamal,0
SPEC_119938,Dholaka,22.742843,72.443567,Community Health Center,2,Gujarat,AHMEDABAD,0
SPEC_119958,Civil H. Gandhinagar,23.2184,72.6397,District Hospital,8,Gujarat,GANDHINAGAR,0
SPEC_119972,CHC / AREA HOSPITAL Peddapuram,17.081816,82.12611,Community Health Center,2,Andhra Pradesh,East Godavari District,0
SPEC_120055,Gangapur,25.218179,74.260482,Community Health Center,2,Rajasthan,Bhilwara,0
SPEC_120082,DH Chhindwara,22.057163,78.938202,District Hospital,8,Madhya Pradesh,Chhindwara,0
SPEC_120099,Nandasan,23.380406,72.40771,Community Health Center,2,Gujarat,MAHESANA,0
SPEC_120118,PARADIP,20.26743,86.65297,Community Health Center,2,Odisha,Jagatsinghapur,0
SPEC_120138,RH Bhiwapur,20.763819,79.51767,Community Health Center,2,Maharashtra,Nagpur,0
SPEC_120145,MANGALDAI CIVIL HOSPITAL,26.4463,92.0322,District Hospital,8,Assam,Darrang,0
SPEC_120162,Thol,23.132623,72.376126,Community Health Center,2,Gujarat,MAHESANA,0
SPEC_120170,(FRU) TIPTUR TALUK HOSPITAL,13.2621,76.4613,Sub-District Hospital,3,Karnataka,Tumkur,0
SPEC_120179,Silampur RH,24.862825,88.015837,Community Health Center,2,West Bengal,Maldah,0
SPEC_120258,Ramgarh Pachwara,26.635734,76.253705,Community Health Center,2,Rajasthan,Dausa,0
SPEC_120286,Junga CH,31.022719,77.187011,Sub-District Hospital,3,Himachal Pradesh,Shimla,0
SPEC_120312,"Community Health Centre, Asifabad",19.360196,79.292151,Community Health Center,2,Telangana,Adilabad District,0
SPEC_120407,Udaypur CHC,21.70041,85.85273,Community Health Center,2,Odisha,Kendujhar,0
SPEC_120419,Nidagundi,16.3621,75.9326,Community Health Center,2,Karnataka,Bijapur,0
SPEC_120430,RAIRAKHOL SDH,21.06932,84.34475,Sub-District Hospital,3,Odisha,Sambalpur,0
SPEC_120454,CHC Bhaiyathan,23.3906,82.8519,Community Health Center,2,Chhattisgarh,SURAJPUR,0
SPEC_120498,MMC N N Wadia Hospital,20.5463,74.5314,Community Health Center,2,Maharashtra,Nashik,0
SPEC_120541,Rudrapur,26.440872,83.608232,Community Health Center,2,Uttar Pradesh,Deoria,0
SPEC_120551,RH Vengurla,15.860692,73.629763,Community Health Center,2,Maharashtra,Sindhudurg,0
SPEC_120561,Kalag CHC,26.371317,91.47745,Community Health Center,2,Assam,Nalbari,0
SPEC_120584,CHC Kauhrian,29.993742,75.913991,Community Health Center,2,Punjab,Sangrur,0
SPEC_120670,Raniwada,24.750997,72.205287,Community Health Center,2,Rajasthan,Jalor,0
SPEC_120694,Majna BPHC,21.764861,87.679108,Community Health Center,2,West Bengal,Purba Medinipur,0
SPEC_120709,Anaicut,12.877885,78.990505,Sub-District Hospital,3,Tamil Nadu,Vellore,0
SPEC_120784,Bhupatinagar Mugberia  BPHC,22.000833,87.727817,Community Health Center,2,West Bengal,Purba Medinipur,0
SPEC_120820,SADAR HOSPITAL LOHARDAGA,23.439076,84.685667,District Hospital,8,Jharkhand,LOHARDAGA,0
SPEC_120824,DANAGADI,20.96537,86.07986,Community Health Center,2,Odisha,Jajapur,0
SPEC_120829,RH PARGAON,16.860942,74.232841,Community Health Center,2,Maharashtra,Kolhapur,0
SPEC_120834,Kapkot CHC,29.94639,79.902996,Community Health Center,2,Uttarakhand,Bageshwar,0
SPEC_120846,KHOLAN,20.22982,83.08546,Community Health Center,2,Odisha,Balangir,0
SPEC_120896,Civil Hospital Moga,30.81155,75.168767,District Hospital,8,Punjab,Moga,0
SPEC_120955,SIRAGPPA TH,15.6367,76.8949,Sub-District Hospital,3,Karnataka,Bellary,0
SPEC_120963,NOTIONAL Mandphiya,24.672321,74.395027,Community Health Center,2,Rajasthan,Chittaurgarh,0
SPEC_121019,District Hospital Pratapgarh,24.031651,74.778739,District Hospital,8,Rajasthan,Pratapgarh,0
SPEC_121023,Gahankar,27.493877,76.921091,Community Health Center,2,Rajasthan,Alwar,0
SPEC_121024,Babai,27.88731,75.76622,Community Health Center,2,Rajasthan,Jhunjhunun,0
SPEC_121031,CHC Guruharsahai,30.714165,74.401785,Community Health Center,2,Punjab,Firozpur,0
SPEC_121040,Kalavad,22.206283,70.382525,Community Health Center,2,Gujarat,JAMNAGAR,0
SPEC_121078,Sarmathura,26.511728,77.369767,Community Health Center,2,Rajasthan,Dhaulpur,0
SPEC_121102,PUDUR UTHAMANUR - CHC Gr.I,10.9245,78.8028,Community Health Center,2,Tamil Nadu,Tiruchirappalli,0
SPEC_121124,CHC Jhirnya,21.661467,75.995913,Community Health Center,2,Madhya Pradesh,West Nimar (Khargone),0
SPEC_121141,RANIBENNUR TH,14.6122,75.6259,Sub-District Hospital,3,Karnataka,Haveri,0
SPEC_121158,Nawan City,27.029212,75.0,Community Health Center,2,Rajasthan,Nagaur,0
SPEC_121159,Government Hospital Rajula,21.035928,71.443259,Sub-District Hospital,3,Gujarat,AMRELI,0
SPEC_121180,(FRU) KOPPA TALUKA HOSPITAL,13.5329,75.3677,Sub-District Hospital,3,Karnataka,Chikmagalur,0
SPEC_121184,MAHILA HOSPITAL (Jarwal Kasba),27.166815,81.540753,Women Hospital,3,Uttar Pradesh,Bahraich,0
SPEC_121223,UCHIPULI,9.312909,79.013081,Community Health Center,2,Tamil Nadu,Ramanathapuram,0
SPEC_121261,SDH Murtizapur,20.735405,77.360916,Sub-District Hospital,3,Maharashtra,Akola,0
SPEC_121306,CHC Patran,29.940981,76.052873,Community Health Center,2,Punjab,Patiala,0
SPEC_121390,CH Khurai,24.043468,78.330354,Sub-District Hospital,3,Madhya Pradesh,Sagar,0
SPEC_121400,Harichandanpur CHC,21.34315,85.78982,Community Health Center,2,Odisha,Kendujhar,0
SPEC_121434,CHC SARAIKELA,22.7,85.92,Community Health Center,2,Jharkhand,SARIKELA-KHARSWANA,0
SPEC_121550,CHC Akrabad,27.80344,78.277663,Community Health Center,2,Uttar Pradesh,Aligarh,0
SPEC_121553,CHC Simga,21.6303,81.7147,Community Health Center,2,Chhattisgarh,BALODA BAJAR,0
SPEC_121562,SDH Raikot,30.643739,75.58089,Sub-District Hospital,3,Punjab,Ludhiana,0
SPEC_121583,CH Khachrod,23.416393,75.28838,Sub-District Hospital,3,Madhya Pradesh,Ujjain,0
SPEC_121584,District Women Hospital Etah,27.556086,78.659057,District Hospital,8,Uttar Pradesh,Etah,0
SPEC_121603,Kathlal,22.899008,72.991683,Community Health Center,2,Gujarat,KHEDA,0
SPEC_121608,DH Pathankot,32.282172,75.653339,District Hospital,8,Punjab,Pathankot,0
SPEC_121636,MNJ Institute of Oncology and Regional Cancer Center,17.392243,78.460199,Medical Colleges Hospital,20,Telangana,Hyderabad District,0
SPEC_121838,Melur,11.654359,78.938195,Community Health Center,2,Tamil Nadu,Viluppuram,0
SPEC_121849,CHC BAINDOOR,13.8713,74.6265,Community Health Center,2,Karnataka,Udupi,0
SPEC_121852,Banda BPHC,23.607233,86.552783,Community Health Center,2,West Bengal,Purulia,0
SPEC_121879,Chhotojagulia BPHC,22.731383,88.5317,Community Health Center,2,West Bengal,North 24 Parganas,0
SPEC_121963,Byanjanheria Charial Rural Hospital,22.463233,88.184333,Community Health Center,2,West Bengal,South 24 Parganas,0
SPEC_121964,CHC KATHIKUND,24.35,87.42,Community Health Center,2,Jharkhand,DUMKA,0
SPEC_121990,Jaynagar Rural Hospital,22.103617,88.571367,Community Health Center,2,West Bengal,South 24 Parganas,0
SPEC_122021,CH Kurud,20.831152,81.717118,Civil Hospital/General Hospital,5,Chhattisgarh,Dhamtari,0
SPEC_122038,RH Bhoom,18.46,75.65,Community Health Center,2,Maharashtra,Osmanabad,0
SPEC_122042,Hosakoti CHC,16.1641,75.2667,Community Health Center,2,Karnataka,Belgaum,0
SPEC_122075,YELLAPURA TH,14.9703,74.7162,Sub-District Hospital,3,Karnataka,Uttara Kannada,0
SPEC_122084,Kosavapatti,10.2892,78.054,Community Health Center,2,Tamil Nadu,Dindigul,0
SPEC_122091,RH MALKAPUR,16.92,73.93,Community Health Center,2,Maharashtra,Kolhapur,0
SPEC_122109,Kalandari,24.9192,72.6866,Community Health Center,2,Rajasthan,Sirohi,0
SPEC_122117,CHC Bishrampur,23.22001,82.84999,Community Health Center,2,Chhattisgarh,SURAJPUR,0
SPEC_122119,CHC Nihal Singh Wala,30.592961,75.279299,Community Health Center,2,Punjab,Moga,0
SPEC_122165,CHC CURCHOREM,15.25,74.1,Community Health Center,2,Goa,SOUTH GOA,0
SPEC_122198,RH Wadner,20.443099,78.745193,Community Health Center,2,Maharashtra,Wardha,0
SPEC_122213,CHC TAKHATPUR,22.138262,81.866608,Community Health Center,2,Chhattisgarh,Bilaspur,0
SPEC_122245,CHC MAHORE,33.309781,74.859038,Community Health Center,2,Jammu & Kashmir,REASI,0
SPEC_122294,GIRISOLA,19.16121,84.71587,Community Health Center,2,Odisha,Ganjam,0
SPEC_122296,J.Z.M.N. Hospital Nadiad,22.680074,72.873023,District Hospital,8,Gujarat,KHEDA,0
SPEC_122308,Goveli,19.265893,73.237345,Community Health Center,2,Maharashtra,Thane,0
SPEC_122355,YADGIR DH,16.760196,77.142764,District Hospital,8,Karnataka,Yadgir,0
SPEC_122418,Poovanthi,9.856167,78.278225,Community Health Center,2,Tamil Nadu,Sivaganga,0
SPEC_122426,CHC PIRTAND,24.04,86.16,Community Health Center,2,Jharkhand,GIRIDIH,0
SPEC_122547,BARACHANA,20.669,86.12765,Community Health Center,2,Odisha,Jajapur,0
SPEC_122552,SUB-District Hospital Parali,18.845317,76.519846,Sub-District Hospital,3,Maharashtra,Beed,0
SPEC_122588,DH District Hospital Katni,23.832888,80.389961,District Hospital,8,Madhya Pradesh,Katni,0
SPEC_122627,Sanderao,25.30436,73.173313,Community Health Center,2,Rajasthan,Pali,0
SPEC_122641,Anandapur SDH,21.19577,86.16013,Sub-District Hospital,3,Odisha,Kendujhar,0
SPEC_122696,NAVALGUND TH,15.5561,75.3578,Sub-District Hospital,3,Karnataka,Dharwad,0
SPEC_122698,Mohanpur (Jhargram) RH,21.838531,87.431455,Community Health Center,2,West Bengal,Paschim Medinipur,0
SPEC_122700,PARTHIPANOOR,9.580408,78.453993,Community Health Center,2,Tamil Nadu,Ramanathapuram,0
SPEC_122735,R H Jalgaon Ja,21.04703,76.5288,Community Health Center,2,Maharashtra,Buldana,0
SPEC_122754,Dhamnagar CHC,20.90808,86.4531,Community Health Center,2,Odisha,Bhadrak,0
SPEC_122804,Thiruvegampet,9.830026,78.785783,Community Health Center,2,Tamil Nadu,Sivaganga,0
SPEC_122890,CHC Mehdawal,26.938826,83.044327,Community Health Center,2,Uttar Pradesh,Sant Kabir Nagar,0
SPEC_122992,Garhbeta RH,22.854222,87.356213,Community Health Center,2,West Bengal,Paschim Medinipur,0
SPEC_122994,Kolarpatti,10.626884,77.111487,Sub-District Hospital,3,Tamil Nadu,Coimbatore,0
SPEC_123011,Bigod,25.260542,75.010711,Community Health Center,2,Rajasthan,Bhilwara,0
SPEC_123047,RH Wadala,17.8739,75.8352,Community Health Center,2,Maharashtra,Solapur,0
SPEC_123080,CHC  SINDHAULI,27.970626,79.970401,Community Health Center,2,Uttar Pradesh,Shahjahanpur,0
SPEC_123101,SSMJ KHURJA HOSPITAL,28.247783,77.85782,Sub-District Hospital,3,Uttar Pradesh,Bulandshahar,0
SPEC_123158,Konerirajapuram,10.974487,79.538446,Community Health Center,2,Tamil Nadu,Nagapattinam,0
SPEC_123195,SDH Degloor,18.545763,77.581917,Sub-District Hospital,3,Maharashtra,Nanded,0
SPEC_123269,VMJ Female Hospital,29.358683,79.26327,District Hospital,8,Uttarakhand,Almora\,0
SPEC_123299,Anoopshahr,28.30959,78.244891,Community Health Center,2,Uttar Pradesh,Bulandshahar,0
SPEC_123434,CH Biaora,23.918565,76.911322,Sub-District Hospital,3,Madhya Pradesh,Rajgarh,0
SPEC_123443,Anupnagar BPHC,24.67744,87.94972,Community Health Center,2,West Bengal,Murshidabad,0
SPEC_123477,RAYAGADA,18.97188,84.15264,Community Health Center,2,Odisha,Gajapati,0
SPEC_123501,Shanthigrama CHC,12.9833,76.2163,Community Health Center,2,Karnataka,Hassan,0
SPEC_123527,Punnai,12.982918,79.604586,Community Health Center,2,Tamil Nadu,Vellore,0
SPEC_123535,Rampur Maniharan,29.80369,77.4568,Community Health Center,2,Uttar Pradesh,Saharanpur,0
SPEC_123549,Gar-Moyna BPHC,22.248733,87.78245,Community Health Center,2,West Bengal,Purba Medinipur,0
SPEC_123550,CHC Kahnuwan,31.90663,75.445988,Community Health Center,2,Punjab,Gurdaspur,0
SPEC_123554,T.ORANALLY,11.3174,76.6654,Community Health Center,2,Tamil Nadu,The Nilgiris,0
SPEC_123742,Ketugram BPHC,23.699733,88.047083,Community Health Center,2,West Bengal,Bardhaman,0
SPEC_123746,Periyapalayam,13.311744,80.043182,Community Health Center,2,Tamil Nadu,Thiruvallur,0
SPEC_123806,Todabhim,27.50712,77.181192,Community Health Center,2,Rajasthan,Karauli,0
SPEC_123812,R H Kotul,19.436838,73.968337,Community Health Center,2,Maharashtra,Ahmadnagar,0
SPEC_123839,Manoharthana,24.237539,76.801918,Community Health Center,2,Rajasthan,Jhalawar,0
SPEC_123898,Kushalgarh,23.197988,74.449756,Community Health Center,2,Rajasthan,Banswara,0
SPEC_123918,SDH BHANGANAGAR,19.93109,84.58316,Sub-District Hospital,3,Odisha,Ganjam,0
SPEC_123930,Bhiti,26.464713,82.305825,Community Health Center,2,Uttar Pradesh,Ambedkar Nagar,0
SPEC_124004,BOTALAMA,20.088162,85.429213,Community Health Center,2,Odisha,Khordha,0
SPEC_124035,CHC Koilibeda,19.962017,80.981386,Community Health Center,2,Chhattisgarh,Kanker,0
SPEC_124066,CHC Patan,23.284446,79.690902,Community Health Center,2,Madhya Pradesh,Jabalpur,0
SPEC_124104,ZAMIN KOLANGONDAN,9.397618,77.523156,Community Health Center,2,Tamil Nadu,Virudhunagar,0
SPEC_124172,ARAKERA,16.277,76.9509,Community Health Center,2,Karnataka,Raichur,0
SPEC_124175,CHC Issagarh,24.841894,77.879698,Community Health Center,2,Madhya Pradesh,Ashoknagar,0
SPEC_124183,Sidhuwa,26.540632,83.782625,Community Health Center,2,Uttar Pradesh,Deoria,0
SPEC_124268,Bansgaon,26.558946,83.346535,Community Health Center,2,Uttar Pradesh,Gorakhpur,0
SPEC_124347,Kothapeta,16.71867,81.89429,Sub-District Hospital,3,Andhra Pradesh,East Godavari District,0
SPEC_124397,DH Gonda,27.0374,81.9535,District Hospital,8,Uttar Pradesh,Gonda,0
SPEC_124414,Jesar,21.369735,71.671237,Community Health Center,2,Gujarat,BHAVNAGAR,0
SPEC_124416,RAMANAGARA DH,12.722668,77.283891,District Hospital,8,Karnataka,Ramanagara,0
SPEC_124428,SALIPUR,20.4773,86.09957,Community Health Center,2,Odisha,Cuttack,0
SPEC_124497,Panchu,27.50376,73.2059,Community Health Center,2,Rajasthan,Bikaner,0
SPEC_124588,Jasol,25.817294,72.218083,Community Health Center,2,Rajasthan,Barmer,0
SPEC_124609,SDH Rosera,25.756786,86.027462,Sub-District Hospital,3,Bihar,Samastipur,0
SPEC_124619,Weir,27.02264,77.17532,Community Health Center,2,Rajasthan,Bharatpur,0
SPEC_124626,Fatepura - T,22.892942,74.027269,Community Health Center,2,Gujarat,DAHOD,0
SPEC_124653,Gajendraghad CHC,15.7343,75.963,Community Health Center,2,Karnataka,Gadag,0
SPEC_124656,R H Biloli,18.776062,77.723015,Community Health Center,2,Maharashtra,Nanded,0
SPEC_124687,JHARIGAM,19.7128,82.37128,Community Health Center,2,Odisha,Nabarangapur,0
SPEC_124702,PAPADAHANDI,19.33977,82.51786,Community Health Center,2,Odisha,Nabarangapur,0
SPEC_124706,MUNAINJIPATTI,8.520214,77.797857,Community Health Center,2,Tamil Nadu,Tirunelveli,0
SPEC_124792,CHC KASMAR,23.600286,85.93812,Community Health Center,2,Jharkhand,BOKARO,0
SPEC_124888,Dabla Kheenchi,24.287003,75.95213,Community Health Center,2,Rajasthan,Jhalawar,0
SPEC_124901,Bhinay,26.051901,74.77028,Community Health Center,2,Rajasthan,Ajmer,0
SPEC_124904,Nallur,11.350271,79.68592,Community Health Center,2,Tamil Nadu,Nagapattinam,0
SPEC_124929,Shahbad,25.24221,77.15733,Community Health Center,2,Rajasthan,Baran,0
SPEC_124931,NAGAMANGALA TH,12.8194,76.7605,Sub-District Hospital,3,Karnataka,Mandya,0
SPEC_124974,TIRUMANUR,10.9376,79.0997,Community Health Center,2,Tamil Nadu,Ariyalur,0
SPEC_124977,BIRUR FRU,13.5984,75.9726,Community Health Center,2,Karnataka,Chikmagalur,0
SPEC_125002,Kuruvikulam,9.176309,77.66946,Community Health Center,2,Tamil Nadu,Tirunelveli,0
SPEC_125058,Ghoghamba - T,22.565528,73.60215,Community Health Center,2,Gujarat,PANCHMAHALS,0
SPEC_125076,SDH Anandpur Sahib,31.239111,76.494707,Sub-District Hospital,3,Punjab,Rupnagar,0
SPEC_125137,CHC Baja Khana,30.457753,74.983128,Community Health Center,2,Punjab,Faridkot,0
SPEC_125247,Khushalanagar CHC,12.457,75.9596,Community Health Center,2,Karnataka,Kodagu,0
SPEC_125358,CHC HUNTERGUNG,24.434143,84.813774,Community Health Center,2,Jharkhand,CHATRA,0
SPEC_125368,SADAR HOSPITAL,23.74,84.5,District Hospital,8,Jharkhand,LATEHAR,0
SPEC_125388,CHC Pasgawan,27.818205,80.171172,Community Health Center,2,Uttar Pradesh,Kheri,0
SPEC_125397,BHUKTA,21.58454,83.42407,Community Health Center,2,Odisha,Bargarh,0
SPEC_125432,RH Varangaon,21.011561,75.900421,Community Health Center,2,Maharashtra,Jalgaon,0
SPEC_125509,RH Washi,18.53,75.77,Community Health Center,2,Maharashtra,Osmanabad,0
SPEC_125548,RH Dhanora,21.43954,74.078477,Community Health Center,2,Maharashtra,Nandurbar,0
SPEC_125555,(FRU) DEVADURGA TALUKA HOSPITAL,16.4142,76.9307,Sub-District Hospital,3,Karnataka,Raichur,0
SPEC_125572,R H Chandur Railway,20.8142,77.9767,Community Health Center,2,Maharashtra,Amravati,0
SPEC_125626,CHC Devrajnagar,24.148477,81.205,Community Health Center,2,Madhya Pradesh,Satna,0
SPEC_125632,Kachua Model Hospital,26.08755,92.6557,Community Health Center,2,Assam,Nagaon,0
SPEC_125656,NILGIRI,21.46319,86.77517,Sub-District Hospital,3,Odisha,Baleshwar,0
SPEC_125677,CHC Basai,25.074545,77.427166,Community Health Center,2,Madhya Pradesh,Datia,0
SPEC_125723,Detani,25.816668,70.767397,Community Health Center,2,Rajasthan,Barmer,0
SPEC_125763,HINJILICUT,19.48364,84.7394,Community Health Center,2,Odisha,Ganjam,0
SPEC_125779,Senganthiedaiyur,10.472111,79.584224,Community Health Center,2,Tamil Nadu,Thiruvarur,0
SPEC_125848,CHC Kolaras,25.221605,77.602567,Community Health Center,2,Madhya Pradesh,Shivpuri,0
SPEC_125872,Jhinjhak,26.555612,79.722425,Community Health Center,2,Uttar Pradesh,Kanpur Dehat,0
SPEC_125889,Jasodanga RH,26.5121,89.62962,Community Health Center,2,West Bengal,Alipurduar*,0
SPEC_125905,Kulikawn Hospital,23.708529,92.715497,Sub-District Hospital,3,Mizoram,AIZAWL,0
SPEC_125973,Khetri,28.001238,75.786565,Community Health Center,2,Rajasthan,Jhunjhunun,0
SPEC_126066,PARLA,19.80566,82.70417,Community Health Center,2,Odisha,Kalahandi,0
SPEC_126086,Phulbari CHC,25.888307,90.036863,Community Health Center,2,Meghalaya,West Garo Hills,0
SPEC_126134,District Combined Hospital Kushinagar,26.863353,83.95575,District Hospital,8,Uttar Pradesh,Kushinagar,0
SPEC_126164,BANKAPURA,14.923,75.2584,Community Health Center,2,Karnataka,Haveri,0
SPEC_126204,Matheran MCL,18.982536,73.267568,Community Health Center,2,Maharashtra,Raigarh,0
SPEC_126228,Parsoli,25.112087,74.874219,Community Health Center,2,Rajasthan,Chittaurgarh,0
SPEC_126229,Kewakole RH,22.702968,87.177233,Community Health Center,2,West Bengal,Paschim Medinipur,0
SPEC_126232,Nikumbh,24.564404,74.491621,Community Health Center,2,Rajasthan,Chittaurgarh,0
SPEC_126288,Mundawar,27.864535,76.552015,Community Health Center,2,Rajasthan,Alwar,0
SPEC_126291,CHC Sangat,30.084896,74.843282,Community Health Center,2,Punjab,Bathinda,0
SPEC_126306,Pushkar,26.489749,74.551086,Community Health Center,2,Rajasthan,Ajmer,0
SPEC_126372,NOTIONAL Khinwsar,26.9297,73.76635,Community Health Center,2,Rajasthan,Nagaur,0
SPEC_126407,Devadurga GH,16.4142,76.9307,Sub-District Hospital,3,Karnataka,Raichur,0
SPEC_126425,Tseminyu CHC,25.993889,94.248611,Community Health Center,2,Nagaland,Kohima,0
SPEC_126479,RANGAMATIA,21.93155,86.64963,Community Health Center,2,Odisha,Mayurbhanj,0
SPEC_126509,CHC Dharsiwa,21.406137,81.671488,Community Health Center,2,Chhattisgarh,Raipur,0
SPEC_126510,"Government Maternity Hospital,Hanmakonda",18.005623,79.557246,Women Hospital,3,Telangana,Warangal District,0
SPEC_126511,Guru Govind Singh Govt Hospital,28.659346,77.112241,District Hospital,8,Delhi,West,0
SPEC_126528,Lawngtlai District Hospital,22.536684,92.888181,District Hospital,8,Mizoram,LAWNGTLAI,0
SPEC_126530,UFWC Mangalagiri,16.43382,80.57117,Community Health Center,2,Andhra Pradesh,Guntur District,0
SPEC_126644,CH Sarangpur,23.56645,76.472256,Sub-District Hospital,3,Madhya Pradesh,Rajgarh,0
SPEC_126675,CHC TALJHARI,25.1,87.73,Community Health Center,2,Jharkhand,SAHIBGANJ,0
SPEC_126693,Jirongacha Rural Hospital,22.5416,88.53335,Community Health Center,2,West Bengal,South 24 Parganas,0
SPEC_126697,Jalukie CHC,25.671667,93.758333,Community Health Center,2,Nagaland,Peren,0
SPEC_126724,CHC Gangolihat,29.657897,80.027204,Community Health Center,2,Uttarakhand,Pithoragarh,0
SPEC_126837,RH Nhavara,18.66191,74.371849,Community Health Center,2,Maharashtra,Pune,0
SPEC_126878,SOHELA,21.29893,83.40501,Community Health Center,2,Odisha,Bargarh,0
SPEC_126882,CHC Ichhawar,23.02733,77.018303,Community Health Center,2,Madhya Pradesh,Sehore,0
SPEC_126909,Uluwani CHC,26.52345,92.9158,Community Health Center,2,Assam,Nagaon,0
SPEC_127063,AREKERA CHC,16.8475,77.0158,Community Health Center,2,Karnataka,Yadgir,0
SPEC_127069,HIREKERUR TH,14.4562,75.3951,Sub-District Hospital,3,Karnataka,Haveri,0
SPEC_127099,Dhundhuad,25.889587,72.788151,Community Health Center,2,Rajasthan,Jodhpur,0
SPEC_127152,Dr Baba Saheb Ambedkar Hospital Rohini,28.714607,77.113459,District Hospital,8,Delhi,North West,0
SPEC_127258,CHENGALPATTU MEDL COLL HOSP,12.669947,79.977658,Medical Colleges Hospital,20,Tamil Nadu,Kancheepuram,0
SPEC_127293,Champua SDH,22.06644,85.66402,Sub-District Hospital,3,Odisha,Kendujhar,0
SPEC_127325,Kurugodu CHC,15.3449,76.8333,Community Health Center,2,Karnataka,Bellary,0
SPEC_127361,RH Umarkhed,20.106234,78.835144,Community Health Center,2,Maharashtra,Yavatmal,0
SPEC_127417,Govt. Medical College and Hospital Miraj,16.840072,74.648108,Medical Colleges Hospital,20,Maharashtra,Sangli,0
SPEC_127451,Nambiyur,11.3717,77.324,Community Health Center,2,Tamil Nadu,Erode,0
SPEC_127479,District Women Hospital Lalitpur,24.696872,78.411913,District Hospital,8,Uttar Pradesh,Lalitpur,0
SPEC_127480,Kolayat,27.835695,72.951962,Community Health Center,2,Rajasthan,Bikaner,0
SPEC_127489,CHC Ramanujganj,23.807111,83.69912,Community Health Center,2,Chhattisgarh,BALRAMPUR,0
SPEC_127499,CHC Rajim,20.969317,81.878742,Community Health Center,2,Chhattisgarh,GARIYABANDH,0
SPEC_127508,Naugaon,30.47638,78.088176,Community Health Center,2,Uttarakhand,Uttarkashi,0
SPEC_127521,CHC Rayadurg,14.696869,76.85465,Community Health Center,2,Andhra Pradesh,Anantapur District,0
SPEC_127619,DH Panna,24.71185,80.17497,District Hospital,8,Madhya Pradesh,Panna,0
SPEC_127662,Peeplu,26.299307,75.713482,Community Health Center,2,Rajasthan,Tonk,0
SPEC_127777,NOTIONAL Chhoti Khatu,27.16629,74.348763,Community Health Center,2,Rajasthan,Nagaur,0
SPEC_127892,NOTIONAL Udaipurwati,27.730372,75.475254,Community Health Center,2,Rajasthan,Jhunjhunun,0
SPEC_127921,New PHC Magrayar,26.379504,80.698184,Community Health Center,2,Uttar Pradesh,Unnao,0
SPEC_127997,Patdi,23.190082,71.791827,Community Health Center,2,Gujarat,SURENDRANAGAR,0
SPEC_128015,Kanwat,27.588619,75.694986,Community Health Center,2,Rajasthan,Sikar,0
SPEC_128089,Domkal Sub Divisional Hospital,24.123649,88.543239,Sub-District Hospital,3,West Bengal,Murshidabad,0
SPEC_128178,CHC THAYAMAGONDALU,13.216,77.3011,Community Health Center,2,Karnataka,Bangalore Rural,0
SPEC_128206,Changtongya CHC,26.713889,94.762778,Community Health Center,2,Nagaland,Mokokchung,0
SPEC_128218,KUKUDAKHNDI,19.40039,84.75173,Community Health Center,2,Odisha,Ganjam,0
SPEC_128223,Hadagali CHC,15.0195,75.9335,Community Health Center,2,Karnataka,Bellary,0
SPEC_128288,NOTIONAL Phalodi,27.13333,72.36667,Community Health Center,2,Rajasthan,Jodhpur,0
SPEC_128306,Gadarpur CHC,29.0487,79.239757,Community Health Center,2,Uttarakhand,Udham Singh Nagar,0
SPEC_128355,CHC BAJAG,22.678081,81.356441,Community Health Center,2,Madhya Pradesh,Dindori,0
SPEC_128372,CHC KOTA,22.289726,82.017778,Community Health Center,2,Chhattisgarh,Bilaspur,0
SPEC_128374,Kharipukuria BPHC,21.896667,87.759,Community Health Center,2,West Bengal,Purba Medinipur,0
SPEC_128388,Mugkalyan RH,22.412768,87.977184,Community Health Center,2,West Bengal,Howrah,0
SPEC_128414,Supercare Hospital (Pvt. Hospital),25.567975,91.899409,Civil Hospital/General Hospital,5,Meghalaya,East Khasi Hills,0
SPEC_128453,RAMDURG TH,15.9478,75.2952,Sub-District Hospital,3,Karnataka,Belgaum,0
SPEC_128463,CHC Narharpur,20.450362,81.627868,Community Health Center,2,Chhattisgarh,Kanker,0
SPEC_128474,R.H. Puntamba,19.761653,74.62229,Community Health Center,2,Maharashtra,Ahmadnagar,0
SPEC_128479,Nanna BPHC,22.906783,88.44395,Community Health Center,2,West Bengal,North 24 Parganas,0
SPEC_128484,CHC Badnawar,23.02122,75.23701,Community Health Center,2,Madhya Pradesh,Dhar,0
SPEC_128489,CHC Kasel,31.538771,74.750018,Community Health Center,2,Punjab,Tarn Taran,0
SPEC_128619,Erisinampatti,10.5458,77.1161,Community Health Center,2,Tamil Nadu,Tiruppur,0
SPEC_128630,CHC Bhander,25.739187,78.741953,Community Health Center,2,Madhya Pradesh,Datia,0
SPEC_128643,"Rural Hospital, Soygaon",20.590036,75.615842,Community Health Center,2,Maharashtra,Aurangabad,0
SPEC_128649,BADAMI TH,15.9217,75.6781,Sub-District Hospital,3,Karnataka,Bagalkot,0
SPEC_128666,Mashaldabazar BPHC,25.329817,87.928583,Community Health Center,2,West Bengal,Maldah,0
SPEC_128668,CHC Banur,30.552248,76.722969,Community Health Center,2,Punjab,Sahibzada Ajit Singh Nagar,0
SPEC_128670,TIRWA CHC,26.95723,79.788897,Community Health Center,2,Uttar Pradesh,Kannauj,0
SPEC_128678,CHC Chourai,22.057437,78.938173,Community Health Center,2,Madhya Pradesh,Chhindwara,0
SPEC_128683,Sanivarasanthe CHC,12.7228,75.8957,Community Health Center,2,Karnataka,Kodagu,0
SPEC_128739,RH Thalner,21.260837,74.953431,Community Health Center,2,Maharashtra,Dhule,0
SPEC_128780,JALESAR,27.471456,78.310249,Community Health Center,2,Uttar Pradesh,Etah,0
SPEC_128907,Deikhera,25.518366,76.176252,Community Health Center,2,Rajasthan,Bundi,0
SPEC_128927,SIRAGPPA TH,15.6367,76.8949,Sub-District Hospital,3,Karnataka,Bellary,0
SPEC_128948,Alathambadi,10.601583,79.660736,Community Health Center,2,Tamil Nadu,Thiruvarur,0
SPEC_129001,"RCSM GOVT. MEDICAL COLLEGE,KOP",16.8294,74.6466,Medical Colleges Hospital,20,Maharashtra,Kolhapur,0
SPEC_129012,Rural Hospital Vaduj,17.5938,74.4521,Community Health Center,2,Maharashtra,Satara,0
SPEC_129030,Mitrapura,26.433202,76.195129,Community Health Center,2,Rajasthan,Sawai Madhopur,0
SPEC_129055,PATTAMADAI,8.671672,77.587071,Community Health Center,2,Tamil Nadu,Tirunelveli,0
SPEC_129110,GURANDI,18.81861,84.22362,Community Health Center,2,Odisha,Gajapati,0
SPEC_129121,Dubrajpur RH,23.784167,87.387433,Community Health Center,2,West Bengal,Birbhum,0
SPEC_129142,CHC BARKAGAON,23.854343,85.216601,Community Health Center,2,Jharkhand,HAZARIBAGH,0
SPEC_129150,BELPARA,20.59089,82.96774,Community Health Center,2,Odisha,Balangir,0
SPEC_129154,CHC Nathana,30.315797,75.088733,Community Health Center,2,Punjab,Bathinda,0
SPEC_129181,Pt. Madan Mohan Malviya Hospital,28.5356,77.2135,District Hospital,8,Delhi,South,0
SPEC_129194,Porur,13.037339,80.169822,Community Health Center,2,Tamil Nadu,Thiruvallur,0
SPEC_129216,Bataru,26.02249,71.581297,Community Health Center,2,Rajasthan,Barmer,0
SPEC_129254,SDH Karjat,18.910203,73.323902,Sub-District Hospital,3,Maharashtra,Raigarh,0
SPEC_129312,Talikoti  CHC,16.4757,76.3073,Community Health Center,2,Karnataka,Bijapur,0
SPEC_129349,Thogamalai,10.7271,78.41,Community Health Center,2,Tamil Nadu,Karur,0
SPEC_129512,RH RADHANAGARI,16.4,73.96,Community Health Center,2,Maharashtra,Kolhapur,0
SPEC_129567,District Women Hospital Mainpuri,27.2333,79.0167,District Hospital,8,Uttar Pradesh,Mainpuri,0
SPEC_129571,Kolathur,11.8485,77.7475,Community Health Center,2,Tamil Nadu,Salem,0
SPEC_129600,Phulambri,20.074625,75.381273,Community Health Center,2,Maharashtra,Aurangabad,0
SPEC_129629,Pandua RH,23.074217,88.2811,Community Health Center,2,West Bengal,Hooghly,0
SPEC_129652,CHC Bijawar,24.627342,79.495697,Community Health Center,2,Madhya Pradesh,Chhatarpur,0
SPEC_129682,District Male Hospital Etawah,26.788521,79.006593,District Hospital,8,Uttar Pradesh,Etawah,0
SPEC_129713,Khandra(Ukhra) BPHC,23.651567,87.23135,Community Health Center,2,West Bengal,Bardhaman,0
SPEC_129790,HASERAN,26.918367,79.579082,Community Health Center,2,Uttar Pradesh,Kannauj,0
SPEC_129793,Lunglei District Hospital,22.88333,92.75028,District Hospital,8,Mizoram,LUNGLEI,0
SPEC_129843,Kharupetia PHC/CHC,26.5292,92.148133,Community Health Center,2,Assam,Darrang,0
SPEC_129860,JAMGAON,20.79206,83.58727,Community Health Center,2,Odisha,Balangir,0
SPEC_129930,RH Gondpipari,19.71532,79.68491,Community Health Center,2,Maharashtra,Chandrapur,0
SPEC_130049,CHC Gotegaon,23.039731,79.48445,Community Health Center,2,Madhya Pradesh,Narsinghpur,0
SPEC_130078,CHC Hathur,30.600583,75.429039,Community Health Center,2,Punjab,Ludhiana,0
SPEC_130101,CHC Lodam,22.871014,84.128575,Community Health Center,2,Chhattisgarh,Jashpur,0
SPEC_130147,Rural Hospital Mahabaleshwar,17.9299,73.648,Community Health Center,2,Maharashtra,Satara,0
SPEC_130203,CHC KARON,24.125765,86.745409,Community Health Center,2,Jharkhand,DEOGHAR,0
SPEC_130247,Khajuwala,28.70471,72.59373,Community Health Center,2,Rajasthan,Bikaner,0
SPEC_130328,Vishrampuri,20.077,81.76942,Community Health Center,2,Chhattisgarh,KONDAGAON,0
SPEC_130441,ESI Hospital Okhla,28.514162,77.281368,District Hospital,8,Delhi,South East,0
SPEC_130442,Chapor CHC(FRU),26.2698,90.444383,Community Health Center,2,Assam,Dhubri,0
SPEC_130460,Kadera,25.807414,75.056004,Community Health Center,2,Rajasthan,Ajmer,0
SPEC_130496,CHC Pali,23.366879,81.040223,Community Health Center,2,Madhya Pradesh,Umaria,0
SPEC_130572,PUTTUR TH,12.7603,75.201,Sub-District Hospital,3,Karnataka,Dakshina Kannada,0
SPEC_130673,Akuni Ichapasar RH,22.729667,88.161017,Community Health Center,2,West Bengal,Hooghly,0
SPEC_130674,BARIPADA,21.93041,86.73027,District Hospital,8,Odisha,Mayurbhanj,0
SPEC_130696,District Sahadat Hospital Tonk,26.176598,75.784818,District Hospital,8,Rajasthan,Tonk,0
SPEC_130749,HINDOL,20.60698,85.202265,Sub-District Hospital,3,Odisha,Dhenkanal,0
SPEC_130762,Pogalur,11.257715,77.038273,Community Health Center,2,Tamil Nadu,Coimbatore,0
SPEC_130807,Bebezia CHC,26.312,92.638233,Community Health Center,2,Assam,Nagaon,0
SPEC_130838,CHC Sarila,25.77304,79.675448,Community Health Center,2,Uttar Pradesh,Hamirpur,0
SPEC_130873,CHC Uri,34.082802,74.056399,Community Health Center,2,Jammu & Kashmir,Baramula,0
SPEC_130894,Sanganer,26.812801,75.785126,Community Health Center,2,Rajasthan,Jaipur,0
SPEC_130937,Jangipara RH,22.741803,88.05156,Community Health Center,2,West Bengal,Hooghly,0
SPEC_130944,Bidadi CHC,12.7962,77.3851,Community Health Center,2,Karnataka,Ramanagara,0
SPEC_130964,B. K. PADA,19.05984,84.09475,Community Health Center,2,Odisha,Gajapati,0
SPEC_130981,RH Babhulgaon,20.555652,78.163605,Community Health Center,2,Maharashtra,Yavatmal,0
SPEC_130985,UDALA,21.57598,86.56571,Sub-District Hospital,3,Odisha,Mayurbhanj,0
SPEC_131031,BALAKATI,20.203452,85.868493,Community Health Center,2,Odisha,Khordha,0
SPEC_131037,Community Health Center,27.147822,83.565688,Community Health Center,2,Uttar Pradesh,Mahrajganj,0
SPEC_131087,Govt.hosp. Petlad.,22.488037,72.800867,District Hospital,8,Gujarat,ANAND,0
SPEC_131310,District Women Hospital Rae Bareli,26.222278,81.240048,District Hospital,8,Uttar Pradesh,Rae Bareli,0
SPEC_131324,SDH Phagwara,31.230178,75.762646,Sub-District Hospital,3,Punjab,Kapurthala,0
SPEC_131325,Viruveedu,10.0762,77.7818,Community Health Center,2,Tamil Nadu,Dindigul,0
SPEC_131360,Nizar - T,21.4812,74.210252,Community Health Center,2,Gujarat,TAPI,0
SPEC_131375,CHC Bagha Purana,30.689132,75.085216,Community Health Center,2,Punjab,Moga,0
SPEC_131522,VIRAJPET GH,12.1964,75.8009,Sub-District Hospital,3,Karnataka,Kodagu,0
SPEC_131672,CHC Ghatiya,23.388914,75.864444,Community Health Center,2,Madhya Pradesh,Ujjain,0
SPEC_131693,Lalganj,25.011216,82.363428,Community Health Center,2,Uttar Pradesh,Mirzapur,0
SPEC_131695,H Gordon Robert Hospital (Pvt. Hospital),25.584817,91.875523,Civil Hospital/General Hospital,5,Meghalaya,East Khasi Hills,0
SPEC_131707,PADMAPUR,19.23443,83.82153,Community Health Center,2,Odisha,Rayagada,0
SPEC_131723,CHC KANNANGI,13.7971,75.3698,Community Health Center,2,Karnataka,Shimoga,0
SPEC_131763,KANTAMAL,20.6568,83.73805,Community Health Center,2,Odisha,Baudh,0
SPEC_131777,S.D.H.Pathardi,19.17017,75.174358,Sub-District Hospital,3,Maharashtra,Ahmadnagar,0
SPEC_131847,SDH Samana,30.159467,76.202826,Sub-District Hospital,3,Punjab,Patiala,0
SPEC_131949,CHC Amjhera,22.559793,75.12243,Community Health Center,2,Madhya Pradesh,Dhar,0
SPEC_132126,Arni Wala,30.347322,74.254976,Community Health Center,2,Punjab,Fazilka,0
SPEC_132157,KRISHNARAJPET TH,12.6541,76.4845,Sub-District Hospital,3,Karnataka,Mandya,0
SPEC_132177,Guruvareddyur,11.644991,77.681861,Community Health Center,2,Tamil Nadu,Erode,0
SPEC_132188,Main Centre Gondaur,25.681025,83.904807,Community Health Center,2,Uttar Pradesh,Ghazipur,0
SPEC_132237,CHC Shyampur,23.41482,77.08178,Community Health Center,2,Madhya Pradesh,Sehore,0
SPEC_132342,KAMARDA,21.75772,87.36629,Community Health Center,2,Odisha,Baleshwar,0
SPEC_132483,Mandrayal,26.36686,77.26662,Community Health Center,2,Rajasthan,Karauli,0
SPEC_132541,CHC Kesli,23.422607,78.818443,Community Health Center,2,Madhya Pradesh,Sagar,0
SPEC_132580,Mahendra Mohan Choudhury Hospital,26.18545,91.740933,District Hospital,8,Assam,Kamrup Metropolitan,0
SPEC_132585,Negamum,10.7463,77.10321,Community Health Center,2,Tamil Nadu,Coimbatore,0
SPEC_132605,Ras,26.305,74.193,Community Health Center,2,Rajasthan,Pali,0
SPEC_132638,CHC Ghorawal,24.752643,82.781612,Community Health Center,2,Uttar Pradesh,Sonbhadra,0
SPEC_132650,CHC Tal,23.723816,75.37911,Community Health Center,2,Madhya Pradesh,Ratlam,0
SPEC_132684,UCHC  N K ROAD,26.8503,80.945725,Community Health Center,2,Uttar Pradesh,Lucknow,0
SPEC_132693,CHC Meja,25.141085,82.111092,Community Health Center,2,Uttar Pradesh,Allahabad,0
SPEC_132707,Asind,25.736269,74.331227,Community Health Center,2,Rajasthan,Bhilwara,0
SPEC_132766,CHC MANPUR,23.762605,81.121609,Community Health Center,2,Madhya Pradesh,Umaria,0
SPEC_132831,CHC Doda,30.383265,74.630911,Community Health Center,2,Punjab,Muktsar,0
SPEC_132928,SDH Tirora,21.491408,79.988708,Sub-District Hospital,3,Maharashtra,Gondiya *,0
SPEC_132940,SDH Zira,30.968983,74.991356,Sub-District Hospital,3,Punjab,Firozpur,0
SPEC_132980,Chapakhowa CHC,27.92537,95.76312,Community Health Center,2,Assam,Tinsukia,0
SPEC_133064,Palasara,23.366473,86.889766,Community Health Center,2,Rajasthan,Sikar,0
SPEC_133076,SHEARAGADA,19.51091,84.6068,Community Health Center,2,Odisha,Ganjam,0
SPEC_133098,CHC Chabhal,31.478481,74.788839,Community Health Center,2,Punjab,Tarn Taran,0
SPEC_133110,District Combind Hospital Kanshi Ram Nagar,27.815521,78.648747,District Hospital,8,Uttar Pradesh,Kanshiram Nagar *,0
SPEC_133165,JAMUKESWAR,22.02193,86.07614,Community Health Center,2,Odisha,Mayurbhanj,0
SPEC_133199,CHC Nagod,24.570179,80.57995,Community Health Center,2,Madhya Pradesh,Satna,0
SPEC_133215,Woman Hospital Osmanabad,18.17,76.05,Women Hospital,3,Maharashtra,Osmanabad,0
SPEC_133258,Roha,18.435913,73.11769,Sub-District Hospital,3,Maharashtra,Raigarh,0
SPEC_133259,Shyam shah Medical College REWA,24.537293,81.30418,Medical Colleges Hospital,20,Madhya Pradesh,Rewa,0
SPEC_133271,Dei,25.675961,75.939194,Community Health Center,2,Rajasthan,Bundi,0
SPEC_133293,CHC Kabrai,25.408275,80.002788,Community Health Center,2,Uttar Pradesh,Mahoba,0
SPEC_133333,Nagar,27.424204,77.099613,Community Health Center,2,Rajasthan,Bharatpur,0
SPEC_133361,District Women Hospital Hamirpur,25.957687,80.145407,District Hospital,8,Uttar Pradesh,Hamirpur,0
SPEC_133374,Valavanthi,11.799531,78.251886,Community Health Center,2,Tamil Nadu,Salem,0
SPEC_133410,Ratanpura,25.908651,83.74223,Community Health Center,2,Uttar Pradesh,Mau,0
SPEC_133426,RH Palus,17.097643,74.449632,Community Health Center,2,Maharashtra,Sangli,0
SPEC_133434,District Male Hospital Barabanki,26.926489,81.194516,District Hospital,8,Uttar Pradesh,Barabanki,0
SPEC_133456,Badlapur,19.187954,73.224277,Community Health Center,2,Maharashtra,Thane,0
SPEC_133461,Parambur,10.434397,78.638915,Community Health Center,2,Tamil Nadu,Pudukkottai,0
SPEC_133465,Gonda,27.832812,77.878873,Community Health Center,2,Uttar Pradesh,Aligarh,0
SPEC_133591,RH PALAM,19.010165,76.949754,Community Health Center,2,Maharashtra,Parbhani,0
SPEC_133622,Nirmand CHC,31.423459,77.578109,Community Health Center,2,Himachal Pradesh,Kullu,0
SPEC_133642,Ukhrul District Hospital,25.098197,94.365172,District Hospital,8,Manipur,UKHRUL,0
SPEC_133688,Ganikoppal CHC,12.1849,75.9246,Community Health Center,2,Karnataka,Kodagu,0
SPEC_133716,RH Asti,19.683189,79.803899,Community Health Center,2,Maharashtra,Gadchiroli,0
SPEC_133732,Siyana,25.141368,72.681677,Community Health Center,2,Rajasthan,Jalor,0
SPEC_133757,Bhanupur Klan,27.07735,75.966644,Community Health Center,2,Rajasthan,Jaipur,0
SPEC_133990,Sadras,12.5257,80.1624,Community Health Center,2,Tamil Nadu,Kancheepuram,0
SPEC_134018,RH Deola,20.42998,74.20398,Community Health Center,2,Maharashtra,Nashik,0
SPEC_134034,CHC Lahar,26.372306,78.792599,Sub-District Hospital,3,Madhya Pradesh,Bhind,0
SPEC_134052,Masur CHC,14.3799,75.4585,Community Health Center,2,Karnataka,Haveri,0
SPEC_134055,Amdanga BPHC,22.810817,88.51105,Community Health Center,2,West Bengal,North 24 Parganas,0
SPEC_134064,Sengaon,19.792681,76.893048,Community Health Center,2,Maharashtra,Hingoli *,0
SPEC_134131,"Community Health Centre,Mudhole",18.976908,77.913889,Community Health Center,2,Telangana,Adilabad District,0
SPEC_134176,SDH Garhshankar,31.213334,76.150226,Sub-District Hospital,3,Punjab,Hoshiarpur,0
SPEC_134191,Khliehriat CHC,25.360076,92.368411,Community Health Center,2,Meghalaya,East Jaintia Hills,0
SPEC_134326,Nohra Dhar CHC,30.811488,77.418302,Community Health Center,2,Himachal Pradesh,Sirmaur,0
SPEC_134343,KUCHINDA SDH,21.74666,84.36168,Sub-District Hospital,3,Odisha,Sambalpur,0
SPEC_134362,Bhusawar,27.03382,77.05053,Community Health Center,2,Rajasthan,Bharatpur,0
SPEC_134402,CHC BARHARWA,24.85,87.77,Community Health Center,2,Jharkhand,SAHIBGANJ,0
SPEC_134425,CHC AMRUTHUR,12.9199,76.9329,Community Health Center,2,Karnataka,Tumkur,0
SPEC_134532,MMC Ali Akbar Hospital,20.5436,74.543,Community Health Center,2,Maharashtra,Nashik,0
SPEC_134544,CHC KHUNTI,23.07,85.28,Community Health Center,2,Jharkhand,KHUNTI,0
SPEC_134558,RH Umred,20.51012,79.195343,Community Health Center,2,Maharashtra,Nagpur,0
SPEC_134582,community Health Center Menar,24.5996,74.1064,Community Health Center,2,Rajasthan,Udaipur,0
SPEC_134607,CHC DEORI,24.51,86.19,Community Health Center,2,Jharkhand,GIRIDIH,0
SPEC_134729,"Community Health Centre,Sirpur T",19.476945,79.571166,Community Health Center,2,Telangana,Adilabad District,0
SPEC_134771,BATLAHALLI,13.5824,78.1355,Community Health Center,2,Karnataka,Chikkaballapura,0
SPEC_134825,Shillyaberia BPHC,21.82555,87.90505,Community Health Center,2,West Bengal,Purba Medinipur,0
SPEC_134896,Sankramak Hospital,26.27,72.99,Medical Colleges Hospital,20,Rajasthan,Jodhpur,0
SPEC_134901,BANTALA,20.74247,85.06562,Community Health Center,2,Odisha,Anugul,0
SPEC_134902,RH Deori,21.006317,80.4082,Community Health Center,2,Maharashtra,Gondiya *,0
SPEC_135025,CHC Amroha,28.54012,78.2816,Community Health Center,2,Uttar Pradesh,Jyotiba Phule Nagar,0
SPEC_135029,CHC Haidergarh,26.78544,81.46431,Community Health Center,2,Uttar Pradesh,Barabanki,0
SPEC_135033,Neem Ka Thana,27.737324,75.786463,Sub-District Hospital,3,Rajasthan,Sikar,0
SPEC_135044,NOTIONAL Sanchor,24.753849,71.77049,Community Health Center,2,Rajasthan,Jalor,0
SPEC_135071,CHC HEBRI,13.4572,74.9916,Community Health Center,2,Karnataka,Udupi,0
SPEC_135101,GARPOSH,22.12411,84.41974,Community Health Center,2,Odisha,Sambalpur,0
SPEC_135123,Barsana II,27.64,77.34,Community Health Center,2,Uttar Pradesh,Mathura,0
SPEC_135194,RAYAGADA,19.16367,83.40643,District Hospital,8,Odisha,Rayagada,0
SPEC_135256,Kangpokpi CHC,25.150483,93.970247,Community Health Center,2,Manipur,SENAPATI,0
SPEC_135306,Railmagra,25.020312,74.113003,Community Health Center,2,Rajasthan,Rajsamand,0
SPEC_135378,Kaggalipura,12.8019,77.5086,Community Health Center,2,Karnataka,Bangalore,0
SPEC_135386,CHC Dongargarh,21.187885,80.755997,Community Health Center,2,Chhattisgarh,Rajnandgaon,0
SPEC_135409,MOHAMDABAD,27.313633,79.432148,Community Health Center,2,Uttar Pradesh,Farrukhabad,0
SPEC_135442,Khandroi RH,21.956433,87.4134,Community Health Center,2,West Bengal,Paschim Medinipur,0
SPEC_135463,IMDH,26.358056,94.594444,District Hospital,8,Nagaland,Mokokchung,0
SPEC_135478,Lodhan Rural Hospital,26.04548,88.06508,Community Health Center,2,West Bengal,Uttar Dinajpur,0
SPEC_135654,District Male Hospital Pratapgarh,25.922018,81.99895,District Hospital,8,Uttar Pradesh,Pratapgarh,0
SPEC_135670,District Women Hospital Basti,26.797709,82.744304,District Hospital,8,Uttar Pradesh,Basti,0
SPEC_135681,Dhubri Civil Hospital,26.0349,89.9651,District Hospital,8,Assam,Dhubri,0
SPEC_135737,Beds 50-Jahangir Hospital,18.529603,73.876015,Sub-District Hospital,3,Maharashtra,Pune,0
SPEC_135778,Saitual,23.689791,92.963229,Community Health Center,2,Mizoram,AIZAWL,0
SPEC_135825,CHAPRAULI,29.202689,77.179261,Community Health Center,2,Uttar Pradesh,Baghpat,0
SPEC_135903,PPC-SCB MCH,20.462521,85.882989,Medical Colleges Hospital,20,Odisha,Cuttack,0
SPEC_135908,Oraiyur,11.8186,79.4996,Community Health Center,2,Tamil Nadu,Cuddalore,0
SPEC_135925,KOMNA,20.500047,82.674062,Community Health Center,2,Odisha,Nuapada,0
SPEC_135957,Sathyamangalam,12.241224,79.308383,Community Health Center,2,Tamil Nadu,Viluppuram,0
SPEC_136025,CHC ORMANJHI,23.48,85.48,Community Health Center,2,Jharkhand,RANCHI,0
SPEC_136026,Doddappanaickanur,9.975596,77.706253,Community Health Center,2,Tamil Nadu,Madurai,0
SPEC_136041,Karanpur,26.26008,76.95566,Community Health Center,2,Rajasthan,Karauli,0
SPEC_136082,Hijli RH,22.306294,87.316677,Community Health Center,2,West Bengal,Paschim Medinipur,0
SPEC_136181,T.PUTHUR - CHC Gr.I,10.9939,78.5301,Community Health Center,2,Tamil Nadu,Tiruchirappalli,0
SPEC_136195,Sutnga CHC,25.373371,92.433205,Community Health Center,2,Meghalaya,East Jaintia Hills,0
SPEC_136210,"District Hospital Paota, Jodhpur",26.238947,72.609203,District Hospital,8,Rajasthan,Jodhpur,0
SPEC_136295,CHC CHANDWA,23.676103,84.740392,Community Health Center,2,Jharkhand,LATEHAR,0
SPEC_136344,SDH Chandvad,20.31987,74.25793,Sub-District Hospital,3,Maharashtra,Nashik,0
SPEC_136362,CHC Khaniyadhana,25.03207,78.12703,Community Health Center,2,Madhya Pradesh,Shivpuri,0
SPEC_136371,Bagri Nagar,25.9,73.7999,Community Health Center,2,Rajasthan,Pali,0
SPEC_136389,Karna Subarna B.P.H.C.,24.027233,88.176083,Community Health Center,2,West Bengal,Murshidabad,0
SPEC_136390,CHC KHUTAR,28.209023,80.2703,Community Health Center,2,Uttar Pradesh,Shahjahanpur,0
SPEC_136404,Bijoli,27.979124,78.399414,Community Health Center,2,Uttar Pradesh,Aligarh,0
SPEC_136434,SOLURU CHC,13.0693,77.2428,Community Health Center,2,Karnataka,Ramanagara,0
SPEC_136506,CHAPURIA,20.09112,82.86715,Community Health Center,2,Odisha,Kalahandi,0
SPEC_136564,RARUAN,21.95813,85.86542,Community Health Center,2,Odisha,Mayurbhanj,0
SPEC_136858,INDUPUR,20.61589,86.40174,Community Health Center,2,Odisha,Kendrapara,0
SPEC_136871,Manali CH,32.239383,77.188058,Civil Hospital/General Hospital,5,Himachal Pradesh,Kullu,0
SPEC_136943,Kutta,11.969739,76.051242,Community Health Center,2,Karnataka,Kodagu,0
SPEC_136969,Saroda,23.764469,74.082884,Community Health Center,2,Rajasthan,Dungarpur,0
SPEC_137005,"Rural Hospital, Phulambri",20.080589,75.414125,Community Health Center,2,Maharashtra,Aurangabad,0
SPEC_137026,Ghdhi Sawairam,27.222887,76.831733,Community Health Center,2,Rajasthan,Alwar,0
SPEC_137087,Melsithamur,12.24928,79.549104,Community Health Center,2,Tamil Nadu,Viluppuram,0
SPEC_137092,DHAULANA,28.633242,77.645184,Community Health Center,2,Uttar Pradesh,Hapur,0
SPEC_137277,CHC Tuting,28.59192,94.53494,Community Health Center,2,Arunachal Pradesh,Upper Siang Dist.,0
SPEC_137302,CHC Diyun,27.17535,96.06775,Community Health Center,2,Arunachal Pradesh,Changlang,0
SPEC_137308,Panchagram Rural Hospital,22.220183,88.23813,Community Health Center,2,West Bengal,South 24 Parganas,0
SPEC_137322,CHC Kamjong,24.858142,94.515653,Community Health Center,2,Manipur,UKHRUL,0
SPEC_137340,SIMULIA,21.15977,86.58114,Community Health Center,2,Odisha,Baleshwar,0
SPEC_137391,CHC Akola,27.68952,77.884176,Community Health Center,2,Uttar Pradesh,Agra,0
SPEC_137396,Thiruppuvanam,9.825964,78.257582,Sub-District Hospital,3,Tamil Nadu,Sivaganga,0
SPEC_137421,Reodar,24.619359,72.529356,Community Health Center,2,Rajasthan,Sirohi,0
SPEC_137440,Dr Ram Manohar Lohiya Female,27.380484,79.602676,District Hospital,8,Uttar Pradesh,Farrukhabad,0
SPEC_137490,S. BOLANGA,21.71246,84.80283,Community Health Center,2,Odisha,Sundargarh,0
SPEC_137548,CHC Duldula,22.711734,84.105309,Community Health Center,2,Chhattisgarh,Jashpur,0
SPEC_137590,Kalyanpura,23.129463,72.192636,Community Health Center,2,Gujarat,MAHESANA,0
SPEC_137596,District Hospital Parbhani,19.271613,76.765554,District Hospital,8,Maharashtra,Parbhani,0
SPEC_137624,Keshpur RH,22.549089,87.45474,Community Health Center,2,West Bengal,Paschim Medinipur,0
SPEC_137672,District Hospital nashik,19.996885,73.778198,District Hospital,8,Maharashtra,Nashik,0
SPEC_137730,Gogunda,24.75,73.52,Community Health Center,2,Rajasthan,Udaipur,0
SPEC_137757,"Community Health Centre, Aswaraopeta",17.242484,81.128851,Community Health Center,2,Telangana,Khammam District,0
SPEC_137773,BADAGADA,19.64569,84.41444,Community Health Center,2,Odisha,Ganjam,0
SPEC_137789,Pandalkudi,9.389327,78.103867,Community Health Center,2,Tamil Nadu,Virudhunagar,0
SPEC_137811,Hnahthial,22.96216,92.926034,Community Health Center,2,Mizoram,LUNGLEI,0
SPEC_137842,Joypur BPHC,23.4177,86.140733,Community Health Center,2,West Bengal,Purulia,0
SPEC_137852,MAHIPUR CHC,20.16401,84.99457,Community Health Center,2,Odisha,Nayagarh,0
SPEC_137882,Chital,21.73803,71.20118,Community Health Center,2,Gujarat,AMRELI,0
SPEC_137901,SIRSI TH,14.6152,74.8302,Sub-District Hospital,3,Karnataka,Uttara Kannada,0
SPEC_137921,Gadra Road,25.742726,70.642499,Community Health Center,2,Rajasthan,Barmer,0
SPEC_137947,Jaipuria Hospital,26.856878,75.801066,District Hospital,8,Rajasthan,Jaipur,0
SPEC_137951,CHC Sarhali,31.278487,74.945008,Community Health Center,2,Punjab,Tarn Taran,0
SPEC_137955,Nawabganj,26.865443,82.134462,Community Health Center,2,Uttar Pradesh,Gonda,0
SPEC_137963,Thayampalayam,10.88,77.4884,Community Health Center,2,Tamil Nadu,Tiruppur,0
SPEC_137971,CHC Sittogunno,30.028572,74.362264,Community Health Center,2,Punjab,Fazilka,0
SPEC_137983,Behror,27.879994,76.279998,Community Health Center,2,Rajasthan,Alwar,0
SPEC_137992,Mundwa,27.043,73.85165,Community Health Center,2,Rajasthan,Nagaur,0
SPEC_138010,CHC Hargaon,27.780901,80.727782,Community Health Center,2,Uttar Pradesh,Sitapur,0
SPEC_138027,Nammiyampattu,12.676213,78.989153,Community Health Center,2,Tamil Nadu,Tiruvannamalai,0
SPEC_138047,(FRU) NARASIMHARAJAPURA TALUKA HOSPITAL,13.6097,75.5103,Sub-District Hospital,3,Karnataka,Chikmagalur,0
SPEC_138092,Chaka,30.262695,78.69518,Women Hospital,3,Uttarakhand,Tehri Garhwal,0
SPEC_138097,CHC Niwali,21.683044,74.922311,Community Health Center,2,Madhya Pradesh,Barwani,0
SPEC_138125,CHC ICHAGARH,23.040475,85.935681,Community Health Center,2,Jharkhand,SARIKELA-KHARSWANA,0
SPEC_138152,Aynur CHC,14.0139,75.4328,Community Health Center,2,Karnataka,Shimoga,0
SPEC_138164,CHC FAZILNAGAR,26.681145,84.046287,Community Health Center,2,Uttar Pradesh,Kushinagar,0
SPEC_138248,Jaitsisar,28.756173,74.451435,Community Health Center,2,Rajasthan,Churu,0
SPEC_138271,Erumaipatti,11.159,78.2952,Community Health Center,2,Tamil Nadu,Namakkal,0
SPEC_138273,KADAMALAIGUNDU,9.8068,77.5047,Community Health Center,2,Tamil Nadu,Theni,0
SPEC_138318,Anni CHC,31.434719,77.417935,Community Health Center,2,Himachal Pradesh,Kullu,0
SPEC_138330,"RNM, District Joint Hospital",27.102722,78.582257,District Hospital,8,Uttar Pradesh,Firozabad,0
SPEC_138334,HANGAL TH,14.7717,75.1257,Sub-District Hospital,3,Karnataka,Haveri,0
SPEC_138362,"GMSH Sector-16 ,Chandigarh",30.7501,76.7802,District Hospital,8,Chandigarh,Chandigarh,0
SPEC_138365,KudachiCHC,16.6219,74.8551,Community Health Center,2,Karnataka,Belgaum,0
SPEC_138416,Shivrajpur,26.685945,80.14122,Community Health Center,2,Uttar Pradesh,Kanpur Nagar,0
SPEC_138456,Kamalpur BPHC/CHC,26.34295,91.67735,Community Health Center,2,Assam,Kamrup,0
SPEC_138507,RH Jafrabad,20.206952,76.003093,Community Health Center,2,Maharashtra,Jalna,0
SPEC_138563,UHM MALE HOSPITAL,26.282383,80.205406,District Hospital,8,Uttar Pradesh,Kanpur Nagar,0
SPEC_138597,Harsor,26.73115,74.46962,Community Health Center,2,Rajasthan,Nagaur,0
SPEC_138617,Surwania,23.439737,74.371943,Community Health Center,2,Rajasthan,Banswara,0
SPEC_138618,Hamirgarh,25.188185,74.626868,Community Health Center,2,Rajasthan,Bhilwara,0
SPEC_138623,Sagbara,21.543709,73.794308,Community Health Center,2,Gujarat,NARMADA,0
SPEC_138681,(FRU) HOLALKERE TALUK HOSPITAL,14.0422,76.1853,Sub-District Hospital,3,Karnataka,Chitradurga,0
SPEC_138698,Barachaturi BPHC,23.963683,87.472333,Community Health Center,2,West Bengal,Birbhum,0
SPEC_138711,Yaragatti CHC,15.9653,75.0236,Community Health Center,2,Karnataka,Belgaum,0
SPEC_138735,RH MANWAT,19.306361,76.496119,Community Health Center,2,Maharashtra,Parbhani,0
SPEC_138854,BIJAPUR DH,16.8285,75.6917,District Hospital,8,Karnataka,Bijapur,0
SPEC_138886,Gadakeshwar CHC,17.3394,77.2773,Community Health Center,2,Karnataka,Gulbarga,0
SPEC_138925,CHC Bhatapara,21.7354,81.9416,Community Health Center,2,Chhattisgarh,BALODA BAJAR,0
SPEC_138937,Kundera,26.112,76.462093,Community Health Center,2,Rajasthan,Sawai Madhopur,0
SPEC_139008,CHC Sarawan Bodla,30.220739,74.402254,Community Health Center,2,Punjab,Muktsar,0
SPEC_139025,SDH Bholath,31.539141,75.507705,Sub-District Hospital,3,Punjab,Kapurthala,0
SPEC_139060,CHC Payal,30.724079,76.061491,Community Health Center,2,Punjab,Ludhiana,0
SPEC_139063,CHC MANNEKHALLI,17.7296,77.3639,Community Health Center,2,Karnataka,Bidar,0
SPEC_139068,General Hospital Didwana,27.40225,74.562842,Sub-District Hospital,3,Rajasthan,Nagaur,0
SPEC_139264,CHC Mannadipet,11.98348,79.62284,Community Health Center,2,Puducherry,Puducherry,0
SPEC_139277,Madhabnagar Rural Hospital,21.789502,88.353984,Community Health Center,2,West Bengal,South 24 Parganas,0
SPEC_139283,SDH Nabha,30.372335,76.145922,Sub-District Hospital,3,Punjab,Patiala,0
SPEC_139316,Karipatti,11.664938,78.283703,Community Health Center,2,Tamil Nadu,Salem,0
SPEC_139330,SDH GADHINGLAJ,16.223251,74.345051,Sub-District Hospital,3,Maharashtra,Kolhapur,0
SPEC_139342,CHC Ramanujnagar,23.1467,82.7188,Community Health Center,2,Chhattisgarh,SURAJPUR,0
SPEC_139347,CHC Devendranagar,24.610403,80.379783,Community Health Center,2,Madhya Pradesh,Panna,0
SPEC_139423,Mahalingapur CHC,16.3763,75.1141,Community Health Center,2,Karnataka,Bagalkot,0
SPEC_139447,CHC Kurai,21.81066,79.506943,Community Health Center,2,Madhya Pradesh,Seoni,0
SPEC_139505,Sub divisional hospital Jhanjharpur,26.2667,86.2832,Sub-District Hospital,3,Bihar,Madhubani,0
SPEC_139539,R.H.Manora,20.216113,77.559076,Community Health Center,2,Maharashtra,Washim *,0
SPEC_139570,CHC MANATU,24.230248,84.405879,Community Health Center,2,Jharkhand,PALAMU,0
SPEC_139576,RH Chimur,20.49504,79.37184,Community Health Center,2,Maharashtra,Chandrapur,0
SPEC_139580,SDH Talwandi Sabo,29.988552,75.083409,Sub-District Hospital,3,Punjab,Bathinda,0
SPEC_139611,CHC Malihabad,26.924298,80.713117,Community Health Center,2,Uttar Pradesh,Lucknow,0
SPEC_139617,Reddiarpatti,8.673797,77.743344,Community Health Center,2,Tamil Nadu,Tirunelveli,0
SPEC_139724,CHC Pokhari,30.20643,79.119101,Community Health Center,2,Uttarakhand,Chamoli,0
SPEC_139745,Gandacherra Sub Divisional Hospital,23.60522,91.81805,Sub-District Hospital,3,Tripura,Dhalai District,0
SPEC_139854,Padrada,24.98,73.53,Community Health Center,2,Rajasthan,Udaipur,0
SPEC_139874,CHC Gairatganj,23.407773,78.221981,Community Health Center,2,Madhya Pradesh,Raisen,0
SPEC_139882,CHC Rithi,23.9,80.133333,Community Health Center,2,Madhya Pradesh,Katni,0
SPEC_139883,CHC Koomkalan,30.914769,76.063077,Community Health Center,2,Punjab,Ludhiana,0
SPEC_140020,Thingalur,11.3234,77.4853,Community Health Center,2,Tamil Nadu,Erode,0
SPEC_140044,DUNGURIPALI,21.0452,83.55021,Community Health Center,2,Odisha,Sonapur,0
SPEC_140102,CHC SONAHATU,23.19,85.7,Community Health Center,2,Jharkhand,RANCHI,0
SPEC_140113,Gharsana,29.021646,73.078896,Community Health Center,2,Rajasthan,Ganganagar,0
SPEC_140177,Navalpakkam,12.615162,79.410016,Community Health Center,2,Tamil Nadu,Tiruvannamalai,0
SPEC_140211,GHASIAN,20.81278,83.17975,Community Health Center,2,Odisha,Balangir,0
SPEC_140215,CH Pipariya,22.762213,78.348678,Sub-District Hospital,3,Madhya Pradesh,Hoshangabad,0
SPEC_140221,CHANDAHANDI,19.84559,82.49473,Community Health Center,2,Odisha,Nabarangapur,0
SPEC_140264,RH Sindewahi,20.28804,79.65757,Community Health Center,2,Maharashtra,Chandrapur,0
SPEC_140293,CHC Isanagar,24.82948,79.508092,Community Health Center,2,Madhya Pradesh,Chhatarpur,0
SPEC_140322,Mandawar,27.15995,76.856056,Community Health Center,2,Rajasthan,Dausa,0
SPEC_140344,Katchur,13.293352,79.879774,Community Health Center,2,Tamil Nadu,Thiruvallur,0
SPEC_140379,District Hospital North Goa,15.596853,73.820497,District Hospital,8,Goa,NORTH GOA,0
SPEC_140390,ASKA,19.60858,84.67028,Community Health Center,2,Odisha,Ganjam,0
SPEC_140415,Merta,26.65984,74.026123,Community Health Center,2,Rajasthan,Nagaur,0
SPEC_140461,District Women Hospital Bareilly,28.36258,79.416262,District Hospital,8,Uttar Pradesh,Bareilly,0
SPEC_140504,District Hospital (Victoria) Jabalpur,23.17153,79.936287,District Hospital,8,Madhya Pradesh,Jabalpur,0
SPEC_140523,Hariharpara B.P.H.C.,24.054172,88.420936,Community Health Center,2,West Bengal,Murshidabad,0
SPEC_140531,CHC Keolari,22.370267,79.905635,Community Health Center,2,Madhya Pradesh,Seoni,0
SPEC_140689,Deoband,29.68335,77.400912,Community Health Center,2,Uttar Pradesh,Saharanpur,0
SPEC_140710,Area Hospital Godavarikhani,18.751127,79.505922,Sub-District Hospital,3,Telangana,Karimnagar District,0
SPEC_140761,Ullikottai,10.592771,79.416245,Community Health Center,2,Tamil Nadu,Thiruvarur,0
SPEC_140795,NSKMC Dr Zakir Hussain Hospitalk,19.59,73.47,Community Health Center,2,Maharashtra,Nashik,0
SPEC_140824,CHC Jawar,23.008134,76.50497,Community Health Center,2,Madhya Pradesh,Sehore,0
SPEC_140831,PILANA,28.95715,77.3357,Community Health Center,2,Uttar Pradesh,Baghpat,0
SPEC_140952,CHC Rama,22.776789,74.724877,Community Health Center,2,Madhya Pradesh,Jhabua,0
SPEC_140975,Vadamadurai,10.4368,78.0879,Community Health Center,2,Tamil Nadu,Dindigul,0
SPEC_141036,CHC Narot Jaimal Singh,32.296888,75.457525,Community Health Center,2,Punjab,Pathankot,0
SPEC_141124,CHC TORPA,22.93,85.09,Community Health Center,2,Jharkhand,KHUNTI,0
SPEC_141148,MAWAI,26.745328,81.585395,Community Health Center,2,Uttar Pradesh,Faizabad,0
SPEC_141163,RH GAGANBAWADA,16.54,73.84,Community Health Center,2,Maharashtra,Kolhapur,0
SPEC_141230,PHC LOING RAIGARH,21.889722,83.417941,Community Health Center,2,Chhattisgarh,Raigarh,0
SPEC_141246,main center,28.018815,78.110213,Community Health Center,2,Uttar Pradesh,Aligarh,0
SPEC_141274,Dhandhuka,22.384499,71.976385,Community Health Center,2,Gujarat,AHMEDABAD,0
SPEC_141369,RH Nandgaon,19.6357,73.57099,Community Health Center,2,Maharashtra,Nashik,0
SPEC_141432,CHC BACHHRAWAN,26.488698,81.113757,Community Health Center,2,Uttar Pradesh,Rae Bareli,0
SPEC_141449,CHC Satanwara,25.747009,77.408515,Community Health Center,2,Madhya Pradesh,Shivpuri,0
SPEC_141527,Nainwa,25.7667,75.85,Community Health Center,2,Rajasthan,Bundi,0
SPEC_141609,Pooh CHC,31.762733,78.597525,Community Health Center,2,Himachal Pradesh,Kinnaur,0
SPEC_141620,J.C Pura CHC,13.4171,76.3508,Community Health Center,2,Karnataka,Hassan,0
SPEC_141654,CHC Tambaur,27.735731,81.157514,Community Health Center,2,Uttar Pradesh,Sitapur,0
SPEC_141659,POLOSARA,19.69736,84.81265,Community Health Center,2,Odisha,Ganjam,0
SPEC_141687,R  H Sihora,21.455375,79.841935,Community Health Center,2,Maharashtra,Bhandara,0
SPEC_141728,District Male Hospital Budaun,28.02483,79.1284,District Hospital,8,Uttar Pradesh,Budaun,0
SPEC_141794,Raghunathpur BPHC,23.5257,86.627617,Community Health Center,2,West Bengal,Purulia,0
SPEC_141926,CHC Sunehti Khadkheri,29.922311,77.687987,Community Health Center,2,Uttar Pradesh,Saharanpur,0
SPEC_141939,CHC GHATSILA,22.587307,86.47438,Community Health Center,2,Jharkhand,PURBI SINGHBHUM,0
SPEC_141944,R H Rajur,19.541423,74.007822,Community Health Center,2,Maharashtra,Ahmadnagar,0
SPEC_141984,SDH Akluj,17.8824,75.0205,Sub-District Hospital,3,Maharashtra,Solapur,0
SPEC_141995,District Male Hospital Mirzapur,25.153782,82.577637,District Hospital,8,Uttar Pradesh,Mirzapur,0
SPEC_142064,Natidanga RH,23.968467,88.542533,Community Health Center,2,West Bengal,Nadia,0
SPEC_142093,MANAMUNDA,20.82196,83.91521,Community Health Center,2,Odisha,Baudh,0
SPEC_142097,DH Shivpuri,25.43,77.65,District Hospital,8,Madhya Pradesh,Shivpuri,0
SPEC_142177,Bichhiya,26.535349,80.633839,Community Health Center,2,Uttar Pradesh,Unnao,0
SPEC_142282,Maslandapur BPHC,22.8359,88.7259,Community Health Center,2,West Bengal,North 24 Parganas,0
SPEC_142323,Amirgadh - T,24.406966,72.640248,Community Health Center,2,Gujarat,BANASKANTHA,0
SPEC_142347,Muttam,11.218089,79.57797,Community Health Center,2,Tamil Nadu,Cuddalore,0
SPEC_142382,CHC KABBURU,16.3517,74.725,Community Health Center,2,Karnataka,Belgaum,0
SPEC_142400,Ponbethi,9.9569,79.0844,Community Health Center,2,Tamil Nadu,Pudukkottai,0
SPEC_142406,Kuchera,26.9926,74.0259,Community Health Center,2,Rajasthan,Nagaur,0
SPEC_142421,Kelwara,25.13037,76.88387,Community Health Center,2,Rajasthan,Baran,0
SPEC_142423,CHC Gurur,20.6835,81.4057,Community Health Center,2,Chhattisgarh,BALOD,0
SPEC_142485,Jambughoda,22.368394,73.730868,Community Health Center,2,Gujarat,PANCHMAHALS,0
SPEC_142535,Indali,28.099507,75.498552,Community Health Center,2,Rajasthan,Jhunjhunun,0
SPEC_142544,Laxmangarh,27.822549,75.028014,Community Health Center,2,Rajasthan,Sikar,0
SPEC_142583,QUEEN MARY HOSPITAL,26.86474,80.91393,District Hospital,8,Uttar Pradesh,Lucknow,0
SPEC_142590,Suratgarh,29.3167,73.9,Community Health Center,2,Rajasthan,Ganganagar,0
SPEC_142609,DH Baloda Bazar,21.657392,82.155743,District Hospital,8,Chhattisgarh,BALODA BAJAR,0
SPEC_142676,RH Bodvad,20.880786,75.992432,Community Health Center,2,Maharashtra,Jalgaon,0
SPEC_142686,SINDGI TH,16.9268,76.2342,Sub-District Hospital,3,Karnataka,Bijapur,0
SPEC_142735,CHC SADAR DUMKA,24.285466,87.24193,Community Health Center,2,Jharkhand,DUMKA,0
SPEC_142742,Oodlabari BPHC,26.86433,88.62596,Community Health Center,2,West Bengal,Jalpaiguri,0
SPEC_142812,BEGURU FRU,11.9363,76.6712,Community Health Center,2,Karnataka,Chamarajanagar,0
SPEC_142874,Combined Hospital Rookee,29.52694,77.527205,Sub-District Hospital,3,Uttarakhand,Haridwar,0
SPEC_142902,CHC Main certre,25.542048,83.228485,Community Health Center,2,Uttar Pradesh,Ghazipur,0
SPEC_142903,Narikudi,9.587473,78.308446,Community Health Center,2,Tamil Nadu,Virudhunagar,0
SPEC_142911,UDALGURI CIVIL HOSPITAL,26.72005,92.077617,District Hospital,8,Assam,Udalguri,0
SPEC_142971,CHC Begowal,31.609939,75.516246,Community Health Center,2,Punjab,Kapurthala,0
SPEC_143061,KUDILGI TH,14.9033,76.3931,Sub-District Hospital,3,Karnataka,Bellary,0
SPEC_143062,SDH Dean Dayal Upadhayay Coronation Hosp.,30.192338,78.034698,Sub-District Hospital,3,Uttarakhand,Dehradun,0
SPEC_143068,Kallupatti,9.720562,77.853378,Community Health Center,2,Tamil Nadu,Madurai,0
SPEC_143086,CHINNALAPATTY,10.2839,77.9214,Community Health Center,2,Tamil Nadu,Dindigul,0
SPEC_143102,CHC Kharaud,21.750772,82.576702,Community Health Center,2,Chhattisgarh,Janjgir - Champa,0
SPEC_143160,D.THURINJIPPATTI,12.1842,78.2583,Community Health Center,2,Tamil Nadu,Dharmapuri,0
SPEC_143193,SADUL SHAHAR,29.909579,74.173906,Community Health Center,2,Rajasthan,Ganganagar,0
SPEC_143220,Amet,25.305599,73.925484,Community Health Center,2,Rajasthan,Rajsamand,0
SPEC_143301,CHC Panagar,23.3,79.98,Community Health Center,2,Madhya Pradesh,Jabalpur,0
SPEC_143493,RH Chalisgaon,20.450681,75.003068,Community Health Center,2,Maharashtra,Jalgaon,0
SPEC_143533,CHC Majhgawan,24.377347,81.099609,Community Health Center,2,Madhya Pradesh,Satna,0
SPEC_143576,THIRUTHANGAL,9.487868,77.814267,Sub-District Hospital,3,Tamil Nadu,Virudhunagar,0
SPEC_143600,CHC Lavan,21.641338,82.332616,Community Health Center,2,Chhattisgarh,BALODA BAJAR,0
SPEC_143632,DEOGAON,20.54496,83.42344,Community Health Center,2,Odisha,Balangir,0
SPEC_143649,Vallabhunagar,24.6722,74.0036,Community Health Center,2,Rajasthan,Udaipur,0
SPEC_143669,Bagidora,23.404327,74.267261,Community Health Center,2,Rajasthan,Banswara,0
SPEC_143709,Gogunda,24.75,73.52,Community Health Center,2,Rajasthan,Udaipur,0
SPEC_143752,Repalle,16.02229,80.836914,Community Health Center,2,Andhra Pradesh,Guntur District,0
SPEC_143761,CHC Devsar,20.785988,72.98444,Community Health Center,2,Madhya Pradesh,Singrauli,0
SPEC_143789,DARINGBADI,19.90701,84.12549,Community Health Center,2,Odisha,Kandhamal,0
SPEC_143800,BHELLA,20.550138,82.648921,Community Health Center,2,Odisha,Nuapada,0
SPEC_143875,CHC IKAUNA,27.527517,81.963452,Community Health Center,2,Uttar Pradesh,Shrawasti,0
SPEC_143880,Gauripur CHC,26.090483,89.959617,Community Health Center,2,Assam,Dhubri,0
SPEC_143881,Govt. General Hospital,16.729403,82.214902,District Hospital,8,Puducherry,Yanam,0
SPEC_143939,CHC Gairsain,30.032216,79.174028,Community Health Center,2,Uttarakhand,Chamoli,0
SPEC_143975,BASAVANABAGEVADI TH,16.5751,75.9689,Sub-District Hospital,3,Karnataka,Bijapur,0
SPEC_144022,NARLA,20.05932,83.38963,Community Health Center,2,Odisha,Kalahandi,0
SPEC_144057,Patashpur BPHC,22.02685,87.5473,Community Health Center,2,West Bengal,Purba Medinipur,0
SPEC_144134,DH JHABUA,22.773066,74.591454,District Hospital,8,Madhya Pradesh,Jhabua,0
SPEC_144154,RH Amalgaon,21.127747,75.115862,Community Health Center,2,Maharashtra,Jalgaon,0
SPEC_144165,Sawa,24.756726,74.578549,Community Health Center,2,Rajasthan,Chittaurgarh,0
SPEC_144173,Thanagazi,27.399839,76.315063,Community Health Center,2,Rajasthan,Alwar,0
SPEC_144174,DHH BALANGIR,20.69949,83.48933,District Hospital,8,Odisha,Balangir,0
SPEC_144191,AHMC Late Balasaheb Deshpande Hospital & Maternity Home,19.092459,74.737022,Sub-District Hospital,3,Maharashtra,Ahmadnagar,0
SPEC_144198,District Combined Hospital Mathura,27.55912,77.68159,District Hospital,8,Uttar Pradesh,Mathura,0
SPEC_144291,(FRU) AFZALPUR TALUK HOSPITAL,17.203,76.3604,Sub-District Hospital,3,Karnataka,Gulbarga,0
SPEC_144295,Raipur,24.359751,76.1828,Community Health Center,2,Rajasthan,Jhalawar,0
SPEC_144299,Tumni CHC,25.862016,89.991567,Community Health Center,2,Assam,Dhubri,0
SPEC_144316,Bharatpur BPHC,23.000243,88.000022,Community Health Center,2,West Bengal,Murshidabad,0
SPEC_144328,CHC Bhanupratappur,20.308938,81.072696,Community Health Center,2,Chhattisgarh,Kanker,0
SPEC_144345,Bijanbari RH,27.0676,88.1922,Community Health Center,2,West Bengal,Darjiling,0
SPEC_144403,KORUKONDA,18.27,81.98,Community Health Center,2,Odisha,Malkangiri,0
SPEC_144408,Rani CHC,26.04425,91.586217,Community Health Center,2,Assam,Kamrup,0
SPEC_144456,Chhoti Khatu,27.16629,74.348763,Community Health Center,2,Rajasthan,Nagaur,0
SPEC_144493,TALPALI,20.97428,83.21629,Community Health Center,2,Odisha,Bargarh,0
SPEC_144507,RH Ner,19.768429,76.192593,Community Health Center,2,Maharashtra,Jalna,0
SPEC_144565,BARUN,27.414263,79.51475,Community Health Center,2,Uttar Pradesh,Farrukhabad,0
SPEC_144590,Shri Vinoba Bhave Civil Hospital,20.2706,73.0081,District Hospital,8,Dadra & Nagar Haveli,Dadra & Nagar Haveli,0
SPEC_144601,R H Rajegaon,21.597747,80.20277,Community Health Center,2,Maharashtra,Gondiya *,0
SPEC_144640,Holta CH,32.10781,76.534698,Civil Hospital/General Hospital,5,Himachal Pradesh,Kangra,0
SPEC_144690,Ram Nagar,25.555687,82.620006,Community Health Center,2,Uttar Pradesh,Jaunpur,0
SPEC_144691,Holi CHC,32.327116,76.555726,Community Health Center,2,Himachal Pradesh,Chamba,0
SPEC_144709,Pander,25.641756,75.192476,Community Health Center,2,Rajasthan,Bhilwara,0
SPEC_144712,CHC Mawai,22.494922,81.076087,Community Health Center,2,Madhya Pradesh,Mandla,0
SPEC_144719,RH Maregaon,20.103552,78.805356,Community Health Center,2,Maharashtra,Yavatmal,0
SPEC_144738,CHC Shahkot,31.080727,75.33563,Community Health Center,2,Punjab,Jalandhar,0
SPEC_144760,Harora CHC,29.99,77.68,Community Health Center,2,Uttar Pradesh,Saharanpur,0
SPEC_144800,Beleshwar CHC,30.46235,78.6356,Community Health Center,2,Uttarakhand,Tehri Garhwal,0
SPEC_144809,CHC SOHAWAL,26.755077,81.978568,Community Health Center,2,Uttar Pradesh,Faizabad,0
SPEC_144819,CHC Paraswada,22.176388,80.297632,Community Health Center,2,Madhya Pradesh,Balaghat,0
SPEC_144880,District Women Hospital,25.152623,82.577343,District Hospital,8,Uttar Pradesh,Mirzapur,0
SPEC_144901,Kelambakkam,12.7902,80.2207,Community Health Center,2,Tamil Nadu,Kancheepuram,0
SPEC_144949,CHC MOHANPUR,24.494024,86.784818,Community Health Center,2,Jharkhand,DEOGHAR,0
SPEC_144979,Joda CHC,22.02989,85.42966,Community Health Center,2,Odisha,Kendujhar,0
SPEC_144991,Sugnu CHC,24.294194,93.875485,Community Health Center,2,Manipur,THOUBAL,0
SPEC_145039,Jirania CHC,23.82214,91.44906,Community Health Center,2,Tripura,West District,0
SPEC_145121,CHC Lalganj,26.174524,80.968379,Community Health Center,2,Uttar Pradesh,Rae Bareli,0
SPEC_145180,ORANG CHC,26.701867,92.329967,Community Health Center,2,Assam,Udalguri,0
SPEC_145213,RH Balapur,20.659872,76.769757,Community Health Center,2,Maharashtra,Akola,0
SPEC_145357,CHC UDAYAPURA,12.971309,76.323522,Community Health Center,2,Karnataka,Hassan,0
SPEC_145359,R H Lonar,19.972361,76.536223,Community Health Center,2,Maharashtra,Buldana,0
SPEC_145454,MUNIGUDA,19.63054,83.48476,Community Health Center,2,Odisha,Rayagada,0
SPEC_145465,Panagudi,8.32353,77.579266,Community Health Center,2,Tamil Nadu,Tirunelveli,0
SPEC_145506,Tehla,27.2439,76.40858,Community Health Center,2,Rajasthan,Alwar,0
SPEC_145528,Tahbarpur,26.111803,83.072895,Community Health Center,2,Uttar Pradesh,Azamgarh,0
SPEC_145542,THAMARANKOTTAI,10.405944,79.410876,Community Health Center,2,Tamil Nadu,Thanjavur,0
SPEC_145563,PATEHRA,24.924824,82.588531,Community Health Center,2,Uttar Pradesh,Mirzapur,0
SPEC_145623,Dist Hospital Barmer,25.750776,71.397078,District Hospital,8,Rajasthan,Barmer,0
SPEC_145658,Badgaon,24.63666,73.680109,Community Health Center,2,Rajasthan,Udaipur,0
SPEC_145700,CHC Jasrana,27.242115,78.652807,Community Health Center,2,Uttar Pradesh,Firozabad,0
SPEC_145880,JOYA,28.50048,78.28473,Community Health Center,2,Uttar Pradesh,Jyotiba Phule Nagar,0
SPEC_145884,SDH Mukhed,18.704633,77.368303,Sub-District Hospital,3,Maharashtra,Nanded,0
SPEC_145900,Jalsu,27.111853,75.629537,Community Health Center,2,Rajasthan,Jaipur,0
SPEC_145918,Sadara,23.344849,72.728623,Community Health Center,2,Gujarat,GANDHINAGAR,0
SPEC_145929,Dombuchery,9.9615,77.391684,Community Health Center,2,Tamil Nadu,Theni,0
SPEC_145992,CHC Patera,23.992702,79.682484,Community Health Center,2,Madhya Pradesh,Damoh,0
SPEC_146008,CHC,25.616849,83.753113,Community Health Center,2,Uttar Pradesh,Ghazipur,0
SPEC_146012,"Hugli District Hospital, Hooghly",22.892614,88.399665,District Hospital,8,West Bengal,Hooghly,0
SPEC_146101,Munirabad CHC,15.2783,76.3261,Community Health Center,2,Karnataka,Koppal,0
SPEC_146110,CHC Khemkaran,31.145676,74.566283,Community Health Center,2,Punjab,Tarn Taran,0
SPEC_146138,KOPAGANJ,26.013902,83.572337,Community Health Center,2,Uttar Pradesh,Mau,0
SPEC_146140,District Women Hospital Etawah,26.787418,79.006287,District Hospital,8,Uttar Pradesh,Etawah,0
SPEC_146178,Pudupettai,12.5297,78.5098,Community Health Center,2,Tamil Nadu,Vellore,0
SPEC_146212,Kamarpukur RH,22.978533,87.658117,Community Health Center,2,West Bengal,Hooghly,0
SPEC_146238,Sangod,24.925,76.286,Community Health Center,2,Rajasthan,Kota,0
SPEC_146239,Arnod,23.893756,74.811795,Community Health Center,2,Rajasthan,Pratapgarh,0
SPEC_146289,KARUPPAMBALAM,10.389423,79.789218,Sub-District Hospital,3,Tamil Nadu,Nagapattinam,0
SPEC_146295,Sub-District Hospital Phaltan,17.9862,74.434,Sub-District Hospital,3,Maharashtra,Satara,0
SPEC_146320,pahadi,27.817055,76.311185,Community Health Center,2,Rajasthan,Alwar,0
SPEC_146335,BERHAMPUR,21.53934,86.653,Community Health Center,2,Odisha,Baleshwar,0
SPEC_146343,Nayala,26.936194,75.995667,Community Health Center,2,Rajasthan,Jaipur,0
SPEC_146350,Saipau,26.817721,77.748069,Community Health Center,2,Rajasthan,Dhaulpur,0
SPEC_146391,Elathur,9.010851,77.285448,Community Health Center,2,Tamil Nadu,Tirunelveli,0
SPEC_146424,CH Sihora,23.486577,80.106565,Sub-District Hospital,3,Madhya Pradesh,Jabalpur,0
SPEC_146456,KINJIRKELA,22.28788,83.9458,Community Health Center,2,Odisha,Sundargarh,0
SPEC_146488,Nongpoh,25.909645,91.876851,District Hospital,8,Meghalaya,Ri Bhoi,0
SPEC_146504,BORDA,20.15841,82.98493,Community Health Center,2,Odisha,Kalahandi,0
SPEC_146577,Kaprada - T,20.345297,73.217552,Community Health Center,2,Gujarat,VALSAD,0
SPEC_146701,Government Hospital Lathi,21.730132,71.387956,Sub-District Hospital,3,Gujarat,AMRELI,0
SPEC_146707,Paloda,23.759545,74.173906,Community Health Center,2,Rajasthan,Banswara,0
SPEC_146761,Manickampalayam,11.325946,78.012404,Community Health Center,2,Tamil Nadu,Namakkal,0
SPEC_146762,Sub-District Hospital Ambad,19.613541,75.798267,Sub-District Hospital,3,Maharashtra,Jalna,0
SPEC_146765,MADHAPUR,20.78354,84.41999,Community Health Center,2,Odisha,Anugul,0
SPEC_146775,"UCHC Sector -45 ,Chandigarh",30.70515,76.761667,Community Health Center,2,Chandigarh,Chandigarh,0
SPEC_146778,CHC GURH,24.501637,81.50759,Community Health Center,2,Madhya Pradesh,Rewa,0
SPEC_146801,Chithoor,11.641856,77.822907,Community Health Center,2,Tamil Nadu,Salem,0
SPEC_146802,CHC SADAR GODDA,24.801022,87.210524,Community Health Center,2,Jharkhand,GODDA,0
SPEC_146815,SDH Nilnga,18.116111,76.7525,Sub-District Hospital,3,Maharashtra,Latur,0
SPEC_146832,Nawboicha CHC,27.173917,94.02445,Community Health Center,2,Assam,Lakhimpur,0
SPEC_146860,RH Akkalkuwa,21.55,74.01,Community Health Center,2,Maharashtra,Nandurbar,0
SPEC_146866,Shrivardhan,18.049922,73.017394,Sub-District Hospital,3,Maharashtra,Raigarh,0
SPEC_146867,CHC Mohgaon,22.774848,80.613265,Community Health Center,2,Madhya Pradesh,Mandla,0
SPEC_146895,Nai,24.54072,73.50092,Community Health Center,2,Rajasthan,Udaipur,0
SPEC_146908,IDAIKKALINADU,12.2828,79.9906,Community Health Center,2,Tamil Nadu,Kancheepuram,0
SPEC_146955,BAGHMARA CHC,26.61485,91.176433,Community Health Center,2,Assam,Barpeta,0
SPEC_146983,chc Shankergarh,25.19121,81.612695,Community Health Center,2,Uttar Pradesh,Allahabad,0
SPEC_147003,Betalghat CHC,29.55334,79.33714,Community Health Center,2,Uttarakhand,Nainital,0
SPEC_147032,Madhabdihi BPHC,23.01385,87.866633,Community Health Center,2,West Bengal,Bardhaman,0
SPEC_147100,Belda RH,22.084143,87.334581,Community Health Center,2,West Bengal,Paschim Medinipur,0
SPEC_147178,Jakholi,30.390858,78.89515,Community Health Center,2,Uttarakhand,Rudraprayag,0
SPEC_147191,Bishalgarh SDH,23.677948,91.28188,Sub-District Hospital,3,Tripura,Sepahijala District,0
SPEC_147218,BAZANAPATHAR CHC,26.11,91.83,Community Health Center,2,Assam,Darrang,0
SPEC_147260,Bogalur,9.409,78.6986,Community Health Center,2,Tamil Nadu,Ramanathapuram,0
SPEC_147273,BANAPUR,19.782068,85.172639,Community Health Center,2,Odisha,Khordha,0
SPEC_147287,Civil Hospital  Ropar,30.96655,76.52503,District Hospital,8,Punjab,Rupnagar,0
SPEC_147293,CHC Barasathi,25.58905,82.467268,Community Health Center,2,Uttar Pradesh,Jaunpur,0
SPEC_147337,CHC Channanwal,30.509014,75.494434,Community Health Center,2,Punjab,Barnala,0
SPEC_147339,Anoopgarh,29.18907,73.209679,Community Health Center,2,Rajasthan,Ganganagar,0
SPEC_147352,District Male Hospital Rae Bareli,26.2233,81.2395,District Hospital,8,Uttar Pradesh,Rae Bareli,0
SPEC_147417,RH KHUPIRE,16.708753,74.144465,Community Health Center,2,Maharashtra,Kolhapur,0
SPEC_147437,Mulanur,10.7968,77.7188,Community Health Center,2,Tamil Nadu,Tiruppur,0
SPEC_147476,Talasari,20.119217,72.902192,Community Health Center,2,Maharashtra,Palghar,0
SPEC_147491,R H PAUNI,20.79388,79.636837,Community Health Center,2,Maharashtra,Bhandara,0
SPEC_147494,Sojatroad,25.86542,73.750728,Community Health Center,2,Rajasthan,Pali,0
SPEC_147626,NAWABGANJ,27.434875,79.402661,Community Health Center,2,Uttar Pradesh,Farrukhabad,0
SPEC_147645,Bhoirymbong CHC,25.708825,92.022028,Community Health Center,2,Meghalaya,Ri Bhoi,0
SPEC_147689,Kannad,20.27824,75.133256,Community Health Center,2,Maharashtra,Aurangabad,0
SPEC_147696,CHC PAKUR,24.633911,87.848053,Community Health Center,2,Jharkhand,PAKAUR,0
SPEC_147775,Udaipur,22.911207,82.949649,Community Health Center,2,Chhattisgarh,Surguja,0
SPEC_147780,CHC DALTONGANJ SADAR,24.037588,84.076906,Community Health Center,2,Jharkhand,PALAMU,0
SPEC_147818,CHC PATRATU,23.65774,85.30491,Community Health Center,2,Jharkhand,RAMGARH,0
SPEC_147828,KALAMPUR,19.61259,82.89073,Community Health Center,2,Odisha,Kalahandi,0
SPEC_147845,BANARPAL,20.84026,85.21585,Community Health Center,2,Odisha,Anugul,0
SPEC_147857,District Women Hospital Pratapgarh,25.921972,81.997588,District Hospital,8,Uttar Pradesh,Pratapgarh,0
SPEC_147907,CH Madhavnagar,23.178668,75.79395,Sub-District Hospital,3,Madhya Pradesh,Ujjain,0
SPEC_147963,NSKMC Indira Gandhi Hospital,20.0,73.47,Community Health Center,2,Maharashtra,Nashik,0
SPEC_147984,Jhalo Ki Madar,23.458697,85.092165,Community Health Center,2,Rajasthan,Rajsamand,0
SPEC_148053,Baseri,26.743738,77.539241,Community Health Center,2,Rajasthan,Dhaulpur,0
SPEC_148075,CHC Bisawan,27.493758,80.99648,Community Health Center,2,Uttar Pradesh,Sitapur,0
SPEC_148093,KALASA,13.234248,75.356037,Community Health Center,2,Karnataka,Chikmagalur,0
SPEC_148165,BELGAUM DH,15.8682,74.5104,District Hospital,8,Karnataka,Belgaum,0
SPEC_148198,UMARKOTE,19.6578,82.21765,Community Health Center,2,Odisha,Nabarangapur,0
SPEC_148317,T.N.Palayam,11.506472,77.385955,Community Health Center,2,Tamil Nadu,Erode,0
SPEC_148419,MURUKKERI,12.205186,79.846426,Community Health Center,2,Tamil Nadu,Viluppuram,0
SPEC_148459,LAMTAPUT,18.55053,82.48182,Community Health Center,2,Odisha,Koraput,0
SPEC_148486,"Gov Hospital, Sujangarh",27.69166,74.462564,Sub-District Hospital,3,Rajasthan,Churu,0
SPEC_148592,DH SIDHI,24.413385,81.88065,District Hospital,8,Madhya Pradesh,Sidhi,0
SPEC_148637,CHC Khansahib,33.9336,74.659,Community Health Center,2,Jammu & Kashmir,Badgam,0
SPEC_148718,RH Junner,19.2059,73.8752,Community Health Center,2,Maharashtra,Pune,0
SPEC_148740,SDH Hadgaon,19.497653,77.659951,Sub-District Hospital,3,Maharashtra,Nanded,0
SPEC_148763,CHC Singhpur,23.211247,81.416381,Community Health Center,2,Madhya Pradesh,Shahdol,0
SPEC_148816,Takda BPHC,27.000067,88.35715,Community Health Center,2,West Bengal,Darjiling,0
SPEC_148862,Buchia Bada,23.665708,74.024137,Community Health Center,2,Rajasthan,Dungarpur,0
SPEC_148870,Mahudha,22.820549,72.938367,Community Health Center,2,Gujarat,KHEDA,0
SPEC_148882,CHC Amoda,20.378956,81.577911,Community Health Center,2,Chhattisgarh,Kanker,0
SPEC_148956,Suwana,25.35336,74.700135,Community Health Center,2,Rajasthan,Bhilwara,0
SPEC_148982,Pungro CHC,25.976111,95.030556,Community Health Center,2,Nagaland,Kiphire,0
SPEC_148984,CHC Sonbarsa,25.76976,84.489766,Community Health Center,2,Uttar Pradesh,Ballia,0
SPEC_149013,CHC PAP Hospital,31.311633,75.618146,Community Health Center,2,Punjab,Jalandhar,0
SPEC_149144,PHC DIBIYAPUR,26.626693,79.553391,Community Health Center,2,Uttar Pradesh,Auraiya,0
SPEC_149162,Labpur RH,23.485777,87.474862,Community Health Center,2,West Bengal,Birbhum,0
SPEC_149184,Kushmandi Rural Hospital,25.532021,88.362585,Community Health Center,2,West Bengal,Dakhshin Dinajpur,0
SPEC_149195,SDH Malerkotla,30.519474,75.876318,Sub-District Hospital,3,Punjab,Sangrur,0
SPEC_149199,Dooni,25.865787,75.60335,Community Health Center,2,Rajasthan,Tonk,0
SPEC_149214,CHC Pattan,34.160179,74.553741,Community Health Center,2,Jammu & Kashmir,Baramula,0
SPEC_149259,K M DODDI,12.4841,77.0368,Community Health Center,2,Karnataka,Mandya,0
SPEC_149286,CHC Beenaganj,24.187509,77.031853,Community Health Center,2,Madhya Pradesh,Guna,0
SPEC_149309,Chirgaon,25.571905,78.805962,Community Health Center,2,Uttar Pradesh,Jhansi,0
SPEC_149336,MADHANUR,12.868483,78.846758,Community Health Center,2,Tamil Nadu,Vellore,0
SPEC_149380,CHC Narsan,29.42,77.5,Community Health Center,2,Uttarakhand,Haridwar,0
SPEC_149469,HAROHALLI CHC,12.6801,77.4693,Community Health Center,2,Karnataka,Ramanagara,0
SPEC_149504,RH Shirur,18.4931,74.2222,Community Health Center,2,Maharashtra,Pune,0
SPEC_149557,CHC BHAINSDEHI,21.64396,77.629828,Community Health Center,2,Madhya Pradesh,Betul,0
SPEC_149563,CHC Bhoorbaral,28.90876,77.618937,Community Health Center,2,Uttar Pradesh,Meerut,0
SPEC_149591,DH Hingoli,19.722329,77.155182,District Hospital,8,Maharashtra,Hingoli *,0
SPEC_149630,CH Nagda,23.456292,75.41703,Sub-District Hospital,3,Madhya Pradesh,Ujjain,0
SPEC_149686,CHC Khilchipur,24.044461,76.58061,Community Health Center,2,Madhya Pradesh,Rajgarh,0
SPEC_149700,CHC KHARSAWAN,22.782972,85.825585,Community Health Center,2,Jharkhand,SARIKELA-KHARSWANA,0
SPEC_149730,SUBDEGA,22.28766,84.10127,Community Health Center,2,Odisha,Sundargarh,0
SPEC_149745,Takarjala CHC,23.042391,91.025272,Community Health Center,2,Tripura,Sepahijala District,0
SPEC_149783,CHC Siswa,27.146628,83.766553,Community Health Center,2,Uttar Pradesh,Mahrajganj,0
SPEC_149810,Ponnai,13.129535,79.253487,Community Health Center,2,Tamil Nadu,Vellore,0
SPEC_149811,Sitalkuchi RH,26.168167,89.181583,Community Health Center,2,West Bengal,Cooch Behar,0
SPEC_149845,Kengeri,12.91,77.4838,Community Health Center,2,Karnataka,Bangalore,0
SPEC_149855,CHC Raal(Mathura)-Usphar,27.33,77.33,Community Health Center,2,Uttar Pradesh,Mathura,0
SPEC_149878,CHC KARRA,22.895431,84.996321,Community Health Center,2,Jharkhand,KHUNTI,0
SPEC_149879,Civil Hospital Waraseoni,21.765595,80.054201,Sub-District Hospital,3,Madhya Pradesh,Balaghat,0
SPEC_149944,RH Renapur,18.529109,76.5965,Community Health Center,2,Maharashtra,Latur,0
SPEC_149952,District Male Hospital Fatehpur,25.935792,80.8128,District Hospital,8,Uttar Pradesh,Fatehpur,0
SPEC_150057,CHC Kala Bakra,31.476404,75.629368,Community Health Center,2,Punjab,Jalandhar,0
SPEC_150072,CHC Pakhowal,30.714487,75.713326,Community Health Center,2,Punjab,Ludhiana,0
SPEC_150107,CHC DEEGH,25.297518,82.303532,Community Health Center,2,Uttar Pradesh,Sant Ravidas Nagar (Bhadohi),0
SPEC_150155,CHC Dondi Lohara,20.7873,81.0546,Community Health Center,2,Chhattisgarh,BALOD,0
SPEC_150182,Nandagada CHC,15.5848,74.5725,Community Health Center,2,Karnataka,Belgaum,0
SPEC_150186,CHC Kareli,22.932067,79.060358,Community Health Center,2,Madhya Pradesh,Narsinghpur,0
SPEC_150213,Bhadra,29.101,75.171,Community Health Center,2,Rajasthan,Hanumangarh,0
SPEC_150328,CHC GOPIKANDAR,24.429692,87.485939,Community Health Center,2,Jharkhand,DUMKA,0
SPEC_150338,Community Health Centre Pargi,17.180837,77.875597,Community Health Center,2,Telangana,Rangareddy District,0
SPEC_150358,Bolpur BPHC,23.394878,87.413254,Community Health Center,2,West Bengal,Birbhum,0
SPEC_150386,Kaithun,25.122,75.972,Community Health Center,2,Rajasthan,Kota,0
SPEC_150428,RH Seloo,20.835711,78.712234,Community Health Center,2,Maharashtra,Wardha,0
SPEC_150443,CHC Majitha,31.75725,74.960897,Community Health Center,2,Punjab,Amritsar,0
SPEC_150452,ABHAYAPURI CHC,26.339283,90.65475,Community Health Center,2,Assam,Bongaigaon,0
SPEC_150470,Sahera,22.945031,73.633602,Community Health Center,2,Gujarat,PANCHMAHALS,0
SPEC_150483,SDH Dapoli,17.75409,73.193308,Sub-District Hospital,3,Maharashtra,Ratnagiri,0
SPEC_150500,CHC Rampaily,21.676252,80.010871,Community Health Center,2,Madhya Pradesh,Balaghat,0
SPEC_150514,CHC Hawai,27.53258,96.47921,Community Health Center,2,Arunachal Pradesh,Anjaw,0
SPEC_150534,Jasrasar,27.70209,73.82205,Community Health Center,2,Rajasthan,Bikaner,0
SPEC_150564,Kukanoor,15.4929,75.9955,Community Health Center,2,Karnataka,Koppal,0
SPEC_150624,Tehatta Sub Divisional Hospital,23.7287,88.530083,Sub-District Hospital,3,West Bengal,Nadia,0
SPEC_150631,Barhaj,26.27421,83.7215,Community Health Center,2,Uttar Pradesh,Deoria,0
SPEC_150685,Combined Hospital Chakiya Chandauli,25.055316,83.22296,District Hospital,8,Uttar Pradesh,Chandauli,0
SPEC_150728,CHC BORIO,25.03078,87.593181,Community Health Center,2,Jharkhand,SAHIBGANJ,0
SPEC_150733,SINDHEKELA,20.22743,82.93592,Community Health Center,2,Odisha,Balangir,0
SPEC_150807,"Zanana Hospital, Jaipur",26.926045,75.806685,Medical Colleges Hospital,20,Rajasthan,Jaipur,0
SPEC_150821,HARIHARA TH,14.5037,75.8094,Sub-District Hospital,3,Karnataka,Davanagere,0
SPEC_150822,CHC Naushehara Pannuan,31.333546,74.955624,Community Health Center,2,Punjab,Tarn Taran,0
SPEC_150891,BAUNSUNI,20.81376,84.07411,Community Health Center,2,Odisha,Baudh,0
SPEC_150940,Melaghar Sub-divisional Hospital,23.02961,91.019938,Sub-District Hospital,3,Tripura,Sepahijala District,0
SPEC_151002,Minakhan RH,22.501033,88.726467,Community Health Center,2,West Bengal,North 24 Parganas,0
SPEC_151017,CHC Mahasamund (Block PHC Mahasamund),21.199453,82.133087,Community Health Center,2,Chhattisgarh,Mahasamund,0
SPEC_151097,GH Khamgaon,20.711622,76.566128,District Hospital,8,Maharashtra,Buldana,0
SPEC_151108,District Hospital Dausa,26.893193,76.337528,District Hospital,8,Rajasthan,Dausa,0
SPEC_151187,Govt. Medical College and Hospital,21.073505,79.054831,Medical Colleges Hospital,20,Maharashtra,Nagpur,0
SPEC_151200,DH Hanumangarh Town,29.576422,74.33712,District Hospital,8,Rajasthan,Hanumangarh,0
SPEC_151215,Barjangsar,28.770606,74.449461,Community Health Center,2,Rajasthan,Churu,0
SPEC_151242,Baitu,25.899008,71.771145,Community Health Center,2,Rajasthan,Barmer,0
SPEC_151297,BARGAOAN,22.16197,84.30333,Community Health Center,2,Odisha,Sundargarh,0
SPEC_151300,Pritimoyee RH,23.791783,88.447367,Community Health Center,2,West Bengal,Nadia,0
SPEC_151324,Hirebagewadi,15.7752,74.6389,Community Health Center,2,Karnataka,Belgaum,0
SPEC_151329,CHC KAMDARA,22.905725,84.921258,Community Health Center,2,Jharkhand,GUMLA,0
SPEC_151351,CHC DUMARI,23.171864,84.132883,Community Health Center,2,Jharkhand,GUMLA,0
SPEC_151376,SARANKUL CHC,20.02694,85.08462,Community Health Center,2,Odisha,Nayagarh,0
SPEC_151387,CHC Soron Main Center,27.882039,78.740331,Community Health Center,2,Uttar Pradesh,Kanshiram Nagar *,0
SPEC_151439,RH Deolapar,21.584658,79.378967,Community Health Center,2,Maharashtra,Nagpur,0
SPEC_151475,Sultanpur RH,23.809767,87.585467,Community Health Center,2,West Bengal,Birbhum,0
SPEC_151489,Kollipara,16.29216,80.74895,Community Health Center,2,Andhra Pradesh,Guntur District,0
SPEC_151509,RH Lohi,20.43,77.65,Community Health Center,2,Maharashtra,Yavatmal,0
SPEC_151526,Padampur,29.707549,73.625657,Community Health Center,2,Rajasthan,Ganganagar,0
SPEC_151582,RAJSUNAKHALA CHC,20.16663,85.33291,Community Health Center,2,Odisha,Nayagarh,0
SPEC_151604,CHC Moman Barodia,23.607017,76.340459,Community Health Center,2,Madhya Pradesh,Shajapur,0
SPEC_151621,DAVANAGERE DH,14.4569,75.9156,District Hospital,8,Karnataka,Davanagere,0
SPEC_151677,SDH Karmala,18.4045,75.1954,Sub-District Hospital,3,Maharashtra,Solapur,0
SPEC_151697,Panagarh BPHC,23.459659,87.449715,Community Health Center,2,West Bengal,Bardhaman,0
SPEC_151719,CHC Bichhiya,22.452611,80.704808,Community Health Center,2,Madhya Pradesh,Mandla,0
SPEC_151753,CHC Palia,28.431353,80.584465,Community Health Center,2,Uttar Pradesh,Kheri,0
SPEC_151786,RH Samudrapur,20.637282,78.986893,Community Health Center,2,Maharashtra,Wardha,0
SPEC_151870,Dibai,28.196718,78.303425,Community Health Center,2,Uttar Pradesh,Bulandshahar,0
SPEC_151924,CHC Rudholi,26.76909,81.751165,Community Health Center,2,Uttar Pradesh,Faizabad,0
SPEC_151928,CHC MEHTA,31.667534,75.251331,Community Health Center,2,Punjab,Amritsar,0
SPEC_151940,Binpur RH,22.5725,86.92033,Community Health Center,2,West Bengal,Paschim Medinipur,0
SPEC_151962,CHC Bhitarwar,25.8,78.12,Community Health Center,2,Madhya Pradesh,Gwalior,0
SPEC_151967,"Area Hospital, Wanaparthy",16.363862,78.064569,Sub-District Hospital,3,Telangana,Mahbubnagar District,0
SPEC_151972,CHC Kremshore,33.9535,74.7198,Community Health Center,2,Jammu & Kashmir,Badgam,0
SPEC_151975,M G Hospital Bhilwara,25.345571,74.641905,District Hospital,8,Rajasthan,Bhilwara,0
SPEC_151995,"Postgraduate Institute of Medical Education  and Research (PGIMER), Chandigarh",30.762817,76.7764,Medical Colleges Hospital,20,Chandigarh,Chandigarh,0
SPEC_152068,JAIPATNA,19.46859,82.81027,Community Health Center,2,Odisha,Kalahandi,0
SPEC_152095,Panchanahalli,13.5516,76.3287,Community Health Center,2,Karnataka,Chikmagalur,0
SPEC_152149,BHUBAN,20.88373,85.82959,Community Health Center,2,Odisha,Dhenkanal,0
SPEC_152178,Maroli,21.01975,72.888003,Community Health Center,2,Gujarat,NAVSARI,0
SPEC_152204,KPM HOSPITAL KANPUR NAGAR,26.275425,80.212933,District Hospital,8,Uttar Pradesh,Kanpur Nagar,0
SPEC_152236,CHC Rampur Baghelan,24.49,81.09,Community Health Center,2,Madhya Pradesh,Satna,0
SPEC_152342,Salasar,27.725475,74.724004,Community Health Center,2,Rajasthan,Churu,0
SPEC_152386,Itahar Rural Hospital,25.27114,88.1045,Community Health Center,2,West Bengal,Uttar Dinajpur,0
SPEC_152411,PMC ARMED FORCE MEDICAL COLLEGE(AFMC),18.52043,73.856744,Medical Colleges Hospital,20,Maharashtra,Pune,0
SPEC_152420,CHC CHATRA,24.206508,84.872428,Community Health Center,2,Jharkhand,CHATRA,0
SPEC_152466,GILAULA,27.546543,81.798735,Community Health Center,2,Uttar Pradesh,Shrawasti,0
SPEC_152494,Ichamati CHC,25.18,91.71,Community Health Center,2,Meghalaya,East Khasi Hills,0
SPEC_152545,PHC Tanda,22.506924,74.853798,Community Health Center,2,Madhya Pradesh,Dhar,0
SPEC_152552,NUAGADIASAHI,20.31268,85.22633,Community Health Center,2,Odisha,Nayagarh,0
SPEC_152647,DH Female Pithoragarh,29.35155,80.12793,District Hospital,8,Uttarakhand,Pithoragarh,0
SPEC_152681,Sarenga RH,22.767467,87.01585,Community Health Center,2,West Bengal,Bankura,0
SPEC_152753,RH Chandoli,18.8446,73.8687,Community Health Center,2,Maharashtra,Pune,0
SPEC_152775,VAIRAVIKULUM,8.670482,77.445445,Community Health Center,2,Tamil Nadu,Tirunelveli,0
SPEC_152803,CHITRADURGA DISTRICT HOSPITAL FRU,14.2209,76.4064,District Hospital,8,Karnataka,Chitradurga,0
SPEC_152909,DH Female Pauri,30.085946,78.462692,District Hospital,8,Uttarakhand,Garhwal,0
SPEC_153104,RH Kallam,18.57,76.01,Community Health Center,2,Maharashtra,Osmanabad,0
SPEC_153138,Goa Medical College Hospital,15.464203,73.858606,Medical Colleges Hospital,20,Goa,NORTH GOA,0
SPEC_153170,CHC Raghogarh,24.437954,77.16501,Community Health Center,2,Madhya Pradesh,Guna,0
SPEC_153301,CHC Bungal Badhani,32.332196,75.755213,Community Health Center,2,Punjab,Pathankot,0
SPEC_153427,CHC Sathariya,25.6654,82.235478,Community Health Center,2,Uttar Pradesh,Jaunpur,0
SPEC_153478,Chellampatti,9.944451,77.896548,Community Health Center,2,Tamil Nadu,Madurai,0
SPEC_153480,MLB MEDICAL COLLEGE Jhansi,25.459252,78.615105,Medical Colleges Hospital,20,Uttar Pradesh,Jhansi,0
SPEC_153494,Falta BPHC,22.292033,88.1057,Community Health Center,2,West Bengal,South 24 Parganas,0
SPEC_153574,Rumala - T,20.680585,73.172031,Community Health Center,2,Gujarat,NAVSARI,0
SPEC_153593,Sayla,22.548755,71.486333,Community Health Center,2,Rajasthan,Jalor,0
SPEC_153644,Killiyur,8.2674,77.2149,Community Health Center,2,Tamil Nadu,Kanniyakumari,0
SPEC_153655,Khatoli,25.671389,76.462287,Community Health Center,2,Rajasthan,Kota,0
SPEC_153659,CHC Chaurmastpur,30.28246,76.6918,Community Health Center,2,Haryana,Ambala,0
SPEC_153662,CHC Maheshwar,22.179676,75.584033,Community Health Center,2,Madhya Pradesh,West Nimar (Khargone),0
SPEC_153758,Sandeshkhali RH,22.350533,88.906433,Community Health Center,2,West Bengal,North 24 Parganas,0
SPEC_153763,Olakkur,12.310518,79.716099,Community Health Center,2,Tamil Nadu,Viluppuram,0
SPEC_153767,Civil Hospital Jaora,23.63644,75.09874,Sub-District Hospital,3,Madhya Pradesh,Ratlam,0
SPEC_153800,Kolloli BPHC,23.438733,86.685217,Community Health Center,2,West Bengal,Purulia,0
SPEC_153824,CHC Sanwer,22.976915,75.827678,Community Health Center,2,Madhya Pradesh,Indore,0
SPEC_153827,SIHORIA,26.762415,83.535483,Community Health Center,2,Uttar Pradesh,Gorakhpur,0
SPEC_153834,CH Nainpur,22.426606,80.10956,Sub-District Hospital,3,Madhya Pradesh,Mandla,0
SPEC_153851,CHC Amargarh,30.463352,76.012767,Community Health Center,2,Punjab,Sangrur,0
SPEC_153925,S.V.Nagaram,12.677085,79.316078,Community Health Center,2,Tamil Nadu,Tiruvannamalai,0
SPEC_154033,CHC JALDEGA,22.567651,84.811166,Community Health Center,2,Jharkhand,SIMDEGA,0
SPEC_154040,Halakura CHC,26.25,89.77,Community Health Center,2,Assam,Dhubri,0
SPEC_154047,KABBALLI FRU,11.8936,76.7457,Community Health Center,2,Karnataka,Chamarajanagar,0
SPEC_154063,KAMALNAGAR,18.2371,77.1813,Community Health Center,2,Karnataka,Bidar,0
SPEC_154075,Tunga,26.729299,76.149673,Community Health Center,2,Rajasthan,Jaipur,0
SPEC_154083,Chikhli,23.855816,73.407555,Community Health Center,2,Rajasthan,Dungarpur,0
SPEC_154155,DHANAPUR MC A,25.440457,83.344314,Community Health Center,2,Uttar Pradesh,Chandauli,0
SPEC_154252,Naxalbari RH,26.6857,88.20261,Community Health Center,2,West Bengal,Darjiling,0
SPEC_154296,Belakoba RH,26.57825,88.59792,Community Health Center,2,West Bengal,Jalpaiguri,0
SPEC_154431,Boko BPHC/CHC/FRU,25.979817,91.222717,Community Health Center,2,Assam,Kamrup,0
SPEC_154463,District Women Hospital Budaun,28.02995,79.12658,District Hospital,8,Uttar Pradesh,Budaun,0
SPEC_154467,SDH Kalwan,20.489182,74.027134,Sub-District Hospital,3,Maharashtra,Nashik,0
SPEC_154490,Pillanallur,11.4315,78.1293,Community Health Center,2,Tamil Nadu,Namakkal,0
SPEC_154502,CHC Bamhani Banjar,22.474914,80.365554,Community Health Center,2,Madhya Pradesh,Mandla,0
SPEC_154505,WENLOCK HOSPITAL MANGALORE DH,12.861,74.8381,District Hospital,8,Karnataka,Dakshina Kannada,0
SPEC_154531,Nabagram B.P.H.C.,24.192139,88.095083,Community Health Center,2,West Bengal,Murshidabad,0
SPEC_154533,PHIRINGIA,20.35791,84.12299,Community Health Center,2,Odisha,Kandhamal,0
SPEC_154539,Goverdhan Govt Hospital Nathdwara,24.9333,73.8167,Sub-District Hospital,3,Rajasthan,Rajsamand,0
SPEC_154551,Hindon,26.76205,77.033901,Sub-District Hospital,3,Rajasthan,Karauli,0
SPEC_154560,Memadpur,24.057445,72.518206,Community Health Center,2,Gujarat,BANASKANTHA,0
SPEC_154591,"PCMC-Talera Hospital, Chinchwad",18.625689,73.784673,Community Health Center,2,Maharashtra,Pune,0
SPEC_154622,PS Cottage Hospital Jawhar,19.917279,73.212633,Sub-District Hospital,3,Maharashtra,Palghar,0
SPEC_154673,CHC BUDANA,29.28752,77.472798,Community Health Center,2,Uttar Pradesh,Muzaffarnagar,0
SPEC_154678,CHC Ater,26.742002,78.642711,Community Health Center,2,Madhya Pradesh,Bhind,0
SPEC_154747,Nalhati BPHC,24.298495,87.824971,Community Health Center,2,West Bengal,Birbhum,0
SPEC_154823,RH Vani,20.33558,73.67513,Community Health Center,2,Maharashtra,Nashik,0
SPEC_154877,SUNDARGARH,22.11781,84.03674,District Hospital,8,Odisha,Sundargarh,0
SPEC_154898,Phephana,29.34,74.9,Community Health Center,2,Rajasthan,Hanumangarh,0
SPEC_154916,CHC MARWAHI,23.001893,82.055485,Community Health Center,2,Chhattisgarh,Bilaspur,0
SPEC_154975,LB DUTTA Rural Hospital,22.388967,88.198217,Community Health Center,2,West Bengal,South 24 Parganas,0
SPEC_154991,KAMAKHYANAGAR,20.93258,85.53765,Sub-District Hospital,3,Odisha,Dhenkanal,0
SPEC_155006,Centenary Hospital,19.2295,72.8624,Civil Hospital/General Hospital,5,Maharashtra,Mumbai (Suburban) *,0
SPEC_155022,Haldharmau,27.1395,81.75926,Community Health Center,2,Uttar Pradesh,Gonda,0
SPEC_155064,R H Dhamangaon Railway,20.7841,78.1381,Community Health Center,2,Maharashtra,Amravati,0
SPEC_155092,Kotri,25.398849,74.899773,Community Health Center,2,Rajasthan,Bhilwara,0
SPEC_155093,Kalain CHC,24.968317,92.5726,Community Health Center,2,Assam,Cachar,0
SPEC_155106,YADRAMI,16.8545,76.5352,Community Health Center,2,Karnataka,Gulbarga,0
SPEC_155108,RH Kudal,16.00803,73.68696,Community Health Center,2,Maharashtra,Sindhudurg,0
SPEC_155144,Itiyathok,27.29419,82.0438,Community Health Center,2,Uttar Pradesh,Gonda,0
SPEC_155153,CHC Malthone,24.304571,78.527926,Community Health Center,2,Madhya Pradesh,Sagar,0
SPEC_155224,Rupahi Modal Hospital,26.415683,92.74285,Community Health Center,2,Assam,Nagaon,0
SPEC_155297,SDH Deesa,24.258808,72.181711,Sub-District Hospital,3,Gujarat,BANASKANTHA,0
SPEC_155337,Deendayal Upadhyay Hospital,28.62,77.11,District Hospital,8,Delhi,West,0
SPEC_155363,Shirpur Sub District Hospital,21.355086,74.883787,Sub-District Hospital,3,Maharashtra,Dhule,0
SPEC_155391,District Male Hospital Jhansi,25.457425,78.578507,District Hospital,8,Uttar Pradesh,Jhansi,0
SPEC_155401,Sarsawa,30.17476,77.401757,Community Health Center,2,Uttar Pradesh,Saharanpur,0
SPEC_155420,RH Atpadi,17.420341,74.938467,Community Health Center,2,Maharashtra,Sangli,0
SPEC_155470,CHC Dongargaon,20.97277,80.852325,Community Health Center,2,Chhattisgarh,Rajnandgaon,0
SPEC_155501,Pookh,27.836968,75.614989,Community Health Center,2,Rajasthan,Jhunjhunun,0
SPEC_155549,CHC Bhilaigarh,21.6406,82.7237,Community Health Center,2,Chhattisgarh,BALODA BAJAR,0
SPEC_155554,Laxmangarh,27.364203,76.858624,Community Health Center,2,Rajasthan,Alwar,0
SPEC_155564,RH Deoni,18.19,77.2,Community Health Center,2,Maharashtra,Latur,0
SPEC_155568,CHC Jengging,28.33055,95.03828,Community Health Center,2,Arunachal Pradesh,Upper Siang Dist.,0
SPEC_155575,KDMC HOSP 2 Shastrinagar General Hospital (Dombivl,19.219627,73.080904,Sub-District Hospital,3,Maharashtra,Thane,0
SPEC_155691,PUJARIGUDA,19.73205,82.20373,Community Health Center,2,Odisha,Nabarangapur,0
SPEC_155695,Mithaura,27.257355,83.677477,Community Health Center,2,Uttar Pradesh,Mahrajganj,0
SPEC_155698,R.H. Shrirampur,19.621749,74.657056,Community Health Center,2,Maharashtra,Ahmadnagar,0
SPEC_155738,"District Hospital, Amravati",20.932863,77.760522,District Hospital,8,Maharashtra,Amravati,0
SPEC_155793,CHC MAHUADAND,23.396516,84.106566,Community Health Center,2,Jharkhand,LATEHAR,0
SPEC_155795,KUNDURA,18.91985,82.38064,Community Health Center,2,Odisha,Koraput,0
SPEC_155798,CHC Gandhwani,22.340257,75.001122,Community Health Center,2,Madhya Pradesh,Dhar,0
SPEC_155801,Todaraisingh,26.022707,75.482091,Community Health Center,2,Rajasthan,Tonk,0
SPEC_155871,SDH Warora,20.24078,79.01453,Sub-District Hospital,3,Maharashtra,Chandrapur,0
SPEC_155878,Lakhanpur,22.983543,83.037925,Community Health Center,2,Chhattisgarh,Surguja,0
SPEC_155946,Govt Hospital Sagwara,23.669805,74.024412,Sub-District Hospital,3,Rajasthan,Dungarpur,0
SPEC_155966,Jawahar Lal Nehru Medical College and Hospital,26.469559,74.636019,Medical Colleges Hospital,20,Rajasthan,Ajmer,0
SPEC_156014,Gudalur,9.6799,77.2425,Community Health Center,2,Tamil Nadu,Theni,0
SPEC_156085,JASHIPUR,21.94787,86.06832,Community Health Center,2,Odisha,Mayurbhanj,0
SPEC_156117,Ukkaram,11.4114,77.233,Community Health Center,2,Tamil Nadu,Erode,0
SPEC_156120,Bhim,25.741,74.079947,Community Health Center,2,Rajasthan,Rajsamand,0
SPEC_156124,Sarakkapillaiyur,11.827526,78.079252,Community Health Center,2,Tamil Nadu,Salem,0
SPEC_156142,Kirtinagar CHC,30.216033,78.746883,Community Health Center,2,Uttarakhand,Tehri Garhwal,0
SPEC_156166,CHC Betma,22.688074,75.612652,Community Health Center,2,Madhya Pradesh,Indore,0
SPEC_156178,Bakalia CHC,26.064017,93.182583,Community Health Center,2,Assam,Karbi Anglong,0
SPEC_156181,DH Neemuch,24.461354,74.875073,District Hospital,8,Madhya Pradesh,Neemuch,0
SPEC_156369,Debipur BPHC,22.6983,87.945267,Community Health Center,2,West Bengal,Howrah,0
SPEC_156402,CHC Mariyang,28.29431,95.13105,Community Health Center,2,Arunachal Pradesh,Upper Siang Dist.,0
SPEC_156424,District Hospital Jalgaon,21.00845,75.56789,District Hospital,8,Maharashtra,Jalgaon,0
SPEC_156453,CHC BADI,23.032936,78.073751,Community Health Center,2,Madhya Pradesh,Raisen,0
SPEC_156487,Vellakoil,10.9415,77.7106,Community Health Center,2,Tamil Nadu,Tiruppur,0
SPEC_156516,O SOWDAPURAM,11.476273,78.086786,Community Health Center,2,Tamil Nadu,Namakkal,0
SPEC_156603,Khandela,27.603609,75.501984,Community Health Center,2,Rajasthan,Sikar,0
SPEC_156606,Singot RH,23.571383,87.98215,Community Health Center,2,West Bengal,Bardhaman,0
SPEC_156635,Chirawa,28.2416,75.649902,Community Health Center,2,Rajasthan,Jhunjhunun,0
SPEC_156667,"Community Health Centre, Narsampet",17.928122,79.89453,Community Health Center,2,Telangana,Warangal District,0
SPEC_156677,KEELAARA CHC,12.5949,76.9394,Community Health Center,2,Karnataka,Mandya,0
SPEC_156702,Boisar,19.795851,72.760176,Community Health Center,2,Maharashtra,Palghar,0
SPEC_156794,CHC Reusa,27.548233,81.217367,Community Health Center,2,Uttar Pradesh,Sitapur,0
SPEC_156806,Dewanhat RH,26.233267,89.484683,Community Health Center,2,West Bengal,Cooch Behar,0
SPEC_156854,CHC Kalanaur,32.011404,75.146472,Community Health Center,2,Punjab,Gurdaspur,0
SPEC_156976,CHC Khirkiya,22.166968,76.860619,Community Health Center,2,Madhya Pradesh,Harda,0
SPEC_157014,MULBAGAL TH,13.162,78.3927,Civil Hospital/General Hospital,5,Karnataka,Kolar,0
SPEC_157062,MASTERLAL SINGH HOSPITAL,23.271188,77.397035,Sub-District Hospital,3,Madhya Pradesh,Bhopal,0
SPEC_157087,Navagam,22.797658,72.577164,Community Health Center,2,Gujarat,KHEDA,0
SPEC_157114,Desuri,25.27129,73.565048,Community Health Center,2,Rajasthan,Pali,0
SPEC_157167,DH SEHORE,23.205012,77.085078,District Hospital,8,Madhya Pradesh,Sehore,0
SPEC_157180,Rajdhanwar Ref. Hospital,24.4108,85.982673,Community Health Center,2,Jharkhand,GIRIDIH,0
SPEC_157232,ODAPADA,20.76504,85.43342,Community Health Center,2,Odisha,Dhenkanal,0
SPEC_157252,BINDIGANAVILE,12.8811,76.6339,Community Health Center,2,Karnataka,Mandya,0
SPEC_157258,Minjur,13.276823,80.259287,Community Health Center,2,Tamil Nadu,Thiruvallur,0
SPEC_157330,JAGATSINGHPUR,20.25234,86.18198,District Hospital,8,Odisha,Jagatsinghapur,0
SPEC_157407,JALAH CHC,26.635833,91.22635,Community Health Center,2,Assam,Baksa,0
SPEC_157423,CHC Auraiya,26.46,79.34,Community Health Center,2,Uttar Pradesh,Auraiya,0
SPEC_157437,HAIRINGTAN GANJ,26.555098,82.019458,Community Health Center,2,Uttar Pradesh,Faizabad,0
SPEC_157483,Malakheda,17.183345,77.149988,Community Health Center,2,Karnataka,Gulbarga,0
SPEC_157517,SNM District Hospital,27.058217,78.390104,District Hospital,8,Uttar Pradesh,Firozabad,0
SPEC_157565,Kukarvada,23.550588,72.616983,Community Health Center,2,Gujarat,MAHESANA,0
SPEC_157569,CHC Kusmi,23.2807,83.9003,Community Health Center,2,Chhattisgarh,BALRAMPUR,0
SPEC_157633,RH CHANDGAD,15.94,74.17,Community Health Center,2,Maharashtra,Kolhapur,0
SPEC_157666,KASHIPUR,19.35396,83.12696,Community Health Center,2,Odisha,Rayagada,0
SPEC_157721,CHC Kamahi Devi,31.866157,75.840218,Community Health Center,2,Punjab,Hoshiarpur,0
SPEC_157731,CH Aron,24.379573,77.424297,Sub-District Hospital,3,Madhya Pradesh,Guna,0
SPEC_157787,Kanchanpur,26.644365,77.617374,Community Health Center,2,Rajasthan,Dhaulpur,0
SPEC_157815,CHC Dabi,25.43815,75.637306,Community Health Center,2,Rajasthan,Bundi,0
SPEC_157836,Panchala siddha,26.9297,73.76635,Community Health Center,2,Rajasthan,Nagaur,0
SPEC_157880,CHC Khamariya,27.854096,81.080199,Community Health Center,2,Uttar Pradesh,Kheri,0
SPEC_157980,CHC Myorpur,24.122934,83.049711,Community Health Center,2,Uttar Pradesh,Sonbhadra,0
SPEC_157983,CHC Bijadandi,22.99796,80.159604,Community Health Center,2,Madhya Pradesh,Mandla,0
SPEC_157991,Janubasan BPHC,22.365683,87.887883,Community Health Center,2,West Bengal,Purba Medinipur,0
SPEC_158001,ESI Hospital,30.14,77.4,Civil Hospital/General Hospital,5,Haryana,Yamunanagar,0
SPEC_158046,District Women Hospital Banda,25.4892,80.3348,District Hospital,8,Uttar Pradesh,Banda,0
SPEC_158050,Khushalanagar CHC,12.457,75.9596,Community Health Center,2,Karnataka,Kodagu,0
SPEC_158096,BAILHONGAL TH,15.8065,74.8448,Sub-District Hospital,3,Karnataka,Belgaum,0
SPEC_158123,District Male Hospital Banda,25.4892,80.3349,District Hospital,8,Uttar Pradesh,Banda,0
SPEC_158161,CHC Dudhan Sadhan,30.257222,76.664444,Community Health Center,2,Punjab,Patiala,0
SPEC_158175,BIKALI MODEL HOSPITAL,25.966285,91.05233,Community Health Center,2,Assam,Goalpara,0
SPEC_158246,CHC CHANDIL,22.961483,86.063633,Community Health Center,2,Jharkhand,SARIKELA-KHARSWANA,0
SPEC_158279,CHC Jheet,21.152325,81.554706,Community Health Center,2,Chhattisgarh,Durg,0
SPEC_158297,MALHIPUR,27.8562,81.7651,Community Health Center,2,Uttar Pradesh,Shrawasti,0
SPEC_158318,Jaggampeta,17.171143,82.06367,Community Health Center,2,Andhra Pradesh,East Godavari District,0
SPEC_158354,Dablirathan,29.550699,74.191518,Community Health Center,2,Rajasthan,Hanumangarh,0
SPEC_158470,YAGATI,13.6115,76.1473,Community Health Center,2,Karnataka,Chikmagalur,0
SPEC_158570,Gupte Hospital 50 Bed,18.518329,73.840643,Sub-District Hospital,3,Maharashtra,Pune,0
SPEC_158627,Sarupathar CHC,26.2114,93.864367,Community Health Center,2,Assam,Golaghat,0
SPEC_158690,RH AJARA,16.114739,74.210077,Community Health Center,2,Maharashtra,Kolhapur,0
SPEC_158704,SANTEMARAHALLI FRU,12.0473,76.9815,Community Health Center,2,Karnataka,Chamarajanagar,0
SPEC_158728,Chockampatti,9.130099,77.364704,Community Health Center,2,Tamil Nadu,Tirunelveli,0
SPEC_158804,CHC Adampur,31.429719,75.714326,Community Health Center,2,Punjab,Jalandhar,0
SPEC_158819,CHC Shamshabad,23.813757,77.495291,Community Health Center,2,Madhya Pradesh,Vidisha,0
SPEC_158829,CHC Gosaiganj,26.76773,81.105522,Community Health Center,2,Uttar Pradesh,Lucknow,0
SPEC_158870,"Community Health Centre, Madhira",16.923558,80.368649,Community Health Center,2,Telangana,Khammam District,0
SPEC_158894,Dhanora,18.702425,76.799421,Community Health Center,2,Maharashtra,Beed,0
SPEC_158916,Banaad,26.311517,73.091953,Community Health Center,2,Rajasthan,Jodhpur,0
SPEC_158934,KHARPARAKHOL,20.75477,82.86086,Community Health Center,2,Odisha,Balangir,0
SPEC_158990,Main Centre (Farah CHC),27.32,77.75,Community Health Center,2,Uttar Pradesh,Mathura,0
SPEC_158993,CHC Hayuliang,28.04932,96.31485,Community Health Center,2,Arunachal Pradesh,Anjaw,0
SPEC_159012,CHC CANACONA,14.993115,74.047638,Community Health Center,2,Goa,SOUTH GOA,0
SPEC_159032,RH Mulchera,19.679364,80.004287,Community Health Center,2,Maharashtra,Gadchiroli,0
SPEC_159156,CHC KATGHORA,22.509302,82.550932,Community Health Center,2,Chhattisgarh,Korba,0
SPEC_159209,CHC KAISARGANJ,27.251577,81.547634,Community Health Center,2,Uttar Pradesh,Bahraich,0
SPEC_159248,chc  Maho,27.557516,78.19924,Community Health Center,2,Uttar Pradesh,Mahamaya Nagar,0
SPEC_159270,Jayal,27.2224,74.1843,Community Health Center,2,Rajasthan,Nagaur,0
SPEC_159291,GURUMATKAL CHC,16.8682,77.3861,Community Health Center,2,Karnataka,Yadgir,0
SPEC_159294,RH Ghansawangi,19.523335,75.99657,Community Health Center,2,Maharashtra,Jalna,0
SPEC_159333,Ambadiphata,19.472644,73.084209,Community Health Center,2,Maharashtra,Thane,0
SPEC_159348,Dadri Main,28.552748,77.556817,Community Health Center,2,Uttar Pradesh,Gautam Buddha Nagar,0
SPEC_159375,CHC Kulpahar,25.319757,79.6501,Community Health Center,2,Uttar Pradesh,Mahoba,0
SPEC_159378,CHC Pohari,25.540927,77.364026,Community Health Center,2,Madhya Pradesh,Shivpuri,0
SPEC_159400,SDH Dharni,21.5527,76.8923,Sub-District Hospital,3,Maharashtra,Amravati,0
SPEC_159483,RANCHI SADAR HOSPITAL,23.368762,85.328021,District Hospital,8,Jharkhand,RANCHI,0
SPEC_159486,Bichun,26.807275,75.352149,Community Health Center,2,Rajasthan,Jaipur,0
SPEC_159490,Nittur (B),18.1015,77.352,Community Health Center,2,Karnataka,Bidar,0
SPEC_159507,Kammapuram,11.478392,79.421606,Community Health Center,2,Tamil Nadu,Cuddalore,0
SPEC_159532,Govindgarh,27.500982,76.995987,Community Health Center,2,Rajasthan,Alwar,0
SPEC_159536,Cheyur,11.2476,77.2305,Community Health Center,2,Tamil Nadu,Tiruppur,0
SPEC_159539,Limkheda - T,22.835818,73.990349,Community Health Center,2,Gujarat,DAHOD,0
SPEC_159579,CHC Bhabra,22.529704,74.330412,Community Health Center,2,Madhya Pradesh,Alirajpur,0
SPEC_159588,RH Chakur,18.513056,76.875278,Community Health Center,2,Maharashtra,Latur,0
SPEC_159589,Deypara(Chandra) BPHC,22.460888,87.156437,Community Health Center,2,West Bengal,Paschim Medinipur,0
SPEC_159611,Chohtan,25.48421,71.070536,Community Health Center,2,Rajasthan,Barmer,0
SPEC_159627,Poochhri,27.458026,77.430394,Community Health Center,2,Rajasthan,Bharatpur,0
SPEC_159819,Mankachar CHC,25.5353,89.866233,Community Health Center,2,Assam,Dhubri,0
SPEC_159863,Baijnath CHC,29.906946,79.616401,Community Health Center,2,Uttarakhand,Bageshwar,0
SPEC_159864,Tarabganj,26.957954,81.988306,Community Health Center,2,Uttar Pradesh,Gonda,0
SPEC_159876,Chozuba CHC,25.821667,94.4375,Community Health Center,2,Nagaland,Phek,0
SPEC_159907,GAMBHARIMUNDA,19.850862,85.2129,Community Health Center,2,Odisha,Khordha,0
SPEC_159962,Rapar,23.574099,70.647625,Community Health Center,2,Gujarat,KACHCHH,0
SPEC_160021,Thellar,12.407534,79.543617,Community Health Center,2,Tamil Nadu,Tiruvannamalai,0
SPEC_160097,Pandit Briz Sundar Sharma General Hospital Bundi,25.433302,75.648023,District Hospital,8,Rajasthan,Bundi,0
SPEC_160103,CHC  TILHAR,27.958966,79.744582,Community Health Center,2,Uttar Pradesh,Shahjahanpur,0
SPEC_160114,CHC Deomali,27.11884,95.28071,Community Health Center,2,Arunachal Pradesh,Tirap District,0
SPEC_160141,RH Barhe Nashik,20.00823,73.80648,Community Health Center,2,Maharashtra,Nashik,0
SPEC_160164,SADAR Hospital,22.550521,85.805525,District Hospital,8,Jharkhand,PASHCHIMI SINGHBHUM,0
SPEC_160167,Mandawari,26.4856,76.43557,Community Health Center,2,Rajasthan,Dausa,0
SPEC_160171,CHC Nagri,20.3508,81.9568,Community Health Center,2,Chhattisgarh,Dhamtari,0
SPEC_160180,Mangkolemba CHC,26.6925,94.683056,Community Health Center,2,Nagaland,Mokokchung,0
SPEC_160236,Pipra Dhaula Kadam,26.486237,83.783891,Community Health Center,2,Uttar Pradesh,Deoria,0
SPEC_160266,CHC Chakrata,30.412052,77.534362,Community Health Center,2,Uttarakhand,Dehradun,0
SPEC_160315,CHC Manendragarh,23.215772,82.20586,Community Health Center,2,Chhattisgarh,Koriya,0
SPEC_160495,R H Anjangaon Surji,21.169822,77.291618,Community Health Center,2,Maharashtra,Amravati,0
SPEC_160503,Udaipurwati,27.730372,75.475254,Community Health Center,2,Rajasthan,Jhunjhunun,0
SPEC_160527,District Combind Hospital Balrampur,27.409592,82.193465,District Hospital,8,Uttar Pradesh,Balrampur,0
SPEC_160533,I N H S ASVINI Hospital,18.9012,72.8158,Civil Hospital/General Hospital,5,Maharashtra,Mumbai,0
SPEC_160618,Keshiary RH,22.127282,87.228221,Community Health Center,2,West Bengal,Paschim Medinipur,0
SPEC_160662,CHC Bijuwa,28.269385,80.601284,Community Health Center,2,Uttar Pradesh,Kheri,0
SPEC_160712,R H Deulgaon Raja,20.018879,76.04408,Community Health Center,2,Maharashtra,Buldana,0
SPEC_160726,General Hospital,29.091878,77.114564,Civil Hospital/General Hospital,5,Haryana,Panipat,0
SPEC_160748,Kariyalur,11.817583,78.717824,Community Health Center,2,Tamil Nadu,Viluppuram,0
SPEC_160766,KAPATANGANJ,26.762224,82.578831,Community Health Center,2,Uttar Pradesh,Basti,0
SPEC_160783,CHC ANADAPURAM,14.0765,75.2121,Community Health Center,2,Karnataka,Shimoga,0
SPEC_160864,Navalpattu,10.739327,78.78062,Community Health Center,2,Tamil Nadu,Tiruchirappalli,0
SPEC_160910,CH Maihar,24.26936,80.756651,Sub-District Hospital,3,Madhya Pradesh,Satna,0
SPEC_160966,Meluri CHC,25.729444,94.785278,Community Health Center,2,Nagaland,Phek,0
SPEC_161022,C.J.Halli CHC,14.7209,76.4905,Community Health Center,2,Karnataka,Bellary,0
SPEC_161026,Bali,25.1909,73.2854,Community Health Center,2,Rajasthan,Pali,0
SPEC_161138,BUGUDA,19.81302,84.78758,Community Health Center,2,Odisha,Ganjam,0
SPEC_161142,NSKMC Swami Samarth Hospital,19.57,73.47,Community Health Center,2,Maharashtra,Nashik,0
SPEC_161216,CHC Badagawn,26.97884,81.30446,Community Health Center,2,Uttar Pradesh,Barabanki,0
SPEC_161258,CHC Morba,24.202124,82.669493,Community Health Center,2,Madhya Pradesh,Singrauli,0
SPEC_161267,Fatehabad,27.025965,78.321085,Community Health Center,2,Uttar Pradesh,Agra,0
SPEC_161306,Pudupettai,11.966577,78.896604,Community Health Center,2,Tamil Nadu,Viluppuram,0
SPEC_161314,CHC Pandariya,22.227549,81.403053,Community Health Center,2,Chhattisgarh,Kabeerdham,0
SPEC_161377,Veerapandy,9.963624,77.445449,Community Health Center,2,Tamil Nadu,Theni,0
SPEC_161402,Gagartalai,23.550296,74.449958,Community Health Center,2,Rajasthan,Banswara,0
SPEC_161416,Pratappur CHC,21.59655,87.26325,Community Health Center,2,Odisha,Baleshwar,0
SPEC_161432,District Hospital Baran,25.09464,76.50942,District Hospital,8,Rajasthan,Baran,0
SPEC_161476,J.P HOSPITAL,23.329943,77.417055,District Hospital,8,Madhya Pradesh,Bhopal,0
SPEC_161558,CHC Surkhi,23.628928,78.82977,Community Health Center,2,Madhya Pradesh,Sagar,0
SPEC_161584,RH Undale,17.1624,74.0889,Community Health Center,2,Maharashtra,Satara,0
SPEC_161615,Mukkudal,8.738295,77.524366,Community Health Center,2,Tamil Nadu,Tirunelveli,0
SPEC_161625,Kalakeri,16.6695,76.3099,Community Health Center,2,Karnataka,Bijapur,0
SPEC_161639,Mahesbati BPHC,23.07575,87.906733,Community Health Center,2,West Bengal,Bardhaman,0
SPEC_161649,DIGAPAHANDI,19.37172,84.5661,Community Health Center,2,Odisha,Ganjam,0
SPEC_161658,Kareda,25.513572,74.226518,Community Health Center,2,Rajasthan,Bhilwara,0
SPEC_161674,Shahbad,28.563139,79.009611,Community Health Center,2,Uttar Pradesh,Rampur,0
SPEC_161699,Jubbal CH,31.108091,77.662667,Civil Hospital/General Hospital,5,Himachal Pradesh,Shimla,0
SPEC_161704,Chakhutiya,29.4837,79.1728,Community Health Center,2,Uttarakhand,Almora\,0
SPEC_161738,ERSAMA,20.20137,86.40738,Community Health Center,2,Odisha,Jagatsinghapur,0
SPEC_161752,CHC Shangus,33.700501,75.280998,Community Health Center,2,Jammu & Kashmir,Anantnag,0
SPEC_161806,TB Hospital Jaipur,26.95031,75.800983,Medical Colleges Hospital,20,Rajasthan,Jaipur,0
SPEC_161900,Mudagal CHC,16.0145,76.4462,Community Health Center,2,Karnataka,Raichur,0
SPEC_161978,Sasni,27.709201,78.086865,Community Health Center,2,Uttar Pradesh,Mahamaya Nagar,0
SPEC_162010,District Male Hospital Hamirpur,25.957262,80.145407,District Hospital,8,Uttar Pradesh,Hamirpur,0
SPEC_162013,MANDASAHI,20.27542,86.10931,Community Health Center,2,Odisha,Jagatsinghapur,0
SPEC_162092,Pachpadara,25.927001,72.258531,Community Health Center,2,Rajasthan,Barmer,0
SPEC_162103,200 Bedded Civil Hospital,26.12877,90.615636,District Hospital,8,Assam,Goalpara,0
SPEC_162173,Koppa,13.5329,75.3677,Sub-District Hospital,3,Karnataka,Chikmagalur,0
SPEC_162192,CHC Bilhaur,26.832494,80.069017,Community Health Center,2,Uttar Pradesh,Kanpur Nagar,0
SPEC_162306,"General Hospital, Mehsana",23.608246,72.390764,District Hospital,8,Gujarat,MAHESANA,0
SPEC_162315,Dobhi,25.584867,83.024188,Community Health Center,2,Uttar Pradesh,Jaunpur,0
SPEC_162537,Rural Hospital Pimpode Bk.,17.9224,74.0948,Community Health Center,2,Maharashtra,Satara,0
SPEC_162582,Thara,24.165185,74.856878,Community Health Center,2,Rajasthan,Pratapgarh,0
SPEC_162598,Basahiya Urf Kaptanganj,26.929752,83.721272,Community Health Center,2,Uttar Pradesh,Kushinagar,0
SPEC_162699,CHC Chhuria,21.006323,80.627863,Community Health Center,2,Chhattisgarh,Rajnandgaon,0
SPEC_162761,CHC LESLIGANJ,24.037681,84.209435,Community Health Center,2,Jharkhand,PALAMU,0
SPEC_162804,chc Merta,26.65984,74.026123,Community Health Center,2,Rajasthan,Nagaur,0
SPEC_162821,Rural Hospital Dahiwadi,17.7005,74.5487,Community Health Center,2,Maharashtra,Satara,0
SPEC_162830,Quazidewar,27.074053,82.070149,Community Health Center,2,Uttar Pradesh,Gonda,0
SPEC_162857,CHC Sarangarh,21.920296,83.380192,Community Health Center,2,Chhattisgarh,Raigarh,0
SPEC_162907,Chinyalisaur,30.348371,78.197379,Community Health Center,2,Uttarakhand,Uttarkashi,0
SPEC_163008,Nemam,13.074519,80.02028,Community Health Center,2,Tamil Nadu,Thiruvallur,0
SPEC_163034,Bandikui,27.044609,76.5681,Community Health Center,2,Rajasthan,Dausa,0
SPEC_163043,Kalinjara,23.346572,74.303755,Community Health Center,2,Rajasthan,Banswara,0
SPEC_163069,SDH ATAHAGARH,20.521607,85.639064,Sub-District Hospital,3,Odisha,Cuttack,0
SPEC_163126,RH Molgi,21.52,74.0,Community Health Center,2,Maharashtra,Nandurbar,0
SPEC_163163,NANDAPUR,18.56297,82.7402,Community Health Center,2,Odisha,Koraput,0
SPEC_163207,PATTAMUNDAI,20.57886,86.5619,Community Health Center,2,Odisha,Kendrapara,0
SPEC_163226,BAGALKOT DH,16.1654,75.6602,District Hospital,8,Karnataka,Bagalkot,0
SPEC_163234,"Community Health Centre, Kodangal",17.1103,77.623541,Community Health Center,2,Telangana,Mahbubnagar District,0
SPEC_163257,ICMR,19.0015,72.8419,District Hospital,8,Maharashtra,Mumbai,0
SPEC_163324,D.GANAGAPUR,17.1786,76.5329,Community Health Center,2,Karnataka,Gulbarga,0
SPEC_163339,CHC Khamhariya,21.8017,81.3356,Community Health Center,2,Chhattisgarh,BEMETARA,0
SPEC_163364,Bharamannanayakanadurga CHC,14.1812,76.1316,Community Health Center,2,Karnataka,Chitradurga,0
SPEC_163370,CHC Duddhi,24.213425,83.236578,Community Health Center,2,Uttar Pradesh,Sonbhadra,0
SPEC_163400,Chamata CHC,26.405917,91.345117,Community Health Center,2,Assam,Nalbari,0
SPEC_163420,SINDHANOOR TH,15.7713,76.7572,Sub-District Hospital,3,Karnataka,Raichur,0
SPEC_163505,FRU CHALLKERE TALUK HOSPITAL,14.3166,76.6502,Sub-District Hospital,3,Karnataka,Chitradurga,0
SPEC_163517,Nua,28.043106,75.268323,Community Health Center,2,Rajasthan,Jhunjhunun,0
SPEC_163546,RH Kuhi,21.016253,79.371071,Community Health Center,2,Maharashtra,Nagpur,0
SPEC_163602,Jhalarapatan,24.540672,76.172375,Community Health Center,2,Rajasthan,Jhalawar,0
SPEC_163610,Satpalsa BPHC,23.9314,87.784967,Community Health Center,2,West Bengal,Birbhum,0
SPEC_163622,CHC LAPUNG,23.108043,84.942734,Community Health Center,2,Jharkhand,RANCHI,0
SPEC_163639,POOLAMBADI,11.4118,78.7083,Community Health Center,2,Tamil Nadu,Perambalur,0
SPEC_163703,Banshi Pahadpur,26.93495,77.4991,Community Health Center,2,Rajasthan,Bharatpur,0
SPEC_163716,CHC Asmoli,28.703928,78.530302,Community Health Center,2,Uttar Pradesh,Sambhal,0
SPEC_163719,Khachriyawas,27.239804,75.288737,Community Health Center,2,Rajasthan,Sikar,0
SPEC_163754,Thathaiyangarpet,11.126,78.4495,Community Health Center,2,Tamil Nadu,Tiruchirappalli,0
SPEC_163841,Sikri,27.576209,77.075154,Community Health Center,2,Rajasthan,Bharatpur,0
SPEC_163860,MANIABANDHA,20.43659,85.42997,Community Health Center,2,Odisha,Cuttack,0
SPEC_163885,NARSINGHPUR CHC,20.45813,85.07803,Community Health Center,2,Odisha,Cuttack,0
SPEC_163925,Kalambur,12.629504,79.216394,Community Health Center,2,Tamil Nadu,Tiruvannamalai,0
SPEC_163958,Maddur Taluk Hospital,12.5862,77.0439,Sub-District Hospital,3,Karnataka,Mandya,0
SPEC_164042,Bechraji,23.518355,72.029614,Community Health Center,2,Gujarat,MAHESANA,0
SPEC_164049,Shraddha Hospital 50 Beds,18.504388,73.919956,Sub-District Hospital,3,Maharashtra,Pune,0
SPEC_164124,V.Chandrapuram,10.899317,77.182305,Community Health Center,2,Tamil Nadu,Coimbatore,0
SPEC_164131,Daspur RH,22.606943,87.722503,Community Health Center,2,West Bengal,Paschim Medinipur,0
SPEC_164176,CHC Gunderdehi,20.944105,81.289372,Community Health Center,2,Chhattisgarh,BALOD,0
SPEC_164182,Shillai CHC,30.675831,77.708881,Community Health Center,2,Himachal Pradesh,Sirmaur,0
SPEC_164204,MATHALPUT,18.76449,82.9229,Community Health Center,2,Odisha,Koraput,0
SPEC_164224,CHC Sirauli Gauspur,26.99238,81.4667,Community Health Center,2,Uttar Pradesh,Barabanki,0
SPEC_164230,CHC Maloud,30.634886,75.93721,Community Health Center,2,Punjab,Ludhiana,0
SPEC_164246,Rongjeng CHC,25.86,90.98,Community Health Center,2,Meghalaya,East Garo Hills,0
SPEC_164300,Reapara Rural Hospital,22.042867,87.90465,Community Health Center,2,West Bengal,Purba Medinipur,0
SPEC_164311,Anchuri RH,23.2725,87.001633,Community Health Center,2,West Bengal,Bankura,0
SPEC_164332,MAHARAJA CHET SINGH DISTRICT HOSPITAL Combined,25.330367,82.465143,District Hospital,8,Uttar Pradesh,Sant Ravidas Nagar (Bhadohi),0
SPEC_164374,SRAVANABELAGOLA,12.853,76.4794,Community Health Center,2,Karnataka,Hassan,0
SPEC_164464,Dr. SHYAMA PRASAD MUKHERJEE (CIVIL) HOSPITAL,26.844402,80.949648,District Hospital,8,Uttar Pradesh,Lucknow,0
SPEC_164509,SADAR HOSPITAL,24.187908,86.30642,District Hospital,8,Jharkhand,GIRIDIH,0
SPEC_164523,PHC Patara,26.232313,80.193947,Community Health Center,2,Uttar Pradesh,Kanpur Nagar,0
SPEC_164528,Anandabazar CHC,23.051776,92.012296,Community Health Center,2,Tripura,North District,0
SPEC_164553,CHC Khairlanji,21.597058,79.972837,Community Health Center,2,Madhya Pradesh,Balaghat,0
SPEC_164555,Mitauli CHC,27.819504,80.475092,Community Health Center,2,Uttar Pradesh,Kheri,0
SPEC_164650,Women Hospital,19.217416,73.165913,Women Hospital,3,Maharashtra,Thane,0
SPEC_164660,PPC - SDH PADAMPUR,20.99469,83.0675,Sub-District Hospital,3,Odisha,Bargarh,0
SPEC_164717,CHC Piploda,23.3658,75.427918,Community Health Center,2,Madhya Pradesh,Ratlam,0
SPEC_164718,Sanwad,24.78333,73.97333,Community Health Center,2,Rajasthan,Udaipur,0
SPEC_164826,Moirabari CHC,26.450233,92.421767,Community Health Center,2,Assam,Marigaon,0
SPEC_164856,Gownapall CHC,13.5055,78.2267,Community Health Center,2,Karnataka,Kolar,0
SPEC_164858,Paparda,26.7971,76.42395,Community Health Center,2,Rajasthan,Dausa,0
SPEC_164906,NOTIONAL Jayal,27.22085,74.187202,Community Health Center,2,Rajasthan,Nagaur,0
SPEC_164917,NOTIONAL Jaitsisar,28.756173,74.451435,Community Health Center,2,Rajasthan,Churu,0
SPEC_164952,Swami Ramanand Teerth Rural Medical College & Hospital,18.733048,76.370988,Medical Colleges Hospital,20,Maharashtra,Beed,0
SPEC_164968,Kuakonda,18.722935,81.419842,Community Health Center,2,Chhattisgarh,Dantewada,0
SPEC_164978,DH Sangrur,30.252162,75.835899,District Hospital,8,Punjab,Sangrur,0
SPEC_165035,RH Tembhurni,20.125421,75.99504,Community Health Center,2,Maharashtra,Jalna,0
SPEC_165036,T.B. HOSPITAL THAKURGANJ,26.87152,80.895787,District Hospital,8,Uttar Pradesh,Lucknow,0
SPEC_165070,CH Seondha,26.150478,78.782482,Sub-District Hospital,3,Madhya Pradesh,Datia,0
SPEC_165135,Bager,28.179614,75.498552,Community Health Center,2,Rajasthan,Jhunjhunun,0
SPEC_165143,LAING,22.23823,84.64184,Community Health Center,2,Odisha,Sundargarh,0
SPEC_165163,Arkera,16.277,76.9509,Community Health Center,2,Karnataka,Raichur,0
SPEC_165199,Mohanpur CHC,23.97141,91.37227,Community Health Center,2,Tripura,West District,0
SPEC_165238,HALADIA,20.278126,85.572137,Community Health Center,2,Odisha,Khordha,0
SPEC_165267,CHC Nambol,24.720089,93.841542,Community Health Center,2,Manipur,BISHNUPUR,0
SPEC_165283,District Women Hospital Gorakhpur,26.747303,83.365573,District Hospital,8,Uttar Pradesh,Gorakhpur,0
SPEC_165290,Machhli Shahar,25.68733,82.41816,Community Health Center,2,Uttar Pradesh,Jaunpur,0
SPEC_165312,Rajnagar B.P.H.C.,24.4335,88.09428,Community Health Center,2,West Bengal,Murshidabad,0
SPEC_165313,Ratannagar,28.214001,74.953026,Community Health Center,2,Rajasthan,Churu,0
SPEC_165342,"Dr Shankarrao Chavan,Government Medical College,Va",19.109313,77.292983,Medical Colleges Hospital,20,Maharashtra,Nanded,0
SPEC_165382,SDH Dasuya,31.808014,75.666092,Sub-District Hospital,3,Punjab,Hoshiarpur,0
SPEC_165383,Nyamathi CHC,14.1493,75.5697,Community Health Center,2,Karnataka,Davanagere,0
SPEC_165421,KHEKRA,28.874402,77.274795,Community Health Center,2,Uttar Pradesh,Baghpat,0
SPEC_165481,BHATAKUMARADA,19.43603,84.87576,Community Health Center,2,Odisha,Ganjam,0
SPEC_165501,GADAG DH,15.4319,75.6352,District Hospital,8,Karnataka,Gadag,0
SPEC_165505,CHC Birgaon,21.307937,81.649339,Community Health Center,2,Chhattisgarh,Raipur,0
SPEC_165534,Pappampatti,10.4415,77.4034,Community Health Center,2,Tamil Nadu,Dindigul,0
SPEC_165549,CHC BASIA,22.862144,84.807108,Community Health Center,2,Jharkhand,GUMLA,0
SPEC_165669,"Community Health Centre, Sathuopalli",17.212855,80.817275,Community Health Center,2,Telangana,Khammam District,0
SPEC_165713,Mungana,23.972304,74.420415,Community Health Center,2,Rajasthan,Pratapgarh,0
SPEC_165727,Kabisthalam,10.9425,79.2511,Community Health Center,2,Tamil Nadu,Thanjavur,0
SPEC_165749,CH Mahidpur,23.48401,75.65443,Sub-District Hospital,3,Madhya Pradesh,Ujjain,0
SPEC_165815,Sirugambur,10.905,78.6067,Community Health Center,2,Tamil Nadu,Tiruchirappalli,0
SPEC_165856,CHC Mauranipur,25.251752,79.139993,Community Health Center,2,Uttar Pradesh,Jhansi,0
SPEC_165876,MD Bazar RH,23.981917,87.589967,Community Health Center,2,West Bengal,Birbhum,0
SPEC_165895,Jiribam CHC,24.807456,93.114258,Community Health Center,2,Manipur,IMPHAL EAST,0
SPEC_165900,CHC KUCHAI,22.85,85.73,Community Health Center,2,Jharkhand,SARIKELA-KHARSWANA,0
SPEC_165905,Dalu CHC,25.210219,90.233404,Community Health Center,2,Meghalaya,West Garo Hills,0
SPEC_165931,SHOOLAGIRI - CHC Gr.I,12.661616,78.014386,Community Health Center,2,Tamil Nadu,Krishnagiri,0
SPEC_165995,Pampore,34.011692,74.916462,Community Health Center,2,Jammu & Kashmir,Pulwama,0
SPEC_166047,CHC Shutrana,29.908893,76.097839,Community Health Center,2,Punjab,Patiala,0
SPEC_166087,Pundibari RH,26.41175,89.38305,Community Health Center,2,West Bengal,Cooch Behar,0
SPEC_166140,CHC Susner,23.9351,76.099,Community Health Center,2,Madhya Pradesh,Agar Malwa,0
SPEC_166146,Deeg,27.474178,77.364122,Community Health Center,2,Rajasthan,Bharatpur,0
SPEC_166200,Community Health Centre Shamshabad,17.25073,78.44109,Community Health Center,2,Telangana,Rangareddy District,0
SPEC_166212,Dariba,24.95,74.1333,Community Health Center,2,Rajasthan,Rajsamand,0
SPEC_166227,BORIGUMA,19.04502,82.55587,Community Health Center,2,Odisha,Koraput,0
SPEC_166249,Muttam,8.1302,77.3179,Community Health Center,2,Tamil Nadu,Kanniyakumari,0
SPEC_166265,Karungalakudi,10.159244,78.359254,Community Health Center,2,Tamil Nadu,Madurai,0
SPEC_166278,Muradih BPHC,23.586967,86.826,Community Health Center,2,West Bengal,Purulia,0
SPEC_166347,Sikandra,26.366797,79.698685,Community Health Center,2,Uttar Pradesh,Kanpur Dehat,0
SPEC_166440,DOMPADA,20.38858,85.62711,Community Health Center,2,Odisha,Cuttack,0
SPEC_166466,"Community Health Centre,  Kosgi",16.987761,77.716922,Community Health Center,2,Telangana,Mahbubnagar District,0
SPEC_166489,SHIKARIPURA DH,14.274007,75.350245,Sub-District Hospital,3,Karnataka,Shimoga,0
SPEC_166500,Vadakarai Kilpidagai,9.036173,77.271351,Community Health Center,2,Tamil Nadu,Tirunelveli,0
SPEC_166517,CHC Mianwind,31.483539,75.152499,Community Health Center,2,Punjab,Tarn Taran,0
SPEC_166539,Pursha BPHC,23.365883,87.62095,Community Health Center,2,West Bengal,Bardhaman,0
SPEC_166572,Lohawat,26.98082,72.5749,Community Health Center,2,Rajasthan,Jodhpur,0
SPEC_166594,BADAMPAHAR,22.16501,86.1643,Community Health Center,2,Odisha,Mayurbhanj,0
SPEC_166600,CHC Ambagarh chowki,20.777903,80.742734,Community Health Center,2,Chhattisgarh,Rajnandgaon,0
SPEC_166605,Rajgarh,24.864742,82.856945,Community Health Center,2,Uttar Pradesh,Mirzapur,0
SPEC_166606,KHAIRA,21.28413,86.47052,Community Health Center,2,Odisha,Baleshwar,0
SPEC_166622,CHC LOHANDIGUDA,19.171485,81.750568,Community Health Center,2,Chhattisgarh,Bastar,0
SPEC_166634,CHC BENGABAD,24.3,86.36,Community Health Center,2,Jharkhand,GIRIDIH,0
SPEC_166645,Bagasara,21.484961,70.957402,Community Health Center,2,Gujarat,AMRELI,0
SPEC_166662,RH Shahada,21.54,74.47,Community Health Center,2,Maharashtra,Nandurbar,0
SPEC_166663,Thammampatti,11.440835,78.485823,Community Health Center,2,Tamil Nadu,Salem,0
SPEC_166749,CHC Hindoriya,23.902779,79.570177,Community Health Center,2,Madhya Pradesh,Damoh,0
SPEC_166754,SDH Indapur,18.113958,75.031364,Sub-District Hospital,3,Maharashtra,Pune,0
SPEC_166791,CHC Jabera,23.5645,79.675469,Community Health Center,2,Madhya Pradesh,Damoh,0
SPEC_166858,"Area Hospital,  Vanasthalipuram",17.331293,78.565148,Sub-District Hospital,3,Telangana,Rangareddy District,0
SPEC_166923,ESIS HOSPITAL WORLI,18.9981,72.8168,District Hospital,8,Maharashtra,Mumbai,0
SPEC_166949,"Community Health Centre, Chityal",18.330655,79.678535,Community Health Center,2,Telangana,Warangal District,0
SPEC_166969,District Hospital Sultanpur,26.202698,82.57913,District Hospital,8,Uttar Pradesh,Sultanpur,0
SPEC_166973,DH Balod,20.729932,81.204016,District Hospital,8,Chhattisgarh,BALOD,0
SPEC_167015,CHC Banda,24.036537,78.967004,Community Health Center,2,Madhya Pradesh,Sagar,0
SPEC_167102,RH Murud,18.332444,72.954278,Community Health Center,2,Maharashtra,Raigarh,0
SPEC_167219,R H Kalamb,20.4452,78.324479,Community Health Center,2,Maharashtra,Yavatmal,0
SPEC_167254,Nankhari CHC,31.307122,77.583833,Community Health Center,2,Himachal Pradesh,Shimla,0
SPEC_167256,AJJAMPURA,13.7266,76.0038,Community Health Center,2,Karnataka,Chikmagalur,0
SPEC_167273,Haisar Bazar,26.550017,83.032555,Community Health Center,2,Uttar Pradesh,Sant Kabir Nagar,0
SPEC_167426,Rupaideeh,27.283379,81.919014,Community Health Center,2,Uttar Pradesh,Gonda,0
SPEC_167459,CHC Sohagpur,22.70171,78.193491,Community Health Center,2,Madhya Pradesh,Hoshangabad,0
SPEC_167469,CHC SISAI,23.166922,84.760617,Community Health Center,2,Jharkhand,GUMLA,0
SPEC_167491,Velliyur,13.218092,80.011959,Community Health Center,2,Tamil Nadu,Thiruvallur,0
SPEC_167502,POONAMALLEE,13.05069,80.099442,Sub-District Hospital,3,Tamil Nadu,Thiruvallur,0
SPEC_167517,CHC Naraini,25.18795,80.47311,Community Health Center,2,Uttar Pradesh,Banda,0
SPEC_167526,"District Hospital,Beed",18.986918,75.753362,District Hospital,8,Maharashtra,Beed,0
SPEC_167542,Bhimganj Mandi,25.224937,75.872355,Community Health Center,2,Rajasthan,Kota,0
SPEC_167571,UPHC JMC Chatrapati Shahu Maharaj Hospital,21.007658,75.562604,Sub-District Hospital,3,Maharashtra,Jalgaon,0
SPEC_167586,CHC Sahaspur,30.232485,77.487181,Community Health Center,2,Uttarakhand,Dehradun,0
SPEC_167606,Malliakarai,11.568932,78.499345,Community Health Center,2,Tamil Nadu,Salem,0
SPEC_167641,DH Mandsaur,24.07,75.06,District Hospital,8,Madhya Pradesh,Mandsaur,0
SPEC_167645,Budsu,27.19736,73.73424,Community Health Center,2,Rajasthan,Nagaur,0
SPEC_167698,Makdi,19.77484,81.905393,Community Health Center,2,Chhattisgarh,KONDAGAON,0
SPEC_167757,BARI,20.68762,86.35188,Community Health Center,2,Odisha,Jajapur,0
SPEC_167873,District Hospital Bhandara,21.162173,79.659835,District Hospital,8,Maharashtra,Bhandara,0
SPEC_167879,CHC Pipalkheda,24.109009,77.610651,Community Health Center,2,Madhya Pradesh,Vidisha,0
SPEC_167907,TITILAGARH,20.29089,83.14881,Sub-District Hospital,3,Odisha,Balangir,0
SPEC_167913,CHC Tendukheda,23.396198,79.538559,Community Health Center,2,Madhya Pradesh,Damoh,0
SPEC_167941,New CHC Jhinjhana,29.526435,77.226711,Community Health Center,2,Uttar Pradesh,Shamli,0
SPEC_167955,CHC Nadigaon,26.10863,79.02198,Community Health Center,2,Uttar Pradesh,Jalaun,0
SPEC_167982,R H Jalkot,18.629167,77.181111,Community Health Center,2,Maharashtra,Latur,0
SPEC_168017,Mahansar,28.199694,75.043316,Community Health Center,2,Rajasthan,Jhunjhunun,0
SPEC_168024,Maynaguri RH,26.57026,88.82845,Community Health Center,2,West Bengal,Jalpaiguri,0
SPEC_168030,Ariyur,11.87233,79.166543,Community Health Center,2,Tamil Nadu,Viluppuram,0
SPEC_168063,Bodigama,23.47976,74.267817,Community Health Center,2,Rajasthan,Banswara,0
SPEC_168104,Kasli,27.547386,75.055274,Community Health Center,2,Rajasthan,Sikar,0
SPEC_168105,RH Arni,20.063671,77.949371,Community Health Center,2,Maharashtra,Yavatmal,0
SPEC_168109,Malakhera,27.38139,76.622917,Community Health Center,2,Rajasthan,Alwar,0
SPEC_168122,Ghatol,23.759727,74.41299,Community Health Center,2,Rajasthan,Banswara,0
SPEC_168123,KARANJIA,21.763876,85.971245,Sub-District Hospital,3,Odisha,Mayurbhanj,0
SPEC_168124,Chunar,25.134578,82.891143,Community Health Center,2,Uttar Pradesh,Mirzapur,0
SPEC_168142,BHARAMANNANAYAKANADURGA,14.1812,76.1316,Community Health Center,2,Karnataka,Chitradurga,0
SPEC_168203,KAPU,22.669585,83.337242,Community Health Center,2,Chhattisgarh,Raigarh,0
SPEC_168205,RH Mandanagad,17.990918,73.259786,Community Health Center,2,Maharashtra,Ratnagiri,0
SPEC_168235,Risia,27.08,78.15,Community Health Center,2,Uttar Pradesh,Bahraich,0
SPEC_168240,CHC Fingeshwar,20.968774,82.032025,Community Health Center,2,Chhattisgarh,GARIYABANDH,0
SPEC_168288,Kakching CHC,24.49938,93.967671,Community Health Center,2,Manipur,THOUBAL,0
SPEC_168296,BARPETA ROAD CHC,26.4909,90.968567,Community Health Center,2,Assam,Barpeta,0
SPEC_168318,CHC Amla,21.923385,78.124665,Community Health Center,2,Madhya Pradesh,Betul,0
SPEC_168366,Chauri Choura,26.650463,83.584551,Community Health Center,2,Uttar Pradesh,Gorakhpur,0
SPEC_168500,Chinsurah Mogra RH,22.991517,88.369183,Community Health Center,2,West Bengal,Hooghly,0
SPEC_168502,District Male Hospital Balrampur,27.431483,82.185499,District Hospital,8,Uttar Pradesh,Balrampur,0
SPEC_168570,Baraghasipur BPHC,22.077353,88.139032,Community Health Center,2,West Bengal,Purba Medinipur,0
SPEC_168596,Jolana,23.497642,74.188582,Community Health Center,2,Rajasthan,Banswara,0
SPEC_168630,LDBH KASHIPUR,29.218902,78.963507,Sub-District Hospital,3,Uttarakhand,Udham Singh Nagar,0
SPEC_168731,KHUNTA,21.70396,86.67797,Community Health Center,2,Odisha,Mayurbhanj,0
SPEC_168869,Salawas,27.53812,72.81079,Community Health Center,2,Rajasthan,Jodhpur,0
SPEC_168896,Ahamedpur RH,23.097033,88.452717,Community Health Center,2,West Bengal,Hooghly,0
SPEC_168915,KEELAIRALI,9.099214,78.010314,Community Health Center,2,Tamil Nadu,Thoothukkudi,0
SPEC_168921,CHC VIKRAMPUR,23.063153,80.901416,Community Health Center,2,Madhya Pradesh,Dindori,0
SPEC_168923,CHC Khumbhraj,24.365199,77.093041,Community Health Center,2,Madhya Pradesh,Guna,0
SPEC_168940,Bonli,26.01876,76.37629,Community Health Center,2,Rajasthan,Sawai Madhopur,0
SPEC_168953,Bekariya,24.87434,73.46011,Community Health Center,2,Rajasthan,Udaipur,0
SPEC_169037,CHC SILLI,23.344223,85.832915,Community Health Center,2,Jharkhand,RANCHI,0
SPEC_169106,Birpara SGH,26.714738,89.144007,Sub-District Hospital,3,West Bengal,Alipurduar*,0
SPEC_169151,RAICHUR DISTRICT HOSPITAL,16.2225,77.3572,District Hospital,8,Karnataka,Raichur,0
SPEC_169173,Girishganj MG Model Hospital,24.880817,92.309383,Community Health Center,2,Assam,Karimganj,0
SPEC_169177,Indi taluka hospital,17.1709,75.9563,Sub-District Hospital,3,Karnataka,Bijapur,0
SPEC_169203,Mudkhed,19.144721,77.499018,Community Health Center,2,Maharashtra,Nanded,0
SPEC_169242,Dufferin DISTRIC WOMEN HOSPITAL,26.282368,80.21098,District Hospital,8,Uttar Pradesh,Kanpur Nagar,0
SPEC_169256,CHC bilsanda,28.24687,79.935813,Community Health Center,2,Uttar Pradesh,Pilibhit,0
SPEC_169335,CHC Sherpur,30.440438,75.709256,Community Health Center,2,Punjab,Sangrur,0
SPEC_169381,CHC Kaderchowk,27.87146,79.08305,Community Health Center,2,Uttar Pradesh,Budaun,0
SPEC_169469,CHC Ron,26.266067,78.4567,Community Health Center,2,Madhya Pradesh,Bhind,0
SPEC_169478,CHATABAR,21.35451,84.68742,Community Health Center,2,Odisha,Debagarh,0
SPEC_169501,Nandagad,15.5848,74.5725,Community Health Center,2,Karnataka,Belgaum,0
SPEC_169521,CHC Munsyari,30.04017,80.14399,Community Health Center,2,Uttarakhand,Pithoragarh,0
SPEC_169728,SDH Darwha,20.347202,77.766724,Sub-District Hospital,3,Maharashtra,Yavatmal,0
SPEC_169764,NAUGAON,20.1034,86.18935,Community Health Center,2,Odisha,Jagatsinghapur,0
SPEC_169833,RH Vita,17.275173,74.535713,Community Health Center,2,Maharashtra,Sangli,0
SPEC_169886,RH Natepute,17.8986,74.7542,Community Health Center,2,Maharashtra,Solapur,0
SPEC_169911,"Community Health Center, Alampur",15.884349,78.119382,Community Health Center,2,Telangana,Mahbubnagar District,0
SPEC_169994,M N KOTE,13.3816,76.849,Community Health Center,2,Karnataka,Tumkur,0
SPEC_170004,Katchakatti,10.0886,77.9959,Community Health Center,2,Tamil Nadu,Madurai,0
SPEC_170005,CHC Muftiganj,25.7134,82.812912,Community Health Center,2,Uttar Pradesh,Jaunpur,0
SPEC_170011,Adalaj,23.163753,72.582099,Community Health Center,2,Gujarat,GANDHINAGAR,0
SPEC_170021,Thiruppukuzhi,12.8767,79.6154,Community Health Center,2,Tamil Nadu,Kancheepuram,0
SPEC_170047,SDH Dalsingsarai,25.670275,85.832586,Sub-District Hospital,3,Bihar,Samastipur,0
SPEC_170070,NOTIONAL Bhadesar,24.672336,74.501536,Community Health Center,2,Rajasthan,Chittaurgarh,0
SPEC_170087,Mandawa,28.050017,75.148701,Community Health Center,2,Rajasthan,Jhunjhunun,0
SPEC_170108,RIMS Medical College Hospital,19.662149,78.526523,Medical Colleges Hospital,20,Telangana,Adilabad District,0
SPEC_170178,Pennadam,11.3998,79.2317,Community Health Center,2,Tamil Nadu,Cuddalore,0
SPEC_170185,CHC Khadiyahar,26.54,78.21,Community Health Center,2,Madhya Pradesh,Morena,0
SPEC_170229,V. S. General Hospital Thane,19.198859,72.979395,District Hospital,8,Maharashtra,Thane,0
SPEC_170234,CHC Barhi,23.902703,80.812021,Community Health Center,2,Madhya Pradesh,Katni,0
SPEC_170272,THEMERA,21.48109,84.03731,Community Health Center,2,Odisha,Sambalpur,0
SPEC_170385,District Combined Hospital Siddarthnagar,27.273965,83.069461,District Hospital,8,Uttar Pradesh,Siddharthnagar,0
SPEC_170476,SRINIVASAPURA TH,13.3394,78.2127,Sub-District Hospital,3,Karnataka,Kolar,0
SPEC_170537,Maho,27.563486,78.215118,Community Health Center,2,Uttar Pradesh,Mahamaya Nagar,0
SPEC_170553,"Rural Hospital, Pishor",20.294502,75.335642,Community Health Center,2,Maharashtra,Aurangabad,0
SPEC_170590,Virav Kot,25.416886,83.752201,Community Health Center,2,Uttar Pradesh,Varanasi,0
SPEC_170615,M.G.G.Hospital Navasari,20.949255,72.917913,District Hospital,8,Gujarat,NAVSARI,0
SPEC_170632,CHC PERNEM,15.690465,73.792968,Community Health Center,2,Goa,NORTH GOA,0
SPEC_170686,Alod,25.545254,75.588071,Community Health Center,2,Rajasthan,Bundi,0
SPEC_170693,District Hospital Ratlam,23.330418,75.044309,District Hospital,8,Madhya Pradesh,Ratlam,0
SPEC_170755,Sangrah CHC,30.696457,77.419186,Community Health Center,2,Himachal Pradesh,Sirmaur,0
SPEC_170773,Halebeedu CHC,13.215,75.9929,Community Health Center,2,Karnataka,Hassan,0
SPEC_170780,Sub-District Hospital Kaij,18.713725,76.069731,Sub-District Hospital,3,Maharashtra,Beed,0
SPEC_170855,Kumaratchi,11.3065,79.627,Community Health Center,2,Tamil Nadu,Cuddalore,0
SPEC_170867,RAMGARH SADAR HOSPITAL,23.605062,85.588185,District Hospital,8,Jharkhand,RAMGARH,0
SPEC_170869,Base Hospital Haldwani,29.21613,79.52915,Sub-District Hospital,3,Uttarakhand,Nainital,0
SPEC_170916,Polibetta CHC,12.2411,75.9201,Community Health Center,2,Karnataka,Kodagu,0
SPEC_170926,Gandai,21.635211,81.082707,Community Health Center,2,Chhattisgarh,Rajnandgaon,0
SPEC_170951,T.B. Hospital Saharanpur,29.954953,77.563047,District Hospital,8,Uttar Pradesh,Saharanpur,0
SPEC_170956,Harmadih RH,23.607217,86.800217,Community Health Center,2,West Bengal,Purulia,0
SPEC_171022,ESI Hospital Rohini,28.726496,77.126769,District Hospital,8,Delhi,North West,0
SPEC_171024,Jakhalabandha FRU,26.5876,92.974817,Community Health Center,2,Assam,Nagaon,0
SPEC_171046,CHC Doraha,23.397999,77.160738,Community Health Center,2,Madhya Pradesh,Sehore,0
SPEC_171079,District Female  Hospital,25.439261,81.826665,District Hospital,8,Uttar Pradesh,Allahabad,0
SPEC_171082,CHC RANKA,23.98853,83.787216,Community Health Center,2,Jharkhand,GARHWA,0
SPEC_171107,CHC Pachmarhi,22.476277,78.427228,Community Health Center,2,Madhya Pradesh,Hoshangabad,0
SPEC_171113,DH Chandrapur,19.96819,79.30206,District Hospital,8,Maharashtra,Chandrapur,0
SPEC_171156,Sikarpur,28.279791,78.005348,Community Health Center,2,Uttar Pradesh,Bulandshahar,0
SPEC_171223,CHC Bagod,22.161575,75.915304,Community Health Center,2,Madhya Pradesh,West Nimar (Khargone),0
SPEC_171260,Menar,24.5996,74.1064,Community Health Center,2,Rajasthan,Udaipur,0
SPEC_171274,Baswa,27.141904,76.589277,Community Health Center,2,Rajasthan,Dausa,0
SPEC_171330,R H Parner,19.158656,74.408875,Community Health Center,2,Maharashtra,Ahmadnagar,0
SPEC_171334,"District Hospital, Khammam",17.249369,80.152082,District Hospital,8,Telangana,Khammam District,0
SPEC_171363,Saligrama CHC,12.5627,76.2629,Community Health Center,2,Karnataka,Mysore,0
SPEC_171382,JEMADEIPENTHO,19.03316,83.4322,Community Health Center,2,Odisha,Rayagada,0
SPEC_171385,"Community Health Centre, Wardhannapet",17.7742,79.57731,Community Health Center,2,Telangana,Warangal District,0
SPEC_171393,KOSALA,21.01637,84.92992,Community Health Center,2,Odisha,Anugul,0
SPEC_171395,JUJUMARA,21.23776,84.13375,Community Health Center,2,Odisha,Sambalpur,0
SPEC_171421,NOTIONAL Detani,25.816668,70.767397,Community Health Center,2,Rajasthan,Barmer,0
SPEC_171428,SIRUVAVIDUTHI,10.3568,79.1763,Community Health Center,2,Tamil Nadu,Thanjavur,0
SPEC_171438,CHC Udaigarh,22.509701,74.719075,Community Health Center,2,Madhya Pradesh,Alirajpur,0
SPEC_171440,Jonai CHC,27.837983,95.211283,Community Health Center,2,Assam,Dhemaji,0
SPEC_171456,District Women Hospital Rampur,28.806832,79.014619,District Hospital,8,Uttar Pradesh,Rampur,0
SPEC_171486,Health Unit Paithan,19.284368,75.22588,Community Health Center,2,Maharashtra,Aurangabad,0
SPEC_171524,SDH Muktainagar,21.042567,76.060948,Sub-District Hospital,3,Maharashtra,Jalgaon,0
SPEC_171590,KHARKODA,28.83,77.74,Community Health Center,2,Uttar Pradesh,Meerut,0
SPEC_171607,GURUNDIA,21.84756,84.77959,Community Health Center,2,Odisha,Sundargarh,0
SPEC_171626,Odaipatti,9.8311,77.4457,Community Health Center,2,Tamil Nadu,Theni,0
SPEC_171637,Katra Bazar,27.206462,81.793935,Community Health Center,2,Uttar Pradesh,Gonda,0
SPEC_171674,NOTIONAL Andhi,27.056258,76.158085,Community Health Center,2,Rajasthan,Jaipur,0
SPEC_171680,Hebbal CHC,17.3785,77.0499,Community Health Center,2,Karnataka,Gulbarga,0
SPEC_171759,District Woman Hospital,27.188885,78.003423,District Hospital,8,Uttar Pradesh,Agra,0
SPEC_171764,CHC Pansemal,21.660572,74.698392,Community Health Center,2,Madhya Pradesh,Barwani,0
SPEC_171803,Sadar Hospital M.J.K Bettiah Paschim Champaran,26.801028,84.521949,District Hospital,8,Bihar,Pashchim Champaran,0
SPEC_171835,Pingla RH,22.286435,87.582646,Community Health Center,2,West Bengal,Paschim Medinipur,0
SPEC_171838,CHC Goniana,30.317699,74.917982,Community Health Center,2,Punjab,Bathinda,0
SPEC_171858,SDH Shegaon,20.793699,76.695267,Sub-District Hospital,3,Maharashtra,Buldana,0
SPEC_171864,GH Amalapuram,16.58698,82.00819,Sub-District Hospital,3,Andhra Pradesh,East Godavari District,0
SPEC_171882,Kiphire DH,26.125,94.019444,District Hospital,8,Nagaland,Kiphire,0
SPEC_171917,MAHARAJA BALAVANT SINGH COMBINED DISTRIC HOSPITAL,25.395727,82.564755,Sub-District Hospital,3,Uttar Pradesh,Sant Ravidas Nagar (Bhadohi),0
SPEC_171921,Sahawa,28.87,74.85,Community Health Center,2,Rajasthan,Churu,0
SPEC_171932,Chhala,23.307503,72.776135,Community Health Center,2,Gujarat,GANDHINAGAR,0
SPEC_172009,RH Pal,21.36417,75.900722,Community Health Center,2,Maharashtra,Jalgaon,0
SPEC_172108,Goreswar CHC,26.534983,91.7293,Community Health Center,2,Assam,Baksa,0
SPEC_172127,Jiaganj Rural Hospital,24.242222,88.273889,Community Health Center,2,West Bengal,Murshidabad,0
SPEC_172197,CHC Kalaktang,27.06482,92.0711,Community Health Center,2,Arunachal Pradesh,WEST KAMENG DISTRICT,0
SPEC_172260,CHC GOURELLA,22.748977,81.90988,Community Health Center,2,Chhattisgarh,Bilaspur,0
SPEC_172308,Barkhera,28.450516,79.807175,Community Health Center,2,Uttar Pradesh,Pilibhit,0
SPEC_172340,CHC Sukma,18.392969,81.657439,Community Health Center,2,Chhattisgarh,SUKMA,0
SPEC_172366,Danta,27.291039,75.204147,Community Health Center,2,Rajasthan,Sikar,0
SPEC_172369,CHC Sadiq,30.709979,74.581843,Community Health Center,2,Punjab,Faridkot,0
SPEC_172407,Rajgarh,27.2376,76.623942,Community Health Center,2,Rajasthan,Alwar,0
SPEC_172478,DH Bhind,26.54495,78.73325,District Hospital,8,Madhya Pradesh,Bhind,0
SPEC_172508,CH Dabra,25.890746,78.332451,Sub-District Hospital,3,Madhya Pradesh,Gwalior,0
SPEC_172518,SDH Udgir,18.394288,77.112601,Sub-District Hospital,3,Maharashtra,Latur,0
SPEC_172670,CHC Talera,25.314677,75.498421,Community Health Center,2,Rajasthan,Bundi,0
SPEC_172685,Mao CHC,25.51365,94.136731,Community Health Center,2,Manipur,SENAPATI,0
SPEC_172792,CHC Prabhat Pattan,21.648331,78.268039,Community Health Center,2,Madhya Pradesh,Betul,0
SPEC_172796,CHC Chhindgarh,18.526456,81.749855,Community Health Center,2,Chhattisgarh,SUKMA,0
SPEC_172809,CHC Gharyala,31.221831,74.735288,Community Health Center,2,Punjab,Tarn Taran,0
SPEC_172843,CHC Chhuikhadan,21.522372,80.995733,Community Health Center,2,Chhattisgarh,Rajnandgaon,0
SPEC_172868,CHC Mariyahu,25.60872,82.60683,Community Health Center,2,Uttar Pradesh,Jaunpur,0
SPEC_172898,Kanuta,27.468069,74.141922,Community Health Center,2,Rajasthan,Churu,0
SPEC_172993,Belpahari RH,22.636632,86.762386,Community Health Center,2,West Bengal,Paschim Medinipur,0
SPEC_172994,Kankipadu,16.45,80.78,Community Health Center,2,Andhra Pradesh,Krishna District,0
SPEC_173023,Raimoha,19.07517,75.431559,Community Health Center,2,Maharashtra,Beed,0
SPEC_173141,CHC Dharchula,30.14209,80.52815,Community Health Center,2,Uttarakhand,Pithoragarh,0
SPEC_173154,SANDUR TH,15.0857,76.5447,Sub-District Hospital,3,Karnataka,Bellary,0
SPEC_173168,Handecha,24.815016,71.659919,Community Health Center,2,Rajasthan,Jalor,0
SPEC_173210,Chc Pharenda,27.123783,83.288183,Community Health Center,2,Uttar Pradesh,Mahrajganj,0
SPEC_173256,Chapra RH,23.51765,88.545833,Community Health Center,2,West Bengal,Nadia,0
SPEC_173265,Bangitola RH,24.974587,88.005126,Community Health Center,2,West Bengal,Maldah,0
SPEC_173316,TANGI,19.923377,85.395629,Community Health Center,2,Odisha,Khordha,0
SPEC_173362,Roopwas,26.99358,77.592702,Community Health Center,2,Rajasthan,Bharatpur,0
SPEC_173370,CHC LAILUNGA,22.399505,83.563632,Community Health Center,2,Chhattisgarh,Raigarh,0
SPEC_173403,DH BURHANPUR,21.308664,76.229119,District Hospital,8,Madhya Pradesh,Burhanpur,0
SPEC_173442,Mahwa,26.87717,76.324226,Community Health Center,2,Rajasthan,Dausa,0
SPEC_173457,CHIKKABALLAPUR PRIVATE UNIT,13.4379,77.7288,Sub-District Hospital,3,Karnataka,Chikkaballapura,0
SPEC_173476,District Women Hospital Mahamaya Nagar,27.599533,78.049808,District Hospital,8,Uttar Pradesh,Mahamaya Nagar,0
SPEC_173483,Ramgarh,29.185269,74.980745,Community Health Center,2,Rajasthan,Hanumangarh,0
SPEC_173486,Sadulsahar,29.909579,74.173906,Community Health Center,2,Rajasthan,Ganganagar,0
SPEC_173527,Dolua Rural Hospital,26.21572,88.18429,Community Health Center,2,West Bengal,Uttar Dinajpur,0
SPEC_173598,Bargur,12.5443,78.3573,Community Health Center,2,Tamil Nadu,Krishnagiri,0
SPEC_173698,Joypur BPHC,22.581979,87.927646,Community Health Center,2,West Bengal,Howrah,0
SPEC_173700,Sikandarpur,26.043252,84.049168,Community Health Center,2,Uttar Pradesh,Ballia,0
SPEC_173717,Harishchandrapur RH,25.24574,87.53216,Community Health Center,2,West Bengal,Maldah,0
SPEC_173728,Pala CHC,14.7968,75.0429,Community Health Center,2,Karnataka,Uttara Kannada,0
SPEC_173815,R H Samsherpur,19.644958,73.9688,Community Health Center,2,Maharashtra,Ahmadnagar,0
SPEC_173828,CHC Chanarthal Kalan,30.516216,76.342548,Community Health Center,2,Punjab,Fatehgarh Sahib,0
SPEC_173924,RH Etapalli,19.599951,80.22809,Community Health Center,2,Maharashtra,Gadchiroli,0
SPEC_173947,Komaralingam,10.488,77.3494,Community Health Center,2,Tamil Nadu,Tiruppur,0
SPEC_173949,R.H. Ghodegaon,19.35003,74.879752,Community Health Center,2,Maharashtra,Ahmadnagar,0
SPEC_174007,CHC MANDAR,23.463304,85.089752,Community Health Center,2,Jharkhand,RANCHI,0
SPEC_174015,Jhalda BPHC,23.3657,85.960883,Community Health Center,2,West Bengal,Purulia,0
SPEC_174029,Sohra CHC,25.36,91.72,Community Health Center,2,Meghalaya,East Khasi Hills,0
SPEC_174043,District Women Hospital Mahura,27.49528,77.68289,District Hospital,8,Uttar Pradesh,Mathura,0
SPEC_174134,CHC Palari,21.535098,82.165345,Community Health Center,2,Chhattisgarh,BALODA BAJAR,0
SPEC_174216,CHC BAHARAGORA,22.27,86.72,Community Health Center,2,Jharkhand,PURBI SINGHBHUM,0
SPEC_174238,Gazole RH,25.132343,88.12343,Community Health Center,2,West Bengal,Maldah,0
SPEC_174301,Tadawalaga CHC,17.0814,75.9208,Community Health Center,2,Karnataka,Bijapur,0
SPEC_174323,Pannadhay Hospital Udaipur,24.586009,73.684096,Medical Colleges Hospital,20,Rajasthan,Udaipur,0
SPEC_174412,KUNCHAVARAM,17.4847,77.6286,Community Health Center,2,Karnataka,Gulbarga,0
SPEC_174440,Dhanaura,28.64122,78.28164,Community Health Center,2,Uttar Pradesh,Jyotiba Phule Nagar,0
SPEC_174469,Ajeetgarh,27.42748,75.87264,Sub-District Hospital,3,Rajasthan,Sikar,0
SPEC_174553,CHC Jahanabad,26.101798,80.365742,Community Health Center,2,Uttar Pradesh,Fatehpur,0
SPEC_174569,RH ANSING,20.043509,77.315212,Community Health Center,2,Maharashtra,Washim *,0
SPEC_174643,SDH Taloda,21.56,74.21,Sub-District Hospital,3,Maharashtra,Nandurbar,0
SPEC_174655,PPC KHURJA,28.247538,77.853733,Sub-District Hospital,3,Uttar Pradesh,Bulandshahar,0
SPEC_174737,Jeelo,27.843806,75.912935,Community Health Center,2,Rajasthan,Sikar,0
SPEC_174793,Rambi BPHC,27.062367,88.435467,Community Health Center,2,West Bengal,Darjiling,0
SPEC_174795,CHC Charkhari,25.404889,79.532293,Community Health Center,2,Uttar Pradesh,Mahoba,0
SPEC_174813,Nadbai,27.214402,77.203149,Community Health Center,2,Rajasthan,Bharatpur,0
SPEC_174827,Kamalabari CHC,26.9545,94.1695,Community Health Center,2,Assam,Jorhat,0
SPEC_174889,SDH Kamathe,17.474917,73.514129,Sub-District Hospital,3,Maharashtra,Ratnagiri,0
SPEC_174908,CHC MAUGANJ,24.669672,81.881023,Community Health Center,2,Madhya Pradesh,Rewa,0
SPEC_174954,(FRU) MANVI TALUKA HOSPITAL,16.0059,77.0341,Sub-District Hospital,3,Karnataka,Raichur,0
SPEC_174987,Memari RH,23.176167,88.101817,Community Health Center,2,West Bengal,Bardhaman,0
SPEC_175032,SDH Beri,28.7,76.58,Sub-District Hospital,3,Haryana,Jhajjar,0
SPEC_175082,Mograhat Rural Hospital,22.24025,88.3683,Community Health Center,2,West Bengal,South 24 Parganas,0
SPEC_175150,CHC Kandhla,29.32443,77.26417,Community Health Center,2,Uttar Pradesh,Shamli,0
SPEC_175195,Kanod,24.4373,74.2647,Community Health Center,2,Rajasthan,Udaipur,0
SPEC_175197,Main Centre (Baldev CHC),27.42,77.79,Community Health Center,2,Uttar Pradesh,Mathura,0
SPEC_175241,LAR,26.19862,83.964262,Community Health Center,2,Uttar Pradesh,Deoria,0
SPEC_175280,Dungla,24.505225,74.332353,Community Health Center,2,Rajasthan,Chittaurgarh,0
SPEC_175282,CHC Raipur,30.183987,78.060875,Community Health Center,2,Uttarakhand,Dehradun,0
SPEC_175291,Valavanthinadu,11.277055,78.355777,Community Health Center,2,Tamil Nadu,Namakkal,0
SPEC_175305,CHC HUSAINABAD,24.530747,84.001718,Community Health Center,2,Jharkhand,PALAMU,0
SPEC_175314,Williamnagar Civil Hospital,25.513792,90.604916,District Hospital,8,Meghalaya,East Garo Hills,0
SPEC_175323,R H Loha,18.946861,77.115934,Community Health Center,2,Maharashtra,Nanded,0
SPEC_175331,Charthawal,29.546628,77.58605,Community Health Center,2,Uttar Pradesh,Muzaffarnagar,0
SPEC_175369,Milky BPHC,25.034968,87.991257,Community Health Center,2,West Bengal,Maldah,0
SPEC_175382,CHC Majholi,23.501598,79.934926,Community Health Center,2,Madhya Pradesh,Jabalpur,0
SPEC_175457,SADAR HOSPITAL ARWAL,25.24,84.66,District Hospital,8,Bihar,ARWAL *,0
SPEC_175507,MAHATMA JYOTIBA PHULE DISTRICT HOSPITAL,26.446271,82.561034,District Hospital,8,Uttar Pradesh,Ambedkar Nagar,0
SPEC_175564,"Community Health Center, Achampet",16.398956,78.637011,Community Health Center,2,Telangana,Mahbubnagar District,0
SPEC_175626,CHC POORA BAZAR,26.70212,82.267003,Community Health Center,2,Uttar Pradesh,Faizabad,0
SPEC_175658,FRU MUDAGAL,16.0145,76.4462,Community Health Center,2,Karnataka,Raichur,0
SPEC_175662,RAJKANIKA,20.73852,86.69878,Community Health Center,2,Odisha,Kendrapara,0
SPEC_175705,SDH Sardulgarh,29.691028,75.238072,Sub-District Hospital,3,Punjab,Mansa,0
SPEC_175722,BANSUDIHA,26.475605,83.465001,Community Health Center,2,Uttar Pradesh,Gorakhpur,0
SPEC_175728,Sarsuna BPHC,22.478217,88.29125,Community Health Center,2,West Bengal,South 24 Parganas,0
SPEC_175736,CHC HIRISAVE,12.9513,76.5747,Community Health Center,2,Karnataka,Hassan,0
SPEC_175890,SDH Sunam,30.137945,75.803767,Sub-District Hospital,3,Punjab,Sangrur,0
SPEC_175901,District Hospital Valsad,20.594801,72.924558,District Hospital,8,Gujarat,VALSAD,0
SPEC_175906,CHC Sujanganj,25.769432,82.290057,Community Health Center,2,Uttar Pradesh,Jaunpur,0
SPEC_175930,District Male Hospital Saharanpur,29.954604,77.559862,District Hospital,8,Uttar Pradesh,Saharanpur,0
SPEC_176010,Valod - T,21.046891,73.26882,Community Health Center,2,Gujarat,TAPI,0
SPEC_176036,"Area Hospital, Bhainsa",19.105555,77.963859,Sub-District Hospital,3,Telangana,Adilabad District,0
SPEC_176113,CHC Sargaon,21.897316,81.973781,Community Health Center,2,Chhattisgarh,MUNGELI,0
SPEC_176114,Gudamalani,25.193969,71.716475,Community Health Center,2,Rajasthan,Barmer,0
SPEC_176155,CHC Jawa,24.963897,81.490368,Community Health Center,2,Madhya Pradesh,Rewa,0
SPEC_176215,CHC Karchana,25.286055,81.936413,Community Health Center,2,Uttar Pradesh,Allahabad,0
SPEC_176222,RH Mangalwedhe,17.511,75.452,Community Health Center,2,Maharashtra,Solapur,0
SPEC_176223,Ranikor CHC,25.222298,91.247387,Community Health Center,2,Meghalaya,South West Khasi Hills,0
SPEC_176232,Nongkhlaw CHC,25.687069,91.637032,Community Health Center,2,Meghalaya,West Khasi Hills,0
SPEC_176269,Jowai Civil Hospital,25.467949,92.260944,District Hospital,8,Meghalaya,West Jaintia Hills,0
SPEC_176457,NOTIONAL Sindhari,25.56333,71.92028,Community Health Center,2,Rajasthan,Barmer,0
SPEC_176499,SDH TALCHER,20.94489,85.24064,Sub-District Hospital,3,Odisha,Anugul,0
SPEC_176526,CHC Deobhog,19.900052,82.65387,Community Health Center,2,Chhattisgarh,GARIYABANDH,0
SPEC_176547,CHC Udaipura,23.077404,78.512129,Community Health Center,2,Madhya Pradesh,Raisen,0
SPEC_176557,Tura Christian Hospital(Pvt. Hospital),25.518349,90.218698,Civil Hospital/General Hospital,5,Meghalaya,West Garo Hills,0
SPEC_176560,CHC Jaisinghnager,23.6856,81.390804,Community Health Center,2,Madhya Pradesh,Shahdol,0
SPEC_176572,P.Puliampatti,11.356,77.117546,Community Health Center,2,Tamil Nadu,Erode,0
SPEC_176683,Shahjapur,27.560932,76.625017,Community Health Center,2,Rajasthan,Alwar,0
SPEC_176716,Vembakkam,12.7874,79.586799,Sub-District Hospital,3,Tamil Nadu,Tiruvannamalai,0
SPEC_176789,CHC CHAUPARAN,24.376112,85.259311,Community Health Center,2,Jharkhand,HAZARIBAGH,0
SPEC_176810,Tilauli(Mithwal),27.110856,82.886702,Community Health Center,2,Uttar Pradesh,Siddharthnagar,0
SPEC_176811,SDH Chopda,21.248742,75.296516,Sub-District Hospital,3,Maharashtra,Jalgaon,0
SPEC_176911,Alindra,22.699813,72.970796,Community Health Center,2,Gujarat,KHEDA,0
SPEC_176933,CHC Shamgarh,24.19,75.63,Community Health Center,2,Madhya Pradesh,Mandsaur,0
SPEC_176951,Sadar Hospital Ara,25.466,84.522,District Hospital,8,Bihar,Bhojpur,0
SPEC_177031,Thirupoondi,10.6264,79.8117,Community Health Center,2,Tamil Nadu,Nagapattinam,0
SPEC_177070,CHC GUMLA Sadar,23.035219,84.537663,Community Health Center,2,Jharkhand,GUMLA,0
SPEC_177111,CHC kheragarh,26.956255,77.823242,Community Health Center,2,Uttar Pradesh,Agra,0
SPEC_177115,Kallandiri,10.038104,78.20013,Community Health Center,2,Tamil Nadu,Madurai,0
SPEC_177135,Bimal Sinha Sub Divisional Hospital,24.19706,91.82855,Sub-District Hospital,3,Tripura,Dhalai District,0
SPEC_177147,CHC Karpa,22.991767,81.419657,Community Health Center,2,Madhya Pradesh,Anuppur,0
SPEC_177165,Natunbazar Rural Hospital,23.42968,91.75357,Community Health Center,2,Tripura,Gomati District,0
SPEC_177168,Nippani CHC,16.3895,74.3835,Community Health Center,2,Karnataka,Belgaum,0
SPEC_177169,CHC Pawai,24.264716,80.163672,Community Health Center,2,Madhya Pradesh,Panna,0
SPEC_177181,Jolaibari CHC,23.1355,91.36736,Community Health Center,2,Tripura,South District,0
SPEC_177234,Khaspur Rural Hospital,25.2902,88.7477,Community Health Center,2,West Bengal,Dakhshin Dinajpur,0
SPEC_177249,CHC CHHATARPUR,24.372492,84.192276,Community Health Center,2,Jharkhand,PALAMU,0
SPEC_177251,CHC Saikheda,22.962215,78.583118,Community Health Center,2,Madhya Pradesh,Narsinghpur,0
SPEC_177253,CHC Rupa,27.12476,92.24177,Community Health Center,2,Arunachal Pradesh,WEST KAMENG DISTRICT,0
SPEC_177297,Akkur,12.684128,79.632967,Community Health Center,2,Tamil Nadu,Tiruvannamalai,0
SPEC_177344,CHC Beltikiri,20.69492,85.69339,Community Health Center,2,Odisha,Dhenkanal,0
SPEC_177351,CHAMARAJNAGAR DISTRICT HOSPITAL FRU,11.9261,76.9437,District Hospital,8,Karnataka,Chamarajanagar,0
SPEC_177363,CHC BANDGAON,22.861698,85.329266,Community Health Center,2,Jharkhand,PASHCHIMI SINGHBHUM,0
SPEC_177423,Pisangan,26.390525,74.379274,Community Health Center,2,Rajasthan,Ajmer,0
SPEC_177463,Paikar BPHC,24.439454,87.915196,Community Health Center,2,West Bengal,Birbhum,0
SPEC_177488,CHC Longowal,30.193744,75.672506,Community Health Center,2,Punjab,Sangrur,0
SPEC_177497,Maharajganj,26.37924,81.275428,Community Health Center,2,Uttar Pradesh,Rae Bareli,0
SPEC_177514,Manoharpur,27.386229,75.9612,Community Health Center,2,Rajasthan,Jaipur,0
SPEC_177518,CHC NAGAM,33.923,74.788,Community Health Center,2,Jammu & Kashmir,Badgam,0
SPEC_177562,CHC Buxwaha,24.250437,79.286456,Community Health Center,2,Madhya Pradesh,Chhatarpur,0
SPEC_177624,R.H. Loni,19.584661,74.485602,Community Health Center,2,Maharashtra,Ahmadnagar,0
SPEC_177643,Vav,24.357356,71.511812,Community Health Center,2,Gujarat,BANASKANTHA,0
SPEC_177699,CHC Gharghoda,22.178262,83.346585,Community Health Center,2,Chhattisgarh,Raigarh,0
SPEC_177751,Piluda,24.553017,71.694331,Community Health Center,2,Gujarat,BANASKANTHA,0
SPEC_177808,Phalasiya,24.241034,73.343159,Community Health Center,2,Rajasthan,Udaipur,0
SPEC_177814,NOTIONAL Pookh,27.836968,75.614989,Community Health Center,2,Rajasthan,Jhunjhunun,0
SPEC_177896,Andiappanur,12.538237,78.700969,Community Health Center,2,Tamil Nadu,Vellore,0
SPEC_177904,Kokkarayanpettai,11.315,77.7934,Community Health Center,2,Tamil Nadu,Namakkal,0
SPEC_177909,Ngopa,23.881625,93.211641,Community Health Center,2,Mizoram,CHAMPHAI,0
SPEC_177915,Belsar,26.975435,81.910268,Community Health Center,2,Uttar Pradesh,Gonda,0
SPEC_177931,Tosina,27.234541,74.629143,Community Health Center,2,Rajasthan,Nagaur,0
SPEC_178005,Piplod - T,22.807047,73.911383,Community Health Center,2,Gujarat,DAHOD,0
SPEC_178019,Community Health Center Nadigudem,17.247587,79.471443,Community Health Center,2,Telangana,Nalgonda District,0
SPEC_178047,DH Kapurthala,31.375167,75.382526,District Hospital,8,Punjab,Kapurthala,0
SPEC_178084,Mokhada,19.933931,73.33851,Community Health Center,2,Maharashtra,Palghar,0
SPEC_178090,RH Madha,18.0301,75.516,Community Health Center,2,Maharashtra,Solapur,0
SPEC_178145,CHC MASAUDHA,26.732908,82.1401,Community Health Center,2,Uttar Pradesh,Faizabad,0
SPEC_178169,Kanakapura CHC,12.552838,77.419114,Community Health Center,2,Karnataka,Ramanagara,0
SPEC_178184,Bagalur,12.8342,77.8683,Community Health Center,2,Tamil Nadu,Krishnagiri,0
SPEC_178201,RGGWCH,11.93978,79.81055,District Hospital,8,Puducherry,Puducherry,0
SPEC_178245,CHC Hargaon-APHC Armi,27.720373,80.763259,Community Health Center,2,Uttar Pradesh,Sitapur,0
SPEC_178287,CHC Kalyanpura,22.859638,74.645899,Community Health Center,2,Madhya Pradesh,Jhabua,0
SPEC_178368,Maharana Bhopal Govt Hospital Udaipur,24.585445,73.712479,Medical Colleges Hospital,20,Rajasthan,Udaipur,0
SPEC_178394,CHC Laundi,25.140509,80.003183,Community Health Center,2,Madhya Pradesh,Chhatarpur,0
SPEC_178418,Rohat,25.95442,73.133324,Community Health Center,2,Rajasthan,Pali,0
SPEC_178452,SDH Khadur Sahib,31.42239,75.103758,Sub-District Hospital,3,Punjab,Tarn Taran,0
SPEC_178475,CHC BAGHMARA,23.79385,86.202649,Community Health Center,2,Jharkhand,DHANBAD,0
SPEC_178476,CHC Batiyagarh,24.108712,79.340923,Community Health Center,2,Madhya Pradesh,Damoh,0
SPEC_178560,Bhagawanpur RH,22.101817,87.7524,Community Health Center,2,West Bengal,Purba Medinipur,0
SPEC_178600,District Combind Hospital Kaushambi,25.5246,81.38025,District Hospital,8,Uttar Pradesh,Kaushambi,0
SPEC_178653,CHC Semariyawa,26.883385,82.912294,Community Health Center,2,Uttar Pradesh,Sant Kabir Nagar,0
SPEC_178691,MADIKERI DH,12.4187,75.7425,District Hospital,8,Karnataka,Kodagu,0
SPEC_178694,CHC MANT,27.66,77.633,Community Health Center,2,Uttar Pradesh,Mathura,0
SPEC_178714,Uppathur,9.25799,77.967031,Community Health Center,2,Tamil Nadu,Virudhunagar,0
SPEC_178720,Chilkigarh BPHC,22.450959,86.872609,Community Health Center,2,West Bengal,Paschim Medinipur,0
SPEC_178746,Burwan Rural Hospital,23.556096,87.568154,Community Health Center,2,West Bengal,Murshidabad,0
SPEC_178816,Yaragatti,15.9653,75.0236,Community Health Center,2,Karnataka,Belgaum,0
SPEC_178823,CHC Kusmi,23.988195,81.991659,Community Health Center,2,Madhya Pradesh,Sidhi,0
SPEC_178827,ANAVATTI CHC,14.5652,75.1508,Community Health Center,2,Karnataka,Shimoga,0
SPEC_178901,CHC BAKAWAND,19.271004,82.095944,Community Health Center,2,Chhattisgarh,Bastar,0
SPEC_178925,Karamadai,11.2391,76.9635,Community Health Center,2,Tamil Nadu,Coimbatore,0
SPEC_178979,NIRWANA,29.486323,73.764868,Community Health Center,2,Rajasthan,Ganganagar,0
SPEC_179038,Adrahati BPHC,23.29105,87.647267,Community Health Center,2,West Bengal,Bardhaman,0
SPEC_179060,KALLAMANAICKANPATTI,9.377447,77.710286,Sub-District Hospital,3,Tamil Nadu,Virudhunagar,0
SPEC_179071,Pedong BPHC,27.054438,88.542417,Community Health Center,2,West Bengal,Darjiling,0
SPEC_179075,Dandeli CHC,15.2527,74.6217,Community Health Center,2,Karnataka,Uttara Kannada,0
SPEC_179170,DH Gariaband,20.6339,82.0598,District Hospital,8,Chhattisgarh,GARIYABANDH,0
SPEC_179176,CHC Thandla,23.006067,74.576756,Community Health Center,2,Madhya Pradesh,Jhabua,0
SPEC_179183,DH Mansa,29.985477,75.402828,District Hospital,8,Punjab,Mansa,0
SPEC_179197,Gopiballavpur RH,22.199265,86.89886,Community Health Center,2,West Bengal,Paschim Medinipur,0
SPEC_179209,Nagrota Surian CHC,32.053318,76.082756,Community Health Center,2,Himachal Pradesh,Kangra,0
SPEC_179286,Dhari,21.329251,71.021869,Community Health Center,2,Gujarat,AMRELI,0
SPEC_179300,Palloor,11.732035,75.541988,Community Health Center,2,Puducherry,Mahe,0
SPEC_179301,R H Warwat Bakal,21.026588,76.7171,Community Health Center,2,Maharashtra,Buldana,0
SPEC_179302,Natchandupatti,10.32226,78.720851,Community Health Center,2,Tamil Nadu,Pudukkottai,0
SPEC_179308,Nellakottai,11.553328,76.418774,Community Health Center,2,Tamil Nadu,The Nilgiris,0
SPEC_179316,Rh Mantha,19.648165,76.38721,Community Health Center,2,Maharashtra,Jalna,0
SPEC_179343,CHC Jatara,25.003243,79.059224,Community Health Center,2,Madhya Pradesh,Tikamgarh,0
SPEC_179359,SADAR HOSPITAL,24.28,87.24,District Hospital,8,Jharkhand,DUMKA,0
SPEC_179361,RH Bhamragad,19.41285,80.590811,Community Health Center,2,Maharashtra,Gadchiroli,0
SPEC_179383,District Women Hospital Muzaffernagar,29.478053,77.69588,District Hospital,8,Uttar Pradesh,Muzaffarnagar,0
SPEC_179510,District Hospital Mahoba,25.29342,79.884633,District Hospital,8,Uttar Pradesh,Mahoba,0
SPEC_179537,CHC Mangrol,25.336243,76.511247,Community Health Center,2,Rajasthan,Baran,0
SPEC_179632,BUKURAMUNDA,21.03212,82.93497,Community Health Center,2,Odisha,Bargarh,0
SPEC_179679,CHC BANKAPURA,14.923,75.2584,Community Health Center,2,Karnataka,Haveri,0
SPEC_179681,Sainj CHC,31.769837,77.306629,Community Health Center,2,Himachal Pradesh,Kullu,0
SPEC_179682,CHC Mungaoli,24.41,78.09,Community Health Center,2,Madhya Pradesh,Ashoknagar,0
SPEC_179774,District Combind Hospital Maharajganj,27.14366,83.538817,District Hospital,8,Uttar Pradesh,Mahrajganj,0
SPEC_179801,Ridmalsar,29.564084,73.750728,Community Health Center,2,Rajasthan,Ganganagar,0
SPEC_179807,RH Gadchandur,19.7289,79.17323,Community Health Center,2,Maharashtra,Chandrapur,0
SPEC_179833,Bhatar RH,23.4013,87.936783,Community Health Center,2,West Bengal,Bardhaman,0
SPEC_179836,CHC Bakshi Ka Talab,27.004125,80.907314,Community Health Center,2,Uttar Pradesh,Lucknow,0
SPEC_179841,MugulkhodCHC,16.4353,74.9633,Community Health Center,2,Karnataka,Belgaum,0
SPEC_179848,CHC Dhamdha,21.46422,81.332158,Community Health Center,2,Chhattisgarh,Durg,0
SPEC_179919,CHC Katangi,21.770464,79.804459,Community Health Center,2,Madhya Pradesh,Balaghat,0
SPEC_179936,GGH Chitapura,17.1252,77.0837,Sub-District Hospital,3,Karnataka,Gulbarga,0
SPEC_179974,Teghari B.P.H.C.,24.45281,88.13089,Community Health Center,2,West Bengal,Murshidabad,0
SPEC_179978,CHC Jagat,27.96919,79.23674,Community Health Center,2,Uttar Pradesh,Budaun,0
SPEC_179990,Nerkuppai,10.222003,78.534851,Community Health Center,2,Tamil Nadu,Sivaganga,0
SPEC_180004,R.H. Sakur,19.338971,74.296557,Community Health Center,2,Maharashtra,Ahmadnagar,0
SPEC_180009,RH Karkamb,17.8576,75.3004,Community Health Center,2,Maharashtra,Solapur,0
SPEC_180045,Manorog Hospital,26.266328,73.028674,Medical Colleges Hospital,20,Rajasthan,Jodhpur,0
SPEC_180126,"Civil Hospital, Amreli",21.605464,71.220955,District Hospital,8,Gujarat,AMRELI,0
SPEC_180148,Chowla Hiriyuru CHC,13.6878,76.1946,Community Health Center,2,Karnataka,Chikmagalur,0
SPEC_180163,CHC Mursan,27.574827,78.051588,Community Health Center,2,Uttar Pradesh,Mahamaya Nagar,0
SPEC_180188,"Community Health Center, Shadnagar",17.0733,78.190642,Community Health Center,2,Telangana,Mahbubnagar District,0
SPEC_180222,Rajnagar RH,23.944033,87.324067,Community Health Center,2,West Bengal,Birbhum,0
SPEC_180229,Mecheri,11.834011,77.945136,Community Health Center,2,Tamil Nadu,Salem,0
SPEC_180239,Sathanur CHC,12.4478,77.3231,Community Health Center,2,Karnataka,Ramanagara,0
SPEC_180264,Kharar,30.752836,76.630608,Sub-District Hospital,3,Punjab,Sahibzada Ajit Singh Nagar,0
SPEC_180293,DH SEONI,22.095451,79.550438,District Hospital,8,Madhya Pradesh,Seoni,0
SPEC_180295,PAHASU,28.170272,78.061965,Community Health Center,2,Uttar Pradesh,Bulandshahar,0
SPEC_180297,CHC ICHAK,24.08881,85.430653,Community Health Center,2,Jharkhand,HAZARIBAGH,0
SPEC_180329,CHC Orchha,19.365531,81.179274,Community Health Center,2,Chhattisgarh,Narayanpur,0
SPEC_180368,Thandrampattu,12.162631,78.9429,Sub-District Hospital,3,Tamil Nadu,Tiruvannamalai,0
SPEC_180444,Area Hospital  Bhongir,17.512172,78.882646,Sub-District Hospital,3,Telangana,Nalgonda District,0
SPEC_180559,CHC Bhawal kheda,27.893722,79.985855,Community Health Center,2,Uttar Pradesh,Shahjahanpur,0
SPEC_180576,Ode,22.617381,73.114988,Community Health Center,2,Gujarat,ANAND,0
SPEC_180591,DH Sheopur,25.676066,76.711646,District Hospital,8,Madhya Pradesh,Sheopur,0
SPEC_180640,Kustour BPHC,23.405267,86.453317,Community Health Center,2,West Bengal,Purulia,0
SPEC_180716,Chaloon (Mathurapur) Block Primary Health Centre,25.442123,88.617512,Community Health Center,2,West Bengal,Dakhshin Dinajpur,0
SPEC_180717,CHC MAYA BAZAR,26.635312,82.340845,Community Health Center,2,Uttar Pradesh,Faizabad,0
SPEC_180743,LAIDA,21.72669,84.23518,Community Health Center,2,Odisha,Sambalpur,0
SPEC_180747,PANCHANAHALLI,13.5516,76.3287,Community Health Center,2,Karnataka,Chikmagalur,0
SPEC_180769,CHC TANTNAGAR,22.452488,85.944355,Community Health Center,2,Jharkhand,PASHCHIMI SINGHBHUM,0
SPEC_180827,Halol,22.5072,73.4718,Community Health Center,2,Gujarat,PANCHMAHALS,0
SPEC_180855,Bakani,24.2833,76.2333,Community Health Center,2,Rajasthan,Jhalawar,0
SPEC_180974,CHC Jhalmala,22.048505,80.998058,Community Health Center,2,Chhattisgarh,Kabeerdham,0
SPEC_180995,CHC MOTI DAMAN,20.408222,72.832278,Community Health Center,2,Daman & Diu,Daman,0
SPEC_181036,NMMC MCH Airoli,19.1588,72.9993,District Hospital,8,Maharashtra,Thane,0
SPEC_181081,Reckjoani BPHC,22.626233,88.47815,Community Health Center,2,West Bengal,North 24 Parganas,0
SPEC_181110,Vapi,20.387811,72.89035,Community Health Center,2,Gujarat,VALSAD,0
SPEC_181119,Pipalkhoont,23.796864,74.592424,Community Health Center,2,Rajasthan,Pratapgarh,0
SPEC_181153,Aizawl Civil Hospital,23.732274,92.716759,District Hospital,8,Mizoram,AIZAWL,0
SPEC_181164,Boxirhat BPHC,26.341633,89.76535,Community Health Center,2,West Bengal,Cooch Behar,0
SPEC_181167,NIMBARGA,17.3887,76.5846,Community Health Center,2,Karnataka,Gulbarga,0
SPEC_181191,PURUSOTTAMPUR,19.51993,84.88211,Community Health Center,2,Odisha,Ganjam,0
SPEC_181195,GH Kosli,28.39685,76.485226,Civil Hospital/General Hospital,5,Haryana,Rewari,0
SPEC_181198,R.K.Pet,13.162546,79.431676,Community Health Center,2,Tamil Nadu,Thiruvallur,0
SPEC_181223,District Male Hospital Ghazipur,25.345753,83.34536,District Hospital,8,Uttar Pradesh,Ghazipur,0
SPEC_181243,RH Velhe,18.1754,73.3817,Community Health Center,2,Maharashtra,Pune,0
SPEC_181262,Jambusar,22.052356,72.806991,Community Health Center,2,Gujarat,BHARUCH,0
SPEC_181263,DAVA,21.1031,82.70213,Community Health Center,2,Odisha,Bargarh,0
SPEC_181265,VEERAKERALAMPUDUR,8.938938,77.448964,Sub-District Hospital,3,Tamil Nadu,Tirunelveli,0
SPEC_181283,CH Sabalgarh,26.24,77.39,Sub-District Hospital,3,Madhya Pradesh,Morena,0
SPEC_181289,HUKKERI TH,16.2378,74.6018,Sub-District Hospital,3,Karnataka,Belgaum,0
SPEC_181319,BOLAGAD,20.173832,85.276957,Community Health Center,2,Odisha,Khordha,0
SPEC_181324,Pawata,27.589254,76.0769,Community Health Center,2,Rajasthan,Jaipur,0
SPEC_181340,RH Salekasa,21.30227,80.491688,Community Health Center,2,Maharashtra,Gondiya *,0
SPEC_181344,Salar BPHC,23.775722,88.110139,Community Health Center,2,West Bengal,Murshidabad,0
SPEC_181379,Indapur Sub District Hospital,18.113958,75.031364,Sub-District Hospital,3,Maharashtra,Pune,0
SPEC_181393,CHC CHAINPUR,24.011299,84.046466,Community Health Center,2,Jharkhand,PALAMU,0
SPEC_181414,Manikchak RH,25.079846,87.896646,Community Health Center,2,West Bengal,Maldah,0
SPEC_181448,CHC Gangoh,29.791488,77.263205,Community Health Center,2,Uttar Pradesh,Saharanpur,0
SPEC_181482,"RBM Hospital, Bharatpur",27.222206,77.506276,District Hospital,8,Rajasthan,Bharatpur,0
SPEC_181510,RH Kurduwadi,18.0963,75.4221,Community Health Center,2,Maharashtra,Solapur,0
SPEC_181523,Ujjini CHC,14.7178,76.2861,Community Health Center,2,Karnataka,Bellary,0
SPEC_181541,Sub-District Hospital Tumsar,21.38211,79.744712,Sub-District Hospital,3,Maharashtra,Bhandara,0
SPEC_181563,Chomehla,23.941703,75.598257,Community Health Center,2,Rajasthan,Jhalawar,0
SPEC_181604,KAPTIPADA,21.51731,86.52776,Community Health Center,2,Odisha,Mayurbhanj,0
SPEC_181610,Kanaklata Civil Hospital,26.6284,92.797017,District Hospital,8,Assam,Sonitpur,0
SPEC_181615,Baduria RH,22.7645,88.776583,Community Health Center,2,West Bengal,North 24 Parganas,0
SPEC_181665,CH Bhanpura,24.53,75.73,Civil Hospital/General Hospital,5,Madhya Pradesh,Mandsaur,0
SPEC_181702,CHC MARH,32.43,74.54,Community Health Center,2,Jammu & Kashmir,JAMMU,0
SPEC_181797,Sikhar,25.134055,82.815422,Community Health Center,2,Uttar Pradesh,Mirzapur,0
SPEC_181822,CHC MIRZAPUR,27.672525,79.546288,Community Health Center,2,Uttar Pradesh,Shahjahanpur,0
SPEC_181855,Kaladera,27.245985,75.646993,Community Health Center,2,Rajasthan,Jaipur,0
SPEC_181857,SADAR HOSPITAL GODDA,24.823966,87.214213,District Hospital,8,Jharkhand,GODDA,0
SPEC_181886,SIPAJHAR CHC,26.401,91.8953,Community Health Center,2,Assam,Darrang,0
SPEC_181945,Govt Medical College Kota,25.12424,75.829543,Medical Colleges Hospital,20,Rajasthan,Kota,0
SPEC_182010,CHC Saroya,31.179759,76.235113,Community Health Center,2,Punjab,Shahid Bhagat Singh Nagar (Nawanshahr),0
SPEC_182016,CHC Para,22.644056,74.65858,Community Health Center,2,Madhya Pradesh,Jhabua,0
SPEC_182078,Sambhar,26.909864,75.18664,Community Health Center,2,Rajasthan,Jaipur,0
SPEC_182321,Chandbali CHC,20.77346,86.7412,Community Health Center,2,Odisha,Bhadrak,0
SPEC_182419,CH Teonthar,24.980743,81.644605,Sub-District Hospital,3,Madhya Pradesh,Rewa,0
SPEC_182427,DH Gwalior,26.22364,78.222892,District Hospital,8,Madhya Pradesh,Gwalior,0
SPEC_182560,Dechu,26.775652,72.319794,Community Health Center,2,Rajasthan,Jodhpur,0
SPEC_182596,TURUVEKERE TH,13.1652,76.6677,Civil Hospital/General Hospital,5,Karnataka,Tumkur,0
SPEC_182621,CHC HIRANPUR,24.705735,87.704945,Community Health Center,2,Jharkhand,PAKAUR,0
SPEC_182659,Raipur RH,22.809183,86.932617,Community Health Center,2,West Bengal,Bankura,0
SPEC_182670,CHC Silawad,21.92216,74.894569,Community Health Center,2,Madhya Pradesh,Barwani,0
SPEC_182753,CHC Parbung,24.247081,93.107567,Community Health Center,2,Manipur,CHURACHANDPUR,0
SPEC_182763,Chanchal Sub Divisional Hospital,25.23422,88.00541,Sub-District Hospital,3,West Bengal,Maldah,0
SPEC_182791,RH Akkalkot,17.5223,76.2049,Community Health Center,2,Maharashtra,Solapur,0
SPEC_182794,CHC Zainpora,33.779406,75.013169,Community Health Center,2,Jammu & Kashmir,Shopian,0
SPEC_182811,CHC Kairana,29.401434,77.209054,Community Health Center,2,Uttar Pradesh,Shamli,0
SPEC_182812,"Rural Hospital, Ajintha",20.530761,75.745808,Community Health Center,2,Maharashtra,Aurangabad,0
SPEC_182876,Beldanga RH,23.940535,88.250746,Community Health Center,2,West Bengal,Murshidabad,0
SPEC_182877,District Hospital Satara,17.6912,74.0092,District Hospital,8,Maharashtra,Satara,0
SPEC_182891,RH Toranmal Nandurbar,21.82,74.19,Community Health Center,2,Maharashtra,Nandurbar,0
SPEC_182903,Saragur,12.0003,76.3968,Community Health Center,2,Karnataka,Mysore,0
SPEC_182916,Chhatna RH,23.32074,86.984931,Community Health Center,2,West Bengal,Bankura,0
SPEC_182932,(FRU) GOURIBIDANUR TALUK HOSPITAL,13.6085,77.5176,Sub-District Hospital,3,Karnataka,Chikkaballapura,0
SPEC_182937,Purbosthali BPHC,23.45715,88.32515,Community Health Center,2,West Bengal,Bardhaman,0
SPEC_182957,Gajner,27.9599,72.03935,Community Health Center,2,Rajasthan,Bikaner,0
SPEC_183021,Jhalawar Medical College,24.6,76.15,Medical Colleges Hospital,20,Rajasthan,Jhalawar,0
SPEC_183062,Kishangarhrenwal,27.161492,75.35738,Community Health Center,2,Rajasthan,Jaipur,0
SPEC_183074,Sub Divisional Hospital Bagha,27.09512,84.09152,Sub-District Hospital,3,Bihar,Pashchim Champaran,0
SPEC_183104,Pt. Deendayal Upadyaya District Hospital Bijnor Ma,29.370043,78.130062,District Hospital,8,Uttar Pradesh,Bijnor,0
SPEC_183256,RH Alandi,18.6799,73.8931,Community Health Center,2,Maharashtra,Pune,0
SPEC_183257,MADHUBAN,20.83156,86.16395,Community Health Center,2,Odisha,Jajapur,0
SPEC_183270,Jayapura,12.2884,76.6363,Community Health Center,2,Karnataka,Mysore,0
SPEC_183314,District Women Hospital Mahoba,25.292933,79.884397,District Hospital,8,Uttar Pradesh,Mahoba,0
SPEC_183367,CHC (Aliganj Main Centre),27.49302,79.171498,Community Health Center,2,Uttar Pradesh,Etah,0
SPEC_183375,Sundakamuthur,10.959607,76.926854,Sub-District Hospital,3,Tamil Nadu,Coimbatore,0
SPEC_183394,Mudalur,8.417339,77.945339,Community Health Center,2,Tamil Nadu,Thoothukkudi,0
SPEC_183464,SDH Narendranagar,30.159975,78.290324,Sub-District Hospital,3,Uttarakhand,Tehri Garhwal,0
SPEC_183494,CHC Manchal (Yatong),27.59129,96.38367,Community Health Center,2,Arunachal Pradesh,Anjaw,0
SPEC_183495,Mankar RH,23.432267,87.550433,Community Health Center,2,West Bengal,Bardhaman,0
SPEC_183519,CHC Myana,24.851597,77.458196,Community Health Center,2,Madhya Pradesh,Guna,0
SPEC_183530,CHC Gaidasbujurg,27.26713,82.420123,Community Health Center,2,Uttar Pradesh,Balrampur,0
SPEC_183560,PCMC-Yashwantrao Chavan Memorial Hospital,18.621672,73.820861,Sub-District Hospital,3,Maharashtra,Pune,0
SPEC_183570,SDH RAJMAHAL,25.053947,87.835211,Sub-District Hospital,3,Jharkhand,SAHIBGANJ,0
SPEC_183578,B D M govt satellite hospital,27.701481,76.199173,Sub-District Hospital,3,Rajasthan,Jaipur,0
SPEC_183632,Community Health Centre Chouttuppal,17.250437,78.897704,Community Health Center,2,Telangana,Nalgonda District,0
SPEC_183758,CHC Thirunallar,10.93068,79.78764,Community Health Center,2,Puducherry,Karaikal,0
SPEC_183769,CH Vijayraghavgarh,23.990456,80.603256,Sub-District Hospital,3,Madhya Pradesh,Katni,0
SPEC_183819,RH Pimpalgaon Hareshwar,20.569796,75.425262,Community Health Center,2,Maharashtra,Jalgaon,0
SPEC_183894,D H Buldana,20.529385,76.184274,District Hospital,8,Maharashtra,Buldana,0
SPEC_184017,NAYAKANAHATTI,14.4717,76.542,Community Health Center,2,Karnataka,Chitradurga,0
SPEC_184064,District Women Hospital Barabanki,26.92732,81.19532,District Hospital,8,Uttar Pradesh,Barabanki,0
SPEC_184093,CHC MULTAI,21.775343,78.257727,Community Health Center,2,Madhya Pradesh,Betul,0
SPEC_184123,SDH Tulajpur,18.010037,76.071068,Sub-District Hospital,3,Maharashtra,Osmanabad,0
SPEC_184160,TUMKUR DISTRICT HOSPITAL FRU,13.3398,77.0986,District Hospital,8,Karnataka,Tumkur,0
SPEC_184219,RH Zodga,20.656504,74.678223,Community Health Center,2,Maharashtra,Nashik,0
SPEC_184270,chc Sikandara,26.96653,76.57373,Community Health Center,2,Rajasthan,Dausa,0
SPEC_184285,CHC Khaknar,21.363262,76.556223,Community Health Center,2,Madhya Pradesh,Burhanpur,0
SPEC_184318,CHC Raipur-Karchuliyan,24.570933,81.433303,Community Health Center,2,Madhya Pradesh,Rewa,0
SPEC_184427,SARGIPALLI,22.05872,83.92174,Community Health Center,2,Odisha,Sundargarh,0
SPEC_184435,Kurabad,24.42105,73.9666,Community Health Center,2,Rajasthan,Udaipur,0
SPEC_184480,Sonari SDCH,27.032067,94.06,Sub-District Hospital,3,Assam,Sibsagar,0
SPEC_184563,CHC KAUNDHIYARA,25.213589,81.838815,Community Health Center,2,Uttar Pradesh,Allahabad,0
SPEC_184573,Peren DH,25.567778,93.761944,District Hospital,8,Nagaland,Peren,0
SPEC_184586,(FRU) HUMNABAD TALUK HOSPITAL,17.7734,77.1249,Sub-District Hospital,3,Karnataka,Bidar,0
SPEC_184628,Bhawarna CHC,32.040978,76.495252,Community Health Center,2,Himachal Pradesh,Kangra,0
SPEC_184641,Rural Hospital Dhebewadi,17.2384,73.9591,Community Health Center,2,Maharashtra,Satara,0
SPEC_184689,Banavaram,13.015394,79.486164,Community Health Center,2,Tamil Nadu,Vellore,0
SPEC_184765,CHC Miao,27.2945,96.12609,Community Health Center,2,Arunachal Pradesh,Changlang,0
SPEC_184792,"Rural Hospital, Bidkin",19.704214,75.298036,Community Health Center,2,Maharashtra,Aurangabad,0
SPEC_184794,District Male Hospital Mathura,27.49528,77.68289,District Hospital,8,Uttar Pradesh,Mathura,0
SPEC_184797,R.H. Kopargaon,19.891689,74.479028,Community Health Center,2,Maharashtra,Ahmadnagar,0
SPEC_184845,CHC KHUDAGANJ,28.142766,79.710442,Community Health Center,2,Uttar Pradesh,Shahjahanpur,0
SPEC_184879,Nandagada CHC,15.5848,74.5725,Community Health Center,2,Karnataka,Belgaum,0
SPEC_184904,BOIPARIGUDA,18.68847,82.48612,Community Health Center,2,Odisha,Koraput,0
SPEC_184910,Rajakhera,26.894649,78.170694,Community Health Center,2,Rajasthan,Dhaulpur,0
SPEC_184915,CHC Ghanaur,30.327695,76.60625,Community Health Center,2,Punjab,Patiala,0
SPEC_184936,Maibang CHC,25.297767,93.13655,Community Health Center,2,Assam,Dima Hasao District,0
SPEC_184980,BALIPATNA,20.186885,85.971629,Community Health Center,2,Odisha,Khordha,0
SPEC_185001,CH Begamganj,23.601123,78.335947,Sub-District Hospital,3,Madhya Pradesh,Raisen,0
SPEC_185023,MCH SIMDEGA,22.6167,84.5167,District Hospital,8,Jharkhand,SIMDEGA,0
SPEC_185038,CHC Dhudike,30.775169,75.35283,Community Health Center,2,Punjab,Moga,0
SPEC_185045,Kachhawa,25.210165,82.709221,Community Health Center,2,Uttar Pradesh,Mirzapur,0
SPEC_185060,"Community Health Centre, Parkal",18.197718,79.702724,Community Health Center,2,Telangana,Warangal District,0
SPEC_185067,CHC Sidhauli-NPHC - Atariya,27.282312,80.832091,Community Health Center,2,Uttar Pradesh,Sitapur,0
SPEC_185080,BISWANATHPUR,19.82498,83.42908,Community Health Center,2,Odisha,Kalahandi,0
SPEC_185116,ULLUNDA,20.95713,83.88161,Community Health Center,2,Odisha,Sonapur,0
SPEC_185147,CHC Khuikhera,30.296269,74.097974,Community Health Center,2,Punjab,Fazilka,0
SPEC_185204,CHC Chak Sherewala,30.387775,74.382428,Community Health Center,2,Punjab,Muktsar,0
SPEC_185242,Margherita CHC,27.299317,95.661,Community Health Center,2,Assam,Tinsukia,0
SPEC_185267,CHC Manawar,22.23461,75.09062,Community Health Center,2,Madhya Pradesh,Dhar,0
SPEC_185281,Barhalganj,26.28429,83.504933,Community Health Center,2,Uttar Pradesh,Gorakhpur,0
SPEC_185306,Goluwala,29.633,74.05,Community Health Center,2,Rajasthan,Hanumangarh,0
SPEC_185311,Guduru,16.217235,81.083069,Community Health Center,2,Andhra Pradesh,Krishna District,0
SPEC_185330,Srirampur RH,23.41435,88.33315,Community Health Center,2,West Bengal,Bardhaman,0
SPEC_185351,UPPLIYAPURAM - CHC Gr.I,11.2627,78.517,Community Health Center,2,Tamil Nadu,Tiruchirappalli,0
SPEC_185433,Bhagwan mahavir Hospital Pitampura,28.687481,77.118238,District Hospital,8,Delhi,North West,0
SPEC_185483,CHC Gharota,32.148897,75.576175,Community Health Center,2,Punjab,Pathankot,0
SPEC_185523,"District Hospital, Mahabubnagar",16.750612,78.008326,Medical Colleges Hospital,20,Telangana,Mahbubnagar District,0
SPEC_185630,CHC JHARIA-CUM-JORAPOKHAR,23.742628,86.411137,Community Health Center,2,Jharkhand,DHANBAD,0
SPEC_185632,Guledgudd CHC,16.0478,75.788,Community Health Center,2,Karnataka,Bagalkot,0
SPEC_185633,"Area Hospital, Nirmal",19.101798,78.347509,Sub-District Hospital,3,Telangana,Adilabad District,0
SPEC_185683,Pali,26.826825,83.162599,Community Health Center,2,Uttar Pradesh,Gorakhpur,0
SPEC_185703,CHC Mudalagi,16.335,74.9538,Community Health Center,2,Karnataka,Belgaum,0
SPEC_185714,Tanda RPMGC,32.098469,76.300225,Medical Colleges Hospital,20,Himachal Pradesh,Kangra,0
SPEC_185727,District Women Hospital Shahjahnpur,27.855071,79.895493,District Hospital,8,Uttar Pradesh,Shahjahanpur,0
SPEC_185775,CHC Dudhai,26.799077,84.15558,Community Health Center,2,Uttar Pradesh,Kushinagar,0
SPEC_185791,CHC KOLAR,23.167675,77.41345,Community Health Center,2,Madhya Pradesh,Bhopal,0
SPEC_185818,Surjagarh,28.30938,75.732712,Community Health Center,2,Rajasthan,Jhunjhunun,0
SPEC_185840,CHC Ladkui,22.81089,77.223271,Community Health Center,2,Madhya Pradesh,Sehore,0
SPEC_185872,CHC AKHNOOR,32.93645,74.73635,Community Health Center,2,Jammu & Kashmir,JAMMU,0
SPEC_185924,Maniya,26.817637,77.917099,Community Health Center,2,Rajasthan,Dhaulpur,0
SPEC_185960,KAYAMOZHI,8.511201,78.046424,Community Health Center,2,Tamil Nadu,Thoothukkudi,0
SPEC_186018,Institute of Mental Health,17.450662,78.436129,Medical Colleges Hospital,20,Telangana,Hyderabad District,0
SPEC_186066,CHC Lohaghat,29.23591,80.05208,Community Health Center,2,Uttarakhand,Champawat,0
SPEC_186069,RH Chatari,20.455323,76.773834,Community Health Center,2,Maharashtra,Akola,0
SPEC_186094,Sarapul RH,22.838317,88.868617,Community Health Center,2,West Bengal,North 24 Parganas,0
SPEC_186098,Kamarda BPHC,21.922034,87.830162,Community Health Center,2,West Bengal,Purba Medinipur,0
SPEC_186099,SDH Patory,25.622707,85.616151,Sub-District Hospital,3,Bihar,Samastipur,0
SPEC_186114,Nalmuri Rural Hospital,22.4998,88.600817,Community Health Center,2,West Bengal,South 24 Parganas,0
SPEC_186158,RMC Siswa,27.156908,83.757477,Women Hospital,3,Uttar Pradesh,Mahrajganj,0
SPEC_186168,PBM Medical College and Hospital,28.007503,73.328102,Medical Colleges Hospital,20,Rajasthan,Bikaner,0
SPEC_186194,Badrel,23.465038,74.506777,Community Health Center,2,Rajasthan,Banswara,0
SPEC_186281,Bari,26.650335,77.615318,Sub-District Hospital,3,Rajasthan,Dhaulpur,0
SPEC_186319,CHC MESO JONHA,23.403912,85.486054,Community Health Center,2,Jharkhand,RANCHI,0
SPEC_186341,CHC Ramnagar,24.625874,81.059275,Community Health Center,2,Madhya Pradesh,Satna,0
SPEC_186348,Kinathukadavu,10.822478,77.016144,Sub-District Hospital,3,Tamil Nadu,Coimbatore,0
SPEC_186369,RH Uran,18.813872,72.934414,Community Health Center,2,Maharashtra,Raigarh,0
SPEC_186415,R.H.Karanja,20.482736,77.481669,Community Health Center,2,Maharashtra,Washim *,0
SPEC_186430,C.M.Z. H. Junagardh,21.522184,70.457877,District Hospital,8,Gujarat,JUNAGADH,0
SPEC_186451,Sparsh RH Sastur (pride India),17.998889,76.500833,Community Health Center,2,Maharashtra,Osmanabad,0
SPEC_186547,Kawas,25.879178,71.554527,Community Health Center,2,Rajasthan,Barmer,0
SPEC_186551,CH Lanji,21.510916,80.549401,Sub-District Hospital,3,Madhya Pradesh,Balaghat,0
SPEC_186556,Mallawan,27.03464,80.152887,Community Health Center,2,Uttar Pradesh,Hardoi,0
SPEC_186639,"Community Health Centre, Vikarabad",17.33543,77.907534,Community Health Center,2,Telangana,Rangareddy District,0
SPEC_186679,"District Hospital, Tamenglong",24.985355,93.5023,District Hospital,8,Manipur,TAMENGLONG,0
SPEC_186702,Nanota CHC,29.71592,77.421898,Community Health Center,2,Uttar Pradesh,Saharanpur,0
SPEC_186704,CHC CHAKRADHARPUR,22.674578,85.618929,Community Health Center,2,Jharkhand,PASHCHIMI SINGHBHUM,0
SPEC_186739,Vinaitheerthapuram,11.3226,78.1723,Community Health Center,2,Tamil Nadu,Namakkal,0
SPEC_186768,CHC Niwas,23.045602,80.441932,Community Health Center,2,Madhya Pradesh,Mandla,0
SPEC_186783,CHC MANIKA,23.896819,84.304501,Community Health Center,2,Jharkhand,LATEHAR,0
SPEC_186906,Mukalmua FRU,26.2714,91.3493,Community Health Center,2,Assam,Nalbari,0
SPEC_186934,Main CHC,26.294264,80.483093,Community Health Center,2,Uttar Pradesh,Kanpur Nagar,0
SPEC_186958,SOMVARPET TH,12.5975,75.8502,Civil Hospital/General Hospital,5,Karnataka,Kodagu,0
SPEC_187042,M.Pudupatti,9.543762,77.779692,Community Health Center,2,Tamil Nadu,Virudhunagar,0
SPEC_187076,Newai,26.357708,75.926253,Community Health Center,2,Rajasthan,Tonk,0
SPEC_187080,BARPALI,21.19105,83.58675,Community Health Center,2,Odisha,Bargarh,0
SPEC_187082,CHC GANDASI,13.1579,76.3057,Community Health Center,2,Karnataka,Hassan,0
SPEC_187095,Aundha Nagnath,19.542077,77.036594,Community Health Center,2,Maharashtra,Hingoli *,0
SPEC_187146,Dangari CHC,27.697367,95.572633,Community Health Center,2,Assam,Tinsukia,0
SPEC_187152,Karda,24.750997,72.205287,Community Health Center,2,Rajasthan,Jalor,0
SPEC_187156,Bagnan RH,22.466654,87.964361,Community Health Center,2,West Bengal,Howrah,0
SPEC_187170,"District Hospital, Ahmednagar",18.996115,74.450381,District Hospital,8,Maharashtra,Ahmadnagar,0
SPEC_187236,RH Jamana,21.82,74.19,Community Health Center,2,Maharashtra,Nandurbar,0
SPEC_187264,THAKURMUNDA,21.52062,86.15777,Community Health Center,2,Odisha,Mayurbhanj,0
SPEC_187287,HolalurCHC,14.037,75.6756,Community Health Center,2,Karnataka,Shimoga,0
SPEC_187388,CHC Goharganj,23.027008,77.675087,Community Health Center,2,Madhya Pradesh,Raisen,0
SPEC_187395,CHC Shankargarh,23.3006,83.6007,Community Health Center,2,Chhattisgarh,BALRAMPUR,0
SPEC_187439,Jugalsalai Sah Golmuri,22.768909,86.179208,Community Health Center,2,Jharkhand,PURBI SINGHBHUM,0
SPEC_187457,Mandalgarh,25.204165,75.089267,Community Health Center,2,Rajasthan,Bhilwara,0
SPEC_187468,"Community Health Center, Revally",16.371209,78.266124,Community Health Center,2,Telangana,Mahbubnagar District,0
SPEC_187474,Guntakal,15.162566,77.378558,Sub-District Hospital,3,Andhra Pradesh,Anantapur District,0
SPEC_187500,Hura RH,23.31135,86.653983,Community Health Center,2,West Bengal,Purulia,0
SPEC_187545,Jatwara,27.25419,76.89894,Community Health Center,2,Rajasthan,Alwar,0
SPEC_187570,CHC MANOHARPUR,22.374621,85.197108,Community Health Center,2,Jharkhand,PASHCHIMI SINGHBHUM,0
SPEC_187607,CHC Baheri,28.78147,79.502175,Community Health Center,2,Uttar Pradesh,Bareilly,0
SPEC_187621,RH Yawat,18.476127,74.269464,Community Health Center,2,Maharashtra,Pune,0
SPEC_187672,Kunnur,9.586194,77.699154,Community Health Center,2,Tamil Nadu,Virudhunagar,0
SPEC_187704,Mollarpur BPHC,24.075498,87.703098,Community Health Center,2,West Bengal,Birbhum,0
SPEC_187717,KHOIRABARI CHC,26.60307,91.81479,Community Health Center,2,Assam,Udalguri,0
SPEC_187743,FRU Karatagi,15.6055,76.6588,Community Health Center,2,Karnataka,Koppal,0
SPEC_187769,PARASHURAMPURA,14.2537,76.8833,Community Health Center,2,Karnataka,Chitradurga,0
SPEC_187794,"Community Health Center, Yellandu",17.594134,80.322363,Community Health Center,2,Telangana,Khammam District,0
SPEC_187857,Nichlaul,27.309418,83.729487,Community Health Center,2,Uttar Pradesh,Mahrajganj,0
SPEC_187869,CHC KURU,23.54189,84.81899,Community Health Center,2,Jharkhand,LOHARDAGA,0
SPEC_187917,Community Health Centre Rajendranagar,17.320335,78.401805,Community Health Center,2,Telangana,Rangareddy District,0
SPEC_187936,Theerthamalai,12.1042,78.591,Community Health Center,2,Tamil Nadu,Dharmapuri,0
SPEC_187970,Katehari,26.488658,82.449867,Community Health Center,2,Uttar Pradesh,Ambedkar Nagar,0
SPEC_187999,RH Madgyal,17.049143,75.218929,Community Health Center,2,Maharashtra,Sangli,0
SPEC_188030,Govt. General Hospital,11.699134,75.535901,District Hospital,8,Puducherry,Mahe,0
SPEC_188034,CHC Kanakagiri,15.5671,76.4173,Community Health Center,2,Karnataka,Koppal,0
SPEC_188047,CHC Awalkhera,27.334144,78.135239,Community Health Center,2,Uttar Pradesh,Agra,0
SPEC_188083,Mandphiya,24.66137,74.399972,Community Health Center,2,Rajasthan,Chittaurgarh,0
SPEC_188091,CHC Handiya,22.486359,76.986472,Community Health Center,2,Madhya Pradesh,Harda,0
SPEC_188160,SPS Rishikesh,30.065064,78.177648,Sub-District Hospital,3,Uttarakhand,Dehradun,0
SPEC_188167,Bamore,25.71113,79.12001,Community Health Center,2,Uttar Pradesh,Jhansi,0
SPEC_188175,CH Saunsar,21.662685,78.822398,Sub-District Hospital,3,Madhya Pradesh,Chhindwara,0
SPEC_188231,Brindabanpur RH,22.501508,88.099257,Community Health Center,2,West Bengal,Howrah,0
SPEC_188278,CHC Gauribazar,26.58354,83.67197,Community Health Center,2,Uttar Pradesh,Deoria,0
SPEC_188286,CHC Gohad,26.4456,78.4341,Community Health Center,2,Madhya Pradesh,Bhind,0
SPEC_188326,Bharati Vidyapeeth MCH,18.458361,73.854403,Medical Colleges Hospital,20,Maharashtra,Pune,0
SPEC_188340,Santhebennur CHC,14.1686,76.0088,Community Health Center,2,Karnataka,Davanagere,0
SPEC_188358,Malatipur RH,25.322793,88.018997,Community Health Center,2,West Bengal,Maldah,0
SPEC_188467,"MLGH, YNR",30.13,77.28,Civil Hospital/General Hospital,5,Haryana,Yamunanagar,0
SPEC_188508,CHC Ramnagar,32.8,75.31,Community Health Center,2,Jammu & Kashmir,UDHAMPUR,0
SPEC_188582,RH Barshitakli,20.57526,77.064543,Community Health Center,2,Maharashtra,Akola,0
SPEC_188617,District Male Hospital Bareilly,28.361193,79.416142,District Hospital,8,Uttar Pradesh,Bareilly,0
SPEC_188644,(FRU) HOSADURGA TALUK HOSPITAL,13.7965,76.2734,Sub-District Hospital,3,Karnataka,Chitradurga,0
SPEC_188656,CHC Venkatnagar,22.933542,81.885258,Community Health Center,2,Madhya Pradesh,Anuppur,0
SPEC_188671,Belukurichi,11.387405,78.256158,Community Health Center,2,Tamil Nadu,Namakkal,0
SPEC_188717,CHC Maudaha,25.685864,80.093637,Community Health Center,2,Uttar Pradesh,Hamirpur,0
SPEC_188721,DHALIYUR,11.009791,76.848672,Community Health Center,2,Tamil Nadu,Coimbatore,0
SPEC_188746,Dharmabad,18.89918,77.842641,Community Health Center,2,Maharashtra,Nanded,0
SPEC_188774,"Community Health Centre,Bellampally",19.071557,79.491176,Community Health Center,2,Telangana,Adilabad District,0
SPEC_188789,DHH NUAPADA,20.807722,82.624984,District Hospital,8,Odisha,Nuapada,0
SPEC_188809,Hemtabad Rural Hospital,25.40743,88.12977,Community Health Center,2,West Bengal,Uttar Dinajpur,0
SPEC_188815,Vittal,12.7636,75.1011,Community Health Center,2,Karnataka,Dakshina Kannada,0
SPEC_188818,Bapatla,15.90766,80.46914,Sub-District Hospital,3,Andhra Pradesh,Guntur District,0
SPEC_188842,Chintpurni CH,31.810023,76.106936,Civil Hospital/General Hospital,5,Himachal Pradesh,Una,0
SPEC_188850,CHC Bhopalpattanam,18.859222,80.384689,Community Health Center,2,Chhattisgarh,Bijapur,0
SPEC_188868,SDH Kalambani,17.764729,73.419517,Sub-District Hospital,3,Maharashtra,Ratnagiri,0
SPEC_188874,Mangalbari R.H.,26.87751,88.80354,Community Health Center,2,West Bengal,Jalpaiguri,0
SPEC_188881,Masuda,26.092459,74.506777,Community Health Center,2,Rajasthan,Ajmer,0
SPEC_188926,Pavanjur,12.4458,80.006,Community Health Center,2,Tamil Nadu,Kancheepuram,0
SPEC_189007,P.V.Palem,15.98355,80.63141,Community Health Center,2,Andhra Pradesh,Guntur District,0
SPEC_189029,Nainarkoil,9.545618,78.694471,Community Health Center,2,Tamil Nadu,Ramanathapuram,0
SPEC_189058,"Area Hospital, Mancherial",18.872277,79.444838,Sub-District Hospital,3,Telangana,Adilabad District,0
SPEC_189071,District Male Hospital Ballia,25.751179,84.14672,District Hospital,8,Uttar Pradesh,Ballia,0
SPEC_189083,CHC Malhargarh,24.28,74.99,Community Health Center,2,Madhya Pradesh,Mandsaur,0
SPEC_189089,CHC Basti Guzan,31.322299,75.552898,Community Health Center,2,Punjab,Jalandhar,0
SPEC_189091,Chailengta Sub Divisional Hospital,23.95112,92.00748,Sub-District Hospital,3,Tripura,Dhalai District,0
SPEC_189120,CHC-Kara,25.70781,81.35309,Community Health Center,2,Uttar Pradesh,Kaushambi,0
SPEC_189161,Thiruvonam,10.5044,79.1534,Community Health Center,2,Tamil Nadu,Thanjavur,0
SPEC_189216,CHC Barud,21.757611,75.532778,Community Health Center,2,Madhya Pradesh,West Nimar (Khargone),0
SPEC_189266,Chharra gangriri,27.923022,78.388858,Community Health Center,2,Uttar Pradesh,Aligarh,0
SPEC_189433,CHC Salichouka,22.830937,78.676748,Community Health Center,2,Madhya Pradesh,Narsinghpur,0
SPEC_189445,Khairagarh,21.418868,80.979998,Sub-District Hospital,3,Chhattisgarh,Rajnandgaon,0
SPEC_189558,Ernapuram,11.245148,78.097282,Community Health Center,2,Tamil Nadu,Namakkal,0
SPEC_189649,Govt Hospital Nasirabad,26.301526,74.735261,Sub-District Hospital,3,Rajasthan,Ajmer,0
SPEC_189659,Sukna BPHC,26.71,88.38,Community Health Center,2,West Bengal,Darjiling,0
SPEC_189702,R H Mahoor,19.849553,77.920789,Community Health Center,2,Maharashtra,Nanded,0
SPEC_189707,chcRaniganj,25.789485,82.046773,Community Health Center,2,Uttar Pradesh,Pratapgarh,0
SPEC_189720,CHC Kachhauna,27.163866,80.344992,Community Health Center,2,Uttar Pradesh,Hardoi,0
SPEC_189729,Kelwa,19.614793,72.736316,Community Health Center,2,Rajasthan,Rajsamand,0
SPEC_189738,CHC Barotha,22.878945,76.190595,Community Health Center,2,Madhya Pradesh,Dewas,0
SPEC_189757,Dhelana,26.939795,72.588529,Community Health Center,2,Rajasthan,Udaipur,0
SPEC_189760,Nokhra,25.475426,71.615582,Community Health Center,2,Rajasthan,Barmer,0
SPEC_189769,CHC Gajraula,28.501378,78.143421,Community Health Center,2,Uttar Pradesh,Jyotiba Phule Nagar,0
SPEC_189788,Tekkalkote CHC,15.5372,76.8822,Community Health Center,2,Karnataka,Bellary,0
SPEC_189796,Amtala Rural Hospital,22.36567,88.27181,Community Health Center,2,West Bengal,South 24 Parganas,0
SPEC_189799,CHC Bareta,29.861573,75.695085,Community Health Center,2,Punjab,Mansa,0
SPEC_189857,Samayanallur,9.9765,78.0473,Community Health Center,2,Tamil Nadu,Madurai,0
SPEC_189899,SDH Haily Mandi (Pataudi),28.33,76.71,Sub-District Hospital,3,Haryana,Gurgaon,0
SPEC_189904,CHC Sahpau,27.43612,78.13524,Community Health Center,2,Uttar Pradesh,Mahamaya Nagar,0
SPEC_189961,SADAR HOSPITAL,23.61,86.18,District Hospital,8,Jharkhand,BOKARO,0
SPEC_189978,Masalpur,26.63262,77.231893,Community Health Center,2,Rajasthan,Karauli,0
SPEC_189979,L.T.Muncipal Medical College and Sion Hospital,19.0334,72.8603,Medical Colleges Hospital,20,Maharashtra,Mumbai,0
SPEC_190170,DH VIDISHA,23.520296,77.808746,District Hospital,8,Madhya Pradesh,Vidisha,0
SPEC_190182,Rohida,24.6101,72.963767,Community Health Center,2,Rajasthan,Sirohi,0
SPEC_190266,CHC Ahiwara,21.395303,81.433953,Community Health Center,2,Chhattisgarh,Durg,0
SPEC_190289,Sagar Rural Hospital,21.7295,88.105533,Community Health Center,2,West Bengal,South 24 Parganas,0
SPEC_190309,Sitarganj CHC,28.926388,79.704952,Community Health Center,2,Uttarakhand,Udham Singh Nagar,0
SPEC_190346,DH Nandurbar,21.33864,74.235198,District Hospital,8,Maharashtra,Nandurbar,0
SPEC_190347,General hospital,21.090041,71.765332,Sub-District Hospital,3,Gujarat,BHAVNAGAR,0
SPEC_190375,Bahadurpur BPHC,23.43881,87.143012,Community Health Center,2,West Bengal,Bardhaman,0
SPEC_190393,Sri Karanpur,29.83802,73.468108,Community Health Center,2,Rajasthan,Ganganagar,0
SPEC_190493,SDH Abohar,30.14182,74.19844,Sub-District Hospital,3,Punjab,Fazilka,0
SPEC_190513,SRIDAM CHANDRAPUR,21.74588,86.53341,Community Health Center,2,Odisha,Mayurbhanj,0
SPEC_190553,CHC KANKE,23.43,85.31,Community Health Center,2,Jharkhand,RANCHI,0
SPEC_190580,V.PUDUR,10.3188,78.4756,Community Health Center,2,Tamil Nadu,Sivaganga,0
SPEC_190582,HARIHARA TH,14.5037,75.8094,Sub-District Hospital,3,Karnataka,Davanagere,0
SPEC_190632,Podagada,19.01611,82.84777,Community Health Center,2,Odisha,Koraput,0
SPEC_190646,Rajapur,25.37911,81.13116,Community Health Center,2,Uttar Pradesh,Chitrakoot,0
SPEC_190735,CHC Amdara,24.109902,80.584115,Community Health Center,2,Madhya Pradesh,Satna,0
SPEC_190799,Thudialur,11.0812,76.9413,Community Health Center,2,Tamil Nadu,Coimbatore,0
SPEC_190822,CHC SHIKARIPARA,24.237802,87.476116,Community Health Center,2,Jharkhand,DUMKA,0
SPEC_190828,Teliamura Rural Hospital,23.83967,91.63533,Community Health Center,2,Tripura,Khowai District,0
SPEC_190847,Govt.Hosp. Dahod.,22.836728,74.256227,District Hospital,8,Gujarat,DAHOD,0
SPEC_190876,KHAJURIA KATA,20.693987,85.305005,Community Health Center,2,Odisha,Dhenkanal,0
SPEC_190886,District Combind Hospital Bulandshare,28.449312,77.702121,District Hospital,8,Uttar Pradesh,Bulandshahar,0
SPEC_190899,Jatuatappa,26.253107,81.136627,Community Health Center,2,Uttar Pradesh,Rae Bareli,0
SPEC_190913,RH Barshi,18.2334,75.6941,Community Health Center,2,Maharashtra,Solapur,0
SPEC_190954,MEETHRI ladnu,27.19736,74.389259,Community Health Center,2,Rajasthan,Nagaur,0
SPEC_190970,CHC Dhanoula,30.283333,75.577534,Community Health Center,2,Punjab,Barnala,0
SPEC_190971,CHC Kansabel,22.644507,83.740586,Community Health Center,2,Chhattisgarh,Jashpur,0
SPEC_190996,Bijoliyan,25.15728,75.329536,Community Health Center,2,Rajasthan,Bhilwara,0
SPEC_191046,Area Hospital Jangaon,17.728839,79.160497,Sub-District Hospital,3,Telangana,Warangal District,0
SPEC_191053,Raipur,26.041298,74.023745,Community Health Center,2,Rajasthan,Pali,0
SPEC_191060,CHECKANURANI,9.951049,77.977711,Community Health Center,2,Tamil Nadu,Madurai,0
SPEC_191089,Bagodara,22.640689,72.200848,Community Health Center,2,Gujarat,AHMEDABAD,0
SPEC_191122,CHC Mukundpur,24.42185,81.24362,Community Health Center,2,Madhya Pradesh,Satna,0
SPEC_191172,Gazsinghpur,29.659837,73.438647,Community Health Center,2,Rajasthan,Ganganagar,0
SPEC_191182,CHC Binawar,28.11642,79.20792,Community Health Center,2,Uttar Pradesh,Budaun,0
SPEC_191210,TIGIRIA,20.46786,85.47742,Community Health Center,2,Odisha,Cuttack,0
SPEC_191249,Vanda,21.384146,71.470705,Community Health Center,2,Gujarat,AMRELI,0
SPEC_191263,RH Ballarpur,19.83922,79.36575,Community Health Center,2,Maharashtra,Chandrapur,0
SPEC_191270,POTTANGI,18.55894,82.97139,Community Health Center,2,Odisha,Koraput,0
SPEC_191271,Dhourpur,23.193358,83.433786,Community Health Center,2,Chhattisgarh,Surguja,0
SPEC_191299,Kumarganj Rural Hospital,25.405833,88.755598,Community Health Center,2,West Bengal,Dakhshin Dinajpur,0
SPEC_191397,BARAUT,29.098137,77.25439,Community Health Center,2,Uttar Pradesh,Baghpat,0
SPEC_191421,District Hospital Chittorgarh,24.87037,74.617959,District Hospital,8,Rajasthan,Chittaurgarh,0
SPEC_191450,CHC GANDHINAGAR,23.299727,77.347643,Community Health Center,2,Madhya Pradesh,Bhopal,0
SPEC_191495,CHC Shahpur,21.239678,76.22378,Community Health Center,2,Madhya Pradesh,Burhanpur,0
SPEC_191509,MEGNANAPURAM,8.473234,77.998404,Community Health Center,2,Tamil Nadu,Thoothukkudi,0
SPEC_191585,SDH Daund,18.47155,74.571462,Sub-District Hospital,3,Maharashtra,Pune,0
SPEC_191607,St.George Hospital,19.0748,72.8726,District Hospital,8,Maharashtra,Mumbai,0
SPEC_191654,CHC Kannod,22.666608,76.74842,Community Health Center,2,Madhya Pradesh,Dewas,0
SPEC_191685,Area Hospital Tuni,17.355023,82.541385,Sub-District Hospital,3,Andhra Pradesh,East Godavari District,0
SPEC_191694,CH Amarwara,22.306336,79.171301,Sub-District Hospital,3,Madhya Pradesh,Chhindwara,0
SPEC_191814,Central Hospital Ulhasnager,19.229613,73.165129,District Hospital,8,Maharashtra,Thane,0
SPEC_191817,Gainsari,27.52898,82.54833,Community Health Center,2,Uttar Pradesh,Balrampur,0
SPEC_191913,CHC Manawala,31.583203,74.985185,Community Health Center,2,Punjab,Amritsar,0
SPEC_191956,Ramjibanpur BPHC,23.739083,87.96555,Community Health Center,2,West Bengal,Bardhaman,0
SPEC_191967,DALMAU,26.071447,81.038248,Community Health Center,2,Uttar Pradesh,Rae Bareli,0
SPEC_192029,CHC DABHARA,21.78139,83.071019,Community Health Center,2,Chhattisgarh,Janjgir - Champa,0
SPEC_192031,CHC Beerwah,34.0127,74.595,Community Health Center,2,Jammu & Kashmir,Badgam,0
SPEC_192072,MANGASPUR,21.95171,83.99009,Community Health Center,2,Odisha,Sundargarh,0
SPEC_192105,G UDAYAGIRI,20.10942,84.36831,Community Health Center,2,Odisha,Kandhamal,0
SPEC_192115,Devadanapatti,10.1465,77.638,Community Health Center,2,Tamil Nadu,Theni,0
SPEC_192180,SADAR HOSPITAL,24.467681,85.593365,District Hospital,8,Jharkhand,KODERMA,0
SPEC_192186,CHC Nagari,23.86,75.12,Community Health Center,2,Madhya Pradesh,Mandsaur,0
SPEC_192196,Jamwaramgarh,27.07735,75.966644,Community Health Center,2,Rajasthan,Jaipur,0
SPEC_192212,CHC JAMUA,24.367472,86.151257,Community Health Center,2,Jharkhand,GIRIDIH,0
SPEC_192241,Dhodh,27.492375,74.986206,Community Health Center,2,Rajasthan,Sikar,0
SPEC_192258,MAHAKALAPADA,20.34688,86.48563,Community Health Center,2,Odisha,Kendrapara,0
SPEC_192259,Kaladhungi,29.2833,79.35998,Community Health Center,2,Uttarakhand,Nainital,0
SPEC_192307,CHC Bucho Mandi,30.210917,75.09685,Community Health Center,2,Punjab,Bathinda,0
SPEC_192329,Chilh,25.170542,82.549286,Community Health Center,2,Uttar Pradesh,Mirzapur,0
SPEC_192365,Kishangarhbas,27.562675,76.599308,Community Health Center,2,Rajasthan,Alwar,0
SPEC_192426,KANNICHERIPUTHUR,9.469378,77.910149,Community Health Center,2,Tamil Nadu,Virudhunagar,0
SPEC_192536,District Male Hospital,27.570965,80.676122,District Hospital,8,Uttar Pradesh,Sitapur,0
SPEC_192570,"Rural Hospital, Pachod",19.572336,75.626506,Community Health Center,2,Maharashtra,Aurangabad,0
SPEC_192574,(FRU) KOLEGALA TALUKA HOSPITAL,12.1584,77.1107,Sub-District Hospital,3,Karnataka,Chamarajanagar,0
SPEC_192581,Gabberia SGH,22.566351,88.124479,Sub-District Hospital,3,West Bengal,Howrah,0
SPEC_192585,DH MKH,30.337806,76.399537,District Hospital,8,Punjab,Patiala,0
SPEC_192598,Delwara,24.775213,73.746315,Community Health Center,2,Rajasthan,Rajsamand,0
SPEC_192599,Bamanhat RH,26.074433,89.583583,Community Health Center,2,West Bengal,Cooch Behar,0
SPEC_192600,CHC BELLURU,12.9798,76.7345,Community Health Center,2,Karnataka,Mandya,0
SPEC_192610,KANIYAMBADI - CHC Gr.II,12.810262,79.131299,Community Health Center,2,Tamil Nadu,Vellore,0
SPEC_192631,Shirali CHC,14.0356,74.5288,Community Health Center,2,Karnataka,Uttara Kannada,0
SPEC_192634,General Hospital Sawai Madhopur,26.0187,76.3762,District Hospital,8,Rajasthan,Sawai Madhopur,0
SPEC_192825,JHARADIHI,22.43731,86.17247,Community Health Center,2,Odisha,Mayurbhanj,0
SPEC_192898,SADAR HOSPITAL,23.959726,86.806751,District Hospital,8,Jharkhand,JAMTARA,0
