village_id,village_name,state,district,population,male_population,female_population,households,literacy_rate,workforce_participation,latitude,longitude,settlement_type,level
VIL_00000,Village_0,West Bengal,District_D,33855,18156,15699,2031,40.67875753332057,72.5922962919444,22.6018918276419,78.80806000508838,Rural,Village
VIL_00001,Village_1,Madhya Pradesh,District_D,40490,20037,20453,3393,47.86284826804137,70.85955253633205,9.743148126273478,70.21971268146531,Rural,Village
VIL_00002,Village_2,Bihar,District_D,23811,10864,12947,7377,80.82614459936445,30.683084273530472,34.562113912823456,82.57551900415068,Rural,Village
VIL_00003,Village_3,Madhya Pradesh,District_D,26222,13048,13174,1309,53.42888847938842,74.78631777575572,25.848091191147773,78.90242383106535,Rural,Village
VIL_00004,Village_4,Madhya Pradesh,District_E,9260,4805,4455,1467,72.89050145308123,31.447215837168354,13.58804174609607,74.259209007691,Rural,Village
VIL_00005,Village_5,Maharashtra,District_E,27313,13950,13363,3219,61.18064315526663,41.98228924787783,25.58519739250853,76.87332698470095,Rural,Village
VIL_00006,Village_6,Bihar,District_B,39520,19910,19610,6401,87.01431783395938,31.619456888799753,27.64643727295923,74.26509261533748,Rural,Village
VIL_00007,Village_7,Bihar,District_A,7521,3737,3784,7542,92.38284182981539,46.7921743519658,23.24733976381354,73.52354255059846,Rural,Village
VIL_00008,Village_8,Bihar,District_D,21500,10306,11194,6079,88.59606006036047,55.69332628566358,28.824950400724653,71.43577683771795,Rural,Village
VIL_00009,Village_9,Madhya Pradesh,District_B,33637,16069,17568,3203,54.884099708147815,69.8322434507569,24.8621644899301,75.618109795887,Rural,Village
VIL_00010,Village_10,West Bengal,District_A,17827,8913,8914,5482,50.67895779753452,46.89907752349181,35.4853178789323,73.27073133263748,Rural,Village
VIL_00011,Village_11,Bihar,District_C,46982,21896,25086,3236,66.09391914914042,65.27450123365583,9.557215279379898,82.35212422813225,Rural,Village
VIL_00012,Village_12,Madhya Pradesh,District_E,4458,2157,2301,3156,40.40337829598992,39.37522285594902,11.081125545617255,82.36141156442943,Rural,Village
VIL_00013,Village_13,Maharashtra,District_A,28582,13787,14795,3338,41.419516607474996,67.52992283720633,13.036477471675855,78.5386450936684,Rural,Village
VIL_00014,Village_14,West Bengal,District_C,32217,16389,15828,2802,70.43098517926501,41.799830295461874,28.01496104752563,84.33683507687674,Rural,Village
VIL_00015,Village_15,Maharashtra,District_A,23264,10623,12641,9202,68.62471722909072,37.1772377971884,26.722280309744452,85.66813409912702,Rural,Village
VIL_00016,Village_16,West Bengal,District_E,32010,17060,14950,7677,94.7020093969393,39.270442518702716,33.86970694608112,80.17509560611974,Rural,Village
VIL_00017,Village_17,Madhya Pradesh,District_E,32596,16501,16095,4940,51.1013009450067,39.10315644409277,29.25344613363305,80.99763841803211,Rural,Village
VIL_00018,Village_18,Uttar Pradesh,District_B,44411,22964,21447,6344,54.19571610382576,55.64314396884956,22.742309139373177,73.94060410551367,Rural,Village
VIL_00019,Village_19,West Bengal,District_D,29471,15334,14137,6347,46.24473532794577,72.2398790594073,36.76312198144528,86.79225321481591,Rural,Village
VIL_00020,Village_20,Maharashtra,District_A,38567,18479,20088,8437,90.46486553095596,33.980253849625285,15.717130728909677,68.50832693287313,Rural,Village
VIL_00021,Village_21,Madhya Pradesh,District_A,17725,8809,8916,796,82.7796184452148,65.34781592467112,32.16255813377816,75.32065185829975,Rural,Village
VIL_00022,Village_22,West Bengal,District_C,33993,18547,15446,5228,85.22865113012661,62.717322982642884,20.37692079362366,83.15780885254698,Rural,Village
VIL_00023,Village_23,Uttar Pradesh,District_E,10893,5737,5156,707,89.65200833804798,73.62599759146812,26.813319027396293,69.68187970309438,Rural,Village
VIL_00024,Village_24,Uttar Pradesh,District_A,31107,17014,14093,549,68.8694992699211,42.20737802534536,29.090785643120586,71.84656007599415,Rural,Village
VIL_00025,Village_25,Bihar,District_E,25866,13569,12297,5087,64.8156255297898,52.50549293425148,26.378868528519753,80.37500028511988,Rural,Village
VIL_00026,Village_26,Bihar,District_A,39632,18530,21102,8100,58.17153105160891,76.29136872217586,12.074711790149205,79.75986710073471,Rural,Village
VIL_00027,Village_27,Maharashtra,District_B,12423,5670,6753,5538,72.40680378913206,62.99967250676586,20.845579311690052,83.51749421875006,Rural,Village
VIL_00028,Village_28,West Bengal,District_D,45899,23305,22594,2173,64.98531182344024,49.438420643079844,24.281712960060606,85.0648654208516,Rural,Village
VIL_00029,Village_29,West Bengal,District_A,46920,22792,24128,9506,64.83610726330663,36.57061914276342,32.6222690161793,70.70017114874506,Rural,Village
VIL_00030,Village_30,Bihar,District_E,45508,21732,23776,6114,91.53103250521264,43.12425039502955,20.865726715158598,68.38600078528009,Rural,Village
VIL_00031,Village_31,West Bengal,District_B,7943,4215,3728,6994,94.12173328535215,59.06077387446916,34.64367183932329,82.48240891283703,Rural,Village
VIL_00032,Village_32,West Bengal,District_A,14310,6964,7346,9738,83.80664141312694,65.90839737802568,20.77085246773111,74.32922771109354,Rural,Village
VIL_00033,Village_33,Uttar Pradesh,District_C,16556,7975,8581,4794,81.62169496358106,36.221094342594675,23.914615918627337,81.14566219227703,Rural,Village
VIL_00034,Village_34,Bihar,District_D,31467,16834,14633,7712,77.43069889785059,59.9798630022027,31.09228480534123,71.16143634930671,Rural,Village
VIL_00035,Village_35,Madhya Pradesh,District_A,10206,5456,4750,3123,49.13411687834326,57.51756394193755,24.908962848242165,77.84984097998522,Rural,Village
VIL_00036,Village_36,Bihar,District_B,38057,18481,19576,2460,43.250820148161,55.6977723345354,35.84632409910191,78.59291966733218,Rural,Village
VIL_00037,Village_37,Madhya Pradesh,District_C,2572,1371,1201,4155,77.98994733122947,64.5061558841004,27.1497390849097,80.28663414383755,Rural,Village
VIL_00038,Village_38,Uttar Pradesh,District_B,49959,26731,23228,7144,80.08324222411167,71.8724797541731,23.15857416796043,78.77657034294185,Rural,Village
VIL_00039,Village_39,Maharashtra,District_B,6804,3350,3454,5221,42.58351451039769,46.14948415884342,8.68416706564308,78.409506174803,Rural,Village
VIL_00040,Village_40,West Bengal,District_C,3813,1741,2072,864,91.04284626258664,74.45060950554797,19.998254029829567,74.98741723366096,Rural,Village
VIL_00041,Village_41,Uttar Pradesh,District_B,5151,2318,2833,466,45.012735169457265,38.03168063092753,16.678204158544652,69.49478496267982,Rural,Village
VIL_00042,Village_42,West Bengal,District_C,10856,5453,5403,3935,55.72452935741613,38.65119348755822,29.69506436873719,69.87992413273369,Rural,Village
VIL_00043,Village_43,Maharashtra,District_A,2575,1247,1328,3129,76.98143970392874,43.33860318119619,14.040052579452828,77.10934376255022,Rural,Village
VIL_00044,Village_44,Maharashtra,District_C,36478,20052,16426,1254,49.3429926922462,35.97654347735389,13.951382531528083,75.47165568424086,Rural,Village
VIL_00045,Village_45,Uttar Pradesh,District_C,4355,2296,2059,6607,43.04787386432344,41.51596123414388,13.496052253883928,78.83883089816445,Rural,Village
VIL_00046,Village_46,Maharashtra,District_D,14584,7673,6911,246,58.213056904028235,35.32058814514223,11.642852781530841,74.4016015543816,Rural,Village
VIL_00047,Village_47,Madhya Pradesh,District_C,34603,18876,15727,4163,82.12843661703485,71.08762084926951,17.019203106455734,82.4461119205618,Rural,Village
VIL_00048,Village_48,Maharashtra,District_C,8358,4503,3855,7205,62.75232734418932,36.94844959433123,33.69174131885933,86.14305126219972,Rural,Village
VIL_00049,Village_49,West Bengal,District_A,40847,19680,21167,5578,75.91351070493667,67.36487787799284,30.472925696872693,74.27612696452422,Rural,Village
VIL_00050,Village_50,West Bengal,District_D,35296,16469,18827,206,71.87905034754752,32.39569339566669,29.32228527289701,72.0526641667196,Rural,Village
VIL_00051,Village_51,West Bengal,District_E,45213,23718,21495,2555,41.22201651140692,77.42601637569575,31.12276736384892,70.43979205933587,Rural,Village
VIL_00052,Village_52,West Bengal,District_A,40294,19656,20638,1952,94.36969928751387,65.55800437638831,15.813118790557578,80.94133485198707,Rural,Village
VIL_00053,Village_53,Madhya Pradesh,District_A,8633,4293,4340,9060,42.278544885066324,30.33982742930559,33.73580903182214,77.32097581395196,Rural,Village
VIL_00054,Village_54,Bihar,District_E,32681,16766,15915,2052,93.22915057066668,68.1928250100107,11.981797879106526,71.94833006112206,Rural,Village
VIL_00055,Village_55,Uttar Pradesh,District_C,5349,2892,2457,1272,70.2425298100419,55.70409603830927,17.754026074751877,81.71587139912896,Rural,Village
VIL_00056,Village_56,West Bengal,District_B,19301,9494,9807,5529,92.97374648857866,68.96825851675598,25.015695450052945,71.11814684311098,Rural,Village
VIL_00057,Village_57,Maharashtra,District_D,9786,5170,4616,5094,46.31144796776095,56.124840444529426,10.984247561918018,79.640314822807,Rural,Village
VIL_00058,Village_58,West Bengal,District_B,46977,22400,24577,1901,66.97246855520322,62.051242881767735,29.173775445516323,79.07011601413056,Rural,Village
VIL_00059,Village_59,Maharashtra,District_E,32107,16689,15418,289,49.322725052633224,69.31658276975202,19.230135397900774,83.41878382490775,Rural,Village
VIL_00060,Village_60,Maharashtra,District_A,761,342,419,1650,42.803618236234335,50.255402729392834,30.747764302643603,69.157302438754,Rural,Village
VIL_00061,Village_61,West Bengal,District_A,44943,24141,20802,4425,73.96410132842713,30.135407491022605,22.29399228195348,86.64533156887794,Rural,Village
VIL_00062,Village_62,Madhya Pradesh,District_D,30237,13698,16539,6159,51.428088152893025,72.49732479725942,13.245361208334755,82.7628262490832,Rural,Village
VIL_00063,Village_63,Maharashtra,District_A,47656,24841,22815,1594,72.32333600581504,49.04451813123313,29.308092529304986,72.53864596532401,Rural,Village
VIL_00064,Village_64,Maharashtra,District_A,42928,19516,23412,1715,46.180046507194206,54.802136300829154,15.312174719329363,71.85151232080453,Rural,Village
VIL_00065,Village_65,West Bengal,District_D,48704,23213,25491,3278,58.25925592879865,30.388332107698435,22.233498736773242,77.06486449701946,Rural,Village
VIL_00066,Village_66,Maharashtra,District_D,10626,5310,5316,3282,82.9897906929286,54.6046005175049,10.19046480555032,85.16887192043654,Rural,Village
VIL_00067,Village_67,Maharashtra,District_E,3474,1709,1765,1465,64.03783370132032,79.32437007858647,25.918132977949064,85.70194985592124,Rural,Village
VIL_00068,Village_68,West Bengal,District_A,25692,12054,13638,6283,74.5259978193535,43.913383040938484,27.30987522027204,78.92957793492704,Rural,Village
VIL_00069,Village_69,West Bengal,District_A,29082,14057,15025,8431,75.61018674100504,49.7709135121189,18.981552089210723,86.07702811642149,Rural,Village
VIL_00070,Village_70,Uttar Pradesh,District_E,307,160,147,72,86.40652741930114,64.35949982343382,35.67826062931114,68.1143178930255,Rural,Village
VIL_00071,Village_71,Madhya Pradesh,District_C,35533,18367,17166,9969,57.87075369236527,70.73968337618294,33.350898722979984,68.73866726216353,Rural,Village
VIL_00072,Village_72,Madhya Pradesh,District_C,23297,10650,12647,5590,77.80125594203847,50.869581200305014,28.53028655645985,87.1482534663716,Rural,Village
VIL_00073,Village_73,Maharashtra,District_C,33500,17578,15922,7599,92.8888693875391,45.483443520064625,28.695910160318537,84.28197052760424,Rural,Village
VIL_00074,Village_74,Madhya Pradesh,District_E,3183,1449,1734,1686,80.16338338968274,76.89128999925336,15.319649733322386,77.4648272232581,Rural,Village
VIL_00075,Village_75,Maharashtra,District_A,29428,14840,14588,6921,66.94287621947595,63.85724833358346,27.04764170156502,83.82581276103772,Rural,Village
VIL_00076,Village_76,Uttar Pradesh,District_E,46579,22171,24408,2805,74.68945944705611,35.95106522465706,13.74798169183007,88.06842869619186,Rural,Village
VIL_00077,Village_77,West Bengal,District_E,42991,21872,21119,739,80.68255937697094,33.44639390673243,12.176093493674841,84.213880001507,Rural,Village
VIL_00078,Village_78,West Bengal,District_C,20203,9619,10584,8617,73.67516711316298,54.177492539518454,36.984568931874826,85.68979801018476,Rural,Village
VIL_00079,Village_79,West Bengal,District_B,39991,21934,18057,6875,40.91716974194115,41.004503302363624,26.04890201272205,83.97273820919129,Rural,Village
VIL_00080,Village_80,Madhya Pradesh,District_A,10854,5220,5634,2314,50.71254237279742,42.69923766881267,20.498648307058524,71.53243294110437,Rural,Village
VIL_00081,Village_81,Uttar Pradesh,District_C,34547,16382,18165,8283,84.57575194685063,73.88460894139241,16.35677116363459,85.50505630256048,Rural,Village
VIL_00082,Village_82,Madhya Pradesh,District_B,16001,7646,8355,9441,54.99578560218666,34.478301215815534,25.513692866204593,72.09728522050841,Rural,Village
VIL_00083,Village_83,Madhya Pradesh,District_B,33104,17864,15240,9779,80.23591657586238,65.76820576144448,9.438211738382497,86.7448378889271,Rural,Village
VIL_00084,Village_84,Uttar Pradesh,District_D,7546,3875,3671,4502,60.46661183829343,43.5571126690294,10.745748724639057,77.6316478597026,Rural,Village
VIL_00085,Village_85,Uttar Pradesh,District_A,37311,19516,17795,718,68.70363804868687,68.01641107020689,8.952844234471494,82.2165117985316,Rural,Village
VIL_00086,Village_86,Uttar Pradesh,District_B,48331,26185,22146,7263,43.7385314900672,66.12056922317723,22.47592516461719,78.44205780549352,Rural,Village
VIL_00087,Village_87,Uttar Pradesh,District_C,29401,15911,13490,9038,49.96740585773402,30.36959507221465,25.417592246428296,69.97380951774865,Rural,Village
VIL_00088,Village_88,West Bengal,District_D,26216,13734,12482,5938,92.6458329935579,55.45677064607996,9.811913079376804,74.10516846003397,Rural,Village
VIL_00089,Village_89,Bihar,District_A,41423,19459,21964,368,88.95759293958027,36.96597411890232,28.91550955746858,88.65836893393713,Rural,Village
VIL_00090,Village_90,Bihar,District_E,18852,10073,8779,5394,75.87513109944777,73.31135152893384,14.681457073922367,88.17500978506617,Rural,Village
VIL_00091,Village_91,Uttar Pradesh,District_C,32476,15275,17201,7889,65.28045285621556,73.57929414312034,27.870842159326116,74.73022485076649,Rural,Village
VIL_00092,Village_92,Bihar,District_B,16769,8791,7978,327,77.1668711092373,50.9172903746879,36.47501706102212,88.92223288914974,Rural,Village
VIL_00093,Village_93,Bihar,District_B,33016,17120,15896,3436,74.02356590016664,52.21978092255402,28.042070231561684,85.75657510543489,Rural,Village
VIL_00094,Village_94,Uttar Pradesh,District_C,13495,7096,6399,4840,71.27037405825367,45.164146970226355,33.612598534784645,80.83014948807735,Rural,Village
VIL_00095,Village_95,Bihar,District_B,20521,10327,10194,3578,43.2547389524948,65.83031494800156,35.49775669554896,68.8426170254812,Rural,Village
VIL_00096,Village_96,Madhya Pradesh,District_D,26442,13587,12855,4498,74.80414358638288,47.933068151322956,22.11578040221715,86.93038342030597,Rural,Village
VIL_00097,Village_97,Maharashtra,District_A,4995,2723,2272,6551,82.29060245141426,43.38962372613169,28.367424403171498,79.70601486455071,Rural,Village
VIL_00098,Village_98,Maharashtra,District_D,11123,5117,6006,4640,94.67449100550665,51.61155297522541,32.70710835311941,86.23799917525815,Rural,Village
VIL_00099,Village_99,Uttar Pradesh,District_B,10799,5193,5606,3005,40.60932039268703,34.57437591937293,18.3416584733572,85.52301151802058,Rural,Village
VIL_00100,Village_100,West Bengal,District_E,9815,5016,4799,8132,80.15953993208721,67.33016023221019,15.580522180251451,85.4931305192228,Rural,Village
VIL_00101,Village_101,Uttar Pradesh,District_A,19269,10528,8741,8487,71.44841237647893,30.62982006358935,35.45135861057182,82.66165107501301,Rural,Village
VIL_00102,Village_102,West Bengal,District_A,16263,7473,8790,2567,63.87286968445262,62.2242530760297,29.06280151069572,74.11971791219702,Rural,Village
VIL_00103,Village_103,Maharashtra,District_C,5882,2660,3222,356,47.0163596014254,39.14322633774362,14.370781867898963,75.05936541263492,Rural,Village
VIL_00104,Village_104,Uttar Pradesh,District_C,22741,10360,12381,2999,62.49968317491819,41.62020231072066,21.02341838760729,74.47785346423642,Rural,Village
VIL_00105,Village_105,Madhya Pradesh,District_E,18892,8600,10292,3988,59.490745064237444,61.781599932001996,31.097101316596472,68.42096599018386,Rural,Village
VIL_00106,Village_106,Bihar,District_A,49592,26818,22774,930,56.65564389383082,79.64717328914536,23.86482673663482,80.23394709351103,Rural,Village
VIL_00107,Village_107,West Bengal,District_E,35685,18632,17053,2016,80.19837928272142,68.88587445362754,26.848610846810782,82.6755070793667,Rural,Village
VIL_00108,Village_108,Bihar,District_C,30782,15936,14846,3149,78.53990367063452,41.291981611169604,29.85927785930652,85.93118586402927,Rural,Village
VIL_00109,Village_109,Bihar,District_C,47964,24090,23874,5467,72.39610500395014,38.80123775205669,26.038266475460436,70.94347410103734,Rural,Village
VIL_00110,Village_110,Uttar Pradesh,District_A,18980,10025,8955,6149,91.62656473113547,73.31164351338352,23.662300335743677,79.42784612851284,Rural,Village
VIL_00111,Village_111,Bihar,District_D,38167,17769,20398,5870,59.241991129946996,52.20919739607521,29.73881424724543,68.16817095414945,Rural,Village
VIL_00112,Village_112,Madhya Pradesh,District_B,42785,20930,21855,4224,53.40910657405988,36.852640141407775,29.09932802753382,69.99696660192532,Rural,Village
VIL_00113,Village_113,Bihar,District_C,18173,9068,9105,7466,76.07468222041197,73.1105711660969,26.266299605312188,69.13844662832585,Rural,Village
VIL_00114,Village_114,Uttar Pradesh,District_C,36135,16659,19476,8539,50.93477335155716,70.80461764571308,18.43389298807596,83.23503871432523,Rural,Village
VIL_00115,Village_115,Madhya Pradesh,District_D,37274,18336,18938,334,57.32557789508836,79.19531819485817,19.768550673807876,69.70225084142966,Rural,Village
VIL_00116,Village_116,Maharashtra,District_D,24937,12010,12927,1154,52.35313420411867,75.4871843356342,36.14271791763883,83.0455126127346,Rural,Village
VIL_00117,Village_117,Bihar,District_E,17926,8130,9796,4896,43.803446224517565,72.58951693302708,11.259192036454248,73.24211879262225,Rural,Village
VIL_00118,Village_118,Uttar Pradesh,District_E,25081,11629,13452,8122,85.51243078996204,32.62871989055016,15.786642600332225,86.43197217463573,Rural,Village
VIL_00119,Village_119,Maharashtra,District_B,10482,5517,4965,9732,53.99972986069136,35.2207684749059,22.279651016925733,85.0761497556401,Rural,Village
VIL_00120,Village_120,Maharashtra,District_B,4537,2049,2488,8367,66.01651268386614,58.449159715206136,32.26516089816979,88.1144345669808,Rural,Village
VIL_00121,Village_121,West Bengal,District_A,5535,3007,2528,5612,42.38234002898716,56.57396231409105,12.746594248162108,86.55900232461867,Rural,Village
VIL_00122,Village_122,Madhya Pradesh,District_E,24919,11428,13491,1744,78.46367064389537,52.898160724476774,16.031683925613684,87.5999178014433,Rural,Village
VIL_00123,Village_123,Bihar,District_C,36975,19593,17382,3363,58.180855126846,49.83946627072921,9.908148316061931,86.03359032677946,Rural,Village
VIL_00124,Village_124,Uttar Pradesh,District_E,32082,17319,14763,906,80.96052003060655,51.56052424321645,28.473572715473736,82.56101991291196,Rural,Village
VIL_00125,Village_125,West Bengal,District_C,33428,18188,15240,741,62.68216832573263,58.464896706739765,14.908073628792867,71.57544219463415,Rural,Village
VIL_00126,Village_126,Madhya Pradesh,District_D,12429,6671,5758,7698,50.76655835230935,30.10382588000406,19.271567769457562,73.70585789593595,Rural,Village
VIL_00127,Village_127,West Bengal,District_E,25269,12097,13172,9124,68.22462952551197,43.03543870664261,20.86734196386037,72.46726628873573,Rural,Village
VIL_00128,Village_128,Madhya Pradesh,District_D,22032,10648,11384,3377,47.177750780059185,55.91398603443555,33.84810413258721,80.67530154082232,Rural,Village
VIL_00129,Village_129,Madhya Pradesh,District_B,34694,17092,17602,890,64.2296537930147,66.11080493368232,19.928578419605866,78.57601869744563,Rural,Village
VIL_00130,Village_130,Bihar,District_B,11521,5344,6177,6771,57.451801258126764,38.70783461976981,12.211525577542222,86.2086799403269,Rural,Village
VIL_00131,Village_131,Madhya Pradesh,District_A,45133,20410,24723,517,90.15777713097982,57.34405868937165,23.205133211863508,88.0061301964806,Rural,Village
VIL_00132,Village_132,West Bengal,District_E,7729,4149,3580,1776,43.351079694639594,65.7229841942891,35.92578184481026,76.50205768198103,Rural,Village
VIL_00133,Village_133,Madhya Pradesh,District_D,8425,4258,4167,1137,78.17095777581582,52.23138289569523,25.62288359047352,78.63336161889706,Rural,Village
VIL_00134,Village_134,Bihar,District_C,28595,14608,13987,2848,50.05131412930898,31.354056683502552,36.518229393356606,88.40184349288693,Rural,Village
VIL_00135,Village_135,Bihar,District_B,31850,17284,14566,1667,57.54747908827319,52.463407923281835,32.392111959227236,73.80101777408602,Rural,Village
VIL_00136,Village_136,West Bengal,District_B,29719,15350,14369,7012,62.853273468413626,44.822244387207654,9.043006930188971,84.64020628253509,Rural,Village
VIL_00137,Village_137,Maharashtra,District_C,40561,21054,19507,6791,89.94082991562358,76.48248038506642,27.093588265934212,72.73003794904017,Rural,Village
VIL_00138,Village_138,Maharashtra,District_D,8364,4422,3942,162,53.34180463406038,36.23066928391637,16.316239449178624,82.31066242393071,Rural,Village
VIL_00139,Village_139,Madhya Pradesh,District_D,12786,5902,6884,2781,45.021984139956864,62.62379777536161,24.22888881369699,73.32592818040985,Rural,Village
VIL_00140,Village_140,Uttar Pradesh,District_E,46584,22640,23944,3455,57.527928219478795,32.635988316725054,16.10101053700557,86.55840116545912,Rural,Village
VIL_00141,Village_141,Madhya Pradesh,District_E,24326,13301,11025,6642,45.75717837945433,52.30852189063482,18.11724208155342,79.79103681847022,Rural,Village
VIL_00142,Village_142,West Bengal,District_A,6821,3698,3123,7089,47.07280672783039,57.69897436100403,34.7718926408712,71.90460645836208,Rural,Village
VIL_00143,Village_143,West Bengal,District_B,20709,11149,9560,4532,71.56178288862647,44.89774656584327,13.992652361859454,72.7117526896682,Rural,Village
VIL_00144,Village_144,West Bengal,District_E,7473,3700,3773,1868,43.349606320472134,52.753781776019224,33.349164422749084,78.3708331098701,Rural,Village
VIL_00145,Village_145,West Bengal,District_D,38775,20772,18003,2716,41.701198476646134,38.17768972650937,8.883276434044408,88.19364253707246,Rural,Village
VIL_00146,Village_146,West Bengal,District_C,48995,22284,26711,1737,79.29277558087738,45.206192473401806,10.635419612719803,84.16248544155674,Rural,Village
VIL_00147,Village_147,Bihar,District_D,29037,13497,15540,3092,59.89059021625745,61.055316245510156,32.78557620014364,78.25450249934275,Rural,Village
VIL_00148,Village_148,Maharashtra,District_B,5756,2828,2928,9279,46.89564420786303,45.09000279305776,26.286124896366665,75.09210203580656,Rural,Village
VIL_00149,Village_149,West Bengal,District_D,9084,4526,4558,2806,53.94870239728395,74.98715392044357,29.669848003146956,79.5346383603173,Rural,Village
VIL_00150,Village_150,Uttar Pradesh,District_A,30084,14330,15754,3811,75.31475790438195,61.420347882049484,14.073112453833772,83.71557750200101,Rural,Village
VIL_00151,Village_151,Uttar Pradesh,District_B,8386,4072,4314,9500,55.15451119274682,51.93245092179922,23.575420212113002,84.4625003575088,Rural,Village
VIL_00152,Village_152,Uttar Pradesh,District_C,6001,2798,3203,3891,67.19866188162243,31.937846777709122,29.379357483567837,74.81678476003584,Rural,Village
VIL_00153,Village_153,Uttar Pradesh,District_A,31652,15791,15861,1826,46.693241869966975,54.97741676023357,26.19210997329761,83.14434463249142,Rural,Village
VIL_00154,Village_154,Bihar,District_B,25809,13662,12147,1524,72.34515006829957,68.23881210625446,21.679264239845075,81.81356438075991,Rural,Village
VIL_00155,Village_155,Uttar Pradesh,District_C,31155,16080,15075,3328,57.38427261137952,43.27787990062068,35.833729806693725,88.14135813192217,Rural,Village
VIL_00156,Village_156,West Bengal,District_A,37785,17410,20375,7137,74.48326389907942,70.33867848243837,27.608562670149915,87.5528961006683,Rural,Village
VIL_00157,Village_157,Madhya Pradesh,District_A,8529,4253,4276,5068,84.46171852672126,42.590338302544076,34.3247732069959,84.57696583767512,Rural,Village
VIL_00158,Village_158,Uttar Pradesh,District_B,14816,7700,7116,8283,73.64055306644958,71.18731939754002,29.163344835636757,83.19128846595349,Rural,Village
VIL_00159,Village_159,Bihar,District_E,48663,24476,24187,1710,56.26611594272614,34.26341708058387,29.328442329332812,73.7548733837898,Rural,Village
VIL_00160,Village_160,Bihar,District_A,11238,5497,5741,9556,54.06590358515652,73.30918544345147,10.3205298229727,85.7652703780692,Rural,Village
VIL_00161,Village_161,Uttar Pradesh,District_A,35398,18130,17268,3323,58.008152730339646,54.95932254666653,18.424474033764362,76.97761977798069,Rural,Village
VIL_00162,Village_162,Madhya Pradesh,District_C,23529,12867,10662,3133,49.05412822800777,44.8268794810131,32.89271279487009,73.71705139262694,Rural,Village
VIL_00163,Village_163,Uttar Pradesh,District_D,5872,2698,3174,9094,49.964451796751106,43.25566252075744,14.745512002313923,76.06737591702272,Rural,Village
VIL_00164,Village_164,Bihar,District_B,48344,23640,24704,7870,83.48801060450924,51.600527946518135,11.349670118537519,85.55464529034667,Rural,Village
VIL_00165,Village_165,Maharashtra,District_B,48619,23855,24764,6436,61.16029170790947,79.95247490518224,17.45707564252501,71.12129752713558,Rural,Village
VIL_00166,Village_166,West Bengal,District_E,35832,18191,17641,1524,63.979734931382225,41.016369671879126,14.392698661885806,77.57933356351627,Rural,Village
VIL_00167,Village_167,Bihar,District_E,40005,18611,21394,8944,72.67272060617461,35.16083244394998,34.8333576490015,78.33950948511928,Rural,Village
VIL_00168,Village_168,Uttar Pradesh,District_B,17447,8159,9288,9960,72.43094223333512,59.2517584359331,33.1710326180618,68.76922364957521,Rural,Village
VIL_00169,Village_169,West Bengal,District_E,17020,8144,8876,3944,43.705727933705916,54.42712332201286,22.49081367820422,72.11066662051147,Rural,Village
VIL_00170,Village_170,Uttar Pradesh,District_C,31922,17416,14506,8635,85.7347432485716,56.20981355316537,9.778972360032173,85.36159100009299,Rural,Village
VIL_00171,Village_171,Uttar Pradesh,District_B,46759,24474,22285,9803,49.752960427316665,63.346770877860855,28.72230803670153,85.44611516048997,Rural,Village
VIL_00172,Village_172,Maharashtra,District_E,40208,20754,19454,4505,79.76893998273178,43.35720349353247,26.078940208751675,74.14071676156921,Rural,Village
VIL_00173,Village_173,West Bengal,District_B,23663,12581,11082,8120,82.49690434704917,75.53324976919441,36.14608545112638,86.37284192655645,Rural,Village
VIL_00174,Village_174,West Bengal,District_D,8067,3733,4334,8704,79.31947437502225,51.783603306114514,24.209643967840933,84.2074417204353,Rural,Village
VIL_00175,Village_175,Maharashtra,District_A,45283,24268,21015,211,71.84377056047799,36.45430975712309,17.75541797868437,76.7760571597036,Rural,Village
VIL_00176,Village_176,Bihar,District_B,11971,6099,5872,8710,40.803494840988556,67.11493783669721,23.05162911377812,83.7165332325058,Rural,Village
VIL_00177,Village_177,Uttar Pradesh,District_A,28863,13956,14907,4937,59.82065207997439,62.155217630892516,36.39863545073097,88.18802725509093,Rural,Village
VIL_00178,Village_178,Madhya Pradesh,District_E,12016,6387,5629,5851,73.26616861494196,45.78717012420185,28.194510543457884,77.63836407937232,Rural,Village
VIL_00179,Village_179,Uttar Pradesh,District_A,8834,4684,4150,9468,61.30982127573962,61.075936201702426,27.487307999884482,73.00697075802316,Rural,Village
VIL_00180,Village_180,Uttar Pradesh,District_B,33713,18021,15692,4342,87.49139422020471,40.993097818448845,14.979766102050675,87.77814650105327,Rural,Village
VIL_00181,Village_181,Bihar,District_D,28279,13052,15227,7019,56.98412514422884,52.241967967026476,29.564473009257913,80.67863005982838,Rural,Village
VIL_00182,Village_182,Uttar Pradesh,District_E,35362,19340,16022,9028,56.144413585226324,74.97062610836626,29.75788305468138,70.21056841208893,Rural,Village
VIL_00183,Village_183,Maharashtra,District_B,12777,6975,5802,7302,54.62987312009619,36.67671165803747,17.201380529501254,80.02633913299047,Rural,Village
VIL_00184,Village_184,Maharashtra,District_E,18368,8922,9446,9685,58.30294779284375,49.334822499373104,22.02770113933068,78.51219867841428,Rural,Village
VIL_00185,Village_185,West Bengal,District_C,12430,5675,6755,9298,70.65727303728029,71.05712123601737,16.543496655273223,85.96736677558684,Rural,Village
VIL_00186,Village_186,Madhya Pradesh,District_A,20833,9722,11111,1894,78.8858411849925,78.4745449703089,15.502447039404313,79.14459898503395,Rural,Village
VIL_00187,Village_187,Uttar Pradesh,District_C,38047,20898,17149,9082,76.44123547563318,52.69630682108979,8.75098603723507,73.35988112122995,Rural,Village
VIL_00188,Village_188,Uttar Pradesh,District_B,27386,13865,13521,4783,84.42448009898138,55.34998100716737,16.27114059494663,82.18852534116266,Rural,Village
VIL_00189,Village_189,Bihar,District_D,6710,3258,3452,8484,88.72526975235837,58.60859808918849,24.06512854646997,79.39408450324719,Rural,Village
VIL_00190,Village_190,Maharashtra,District_E,6530,3126,3404,9241,84.88434732888432,76.61740708168554,8.046434438921835,72.89393719360432,Rural,Village
VIL_00191,Village_191,Madhya Pradesh,District_A,40022,19038,20984,1071,41.0419971855895,72.91033954885148,16.213353430480353,80.04618501680106,Rural,Village
VIL_00192,Village_192,West Bengal,District_E,13928,7192,6736,9785,80.47548744535939,38.53005623108221,33.56089963737425,85.2522471356834,Rural,Village
VIL_00193,Village_193,Maharashtra,District_B,43013,21159,21854,7558,51.46197654900824,51.837890892353755,25.215808968113464,68.59998927220423,Rural,Village
VIL_00194,Village_194,West Bengal,District_E,31597,17269,14328,7431,47.31104234893905,53.20002140982132,25.628021898348432,81.24787181154734,Rural,Village
VIL_00195,Village_195,Bihar,District_A,39356,20401,18955,6340,75.11688316395245,69.45480558243784,19.697564845764244,75.34128911147224,Rural,Village
VIL_00196,Village_196,Bihar,District_B,36718,19431,17287,2125,57.585875747423216,60.144644130271764,27.61769216127992,74.14610036094791,Rural,Village
VIL_00197,Village_197,Uttar Pradesh,District_E,49941,23935,26006,327,43.14144398537438,62.71102310145065,13.508050220680415,76.24434275758334,Rural,Village
VIL_00198,Village_198,Madhya Pradesh,District_D,46432,21262,25170,7757,47.56963539190988,79.90999538328089,31.743657501141556,75.18247594920761,Rural,Village
VIL_00199,Village_199,West Bengal,District_B,26626,13280,13346,3379,40.051117927847855,33.74800217350065,11.383984478141095,85.47702124087728,Rural,Village
VIL_00200,Village_200,Maharashtra,District_B,30258,14567,15691,3196,89.67729950395889,41.15049117668665,27.02403928494017,73.77075402612591,Rural,Village
VIL_00201,Village_201,Bihar,District_D,25132,11817,13315,1271,41.35398911126812,50.394796868577345,17.893330448770808,83.39621348523829,Rural,Village
VIL_00202,Village_202,Uttar Pradesh,District_C,37946,20690,17256,5386,51.520067323023106,47.38912015244436,29.677876146891826,69.97525622480036,Rural,Village
VIL_00203,Village_203,Uttar Pradesh,District_A,45036,22265,22771,1537,62.8944529378349,31.08227806734918,23.94317198671458,87.97932382217273,Rural,Village
VIL_00204,Village_204,West Bengal,District_C,29894,13974,15920,6246,59.61142292729505,34.58888032355879,21.118238115882768,81.06864938221959,Rural,Village
VIL_00205,Village_205,Bihar,District_E,5548,2606,2942,5325,90.14492323020266,64.04766457017881,12.913249660704164,82.84109011793576,Rural,Village
VIL_00206,Village_206,Madhya Pradesh,District_D,28961,13845,15116,9590,42.21589201539982,73.96622316812804,26.467822464246233,74.25882597398348,Rural,Village
VIL_00207,Village_207,Bihar,District_C,28241,15530,12711,5889,68.17180892223783,55.71135056329888,36.26832545919198,76.65402794287041,Rural,Village
VIL_00208,Village_208,West Bengal,District_B,9174,4374,4800,8059,77.42637043884056,56.95955397568165,31.942499322303433,72.6993461116905,Rural,Village
VIL_00209,Village_209,West Bengal,District_E,6506,3141,3365,4911,91.24338855246428,42.75467164161897,9.740237585081342,87.5832578018467,Rural,Village
VIL_00210,Village_210,Bihar,District_E,31923,16470,15453,5012,74.12041886680466,68.39381818168556,18.91065197247454,78.25019338912892,Rural,Village
VIL_00211,Village_211,West Bengal,District_C,23391,11213,12178,1981,84.20653798064694,67.58972936836281,34.84190726651788,81.23941042881779,Rural,Village
VIL_00212,Village_212,Bihar,District_C,41668,19649,22019,2883,44.604871581494166,59.41828446088283,22.58826867915362,83.41971264114503,Rural,Village
VIL_00213,Village_213,Maharashtra,District_D,32103,14955,17148,6623,61.226673101531006,40.63321432556714,27.201242948437198,75.79322791309032,Rural,Village
VIL_00214,Village_214,Bihar,District_A,46951,22596,24355,4587,60.56709239634871,34.85091091185447,34.465381022150325,83.12213474532197,Rural,Village
VIL_00215,Village_215,Bihar,District_C,34506,15893,18613,6533,88.74585190506447,33.2119287928563,33.34004602217654,82.19584228488314,Rural,Village
VIL_00216,Village_216,West Bengal,District_C,23412,10579,12833,4025,48.32541441948012,59.63480333214389,22.552790890674817,82.81884601135287,Rural,Village
VIL_00217,Village_217,West Bengal,District_B,43208,22920,20288,9134,48.35373947851467,71.25176595714001,20.69174277707046,78.27382790429687,Rural,Village
VIL_00218,Village_218,Uttar Pradesh,District_E,1482,687,795,203,58.070698243718915,72.91652158904624,17.851085935908024,76.04168502812396,Rural,Village
VIL_00219,Village_219,Uttar Pradesh,District_A,34271,18081,16190,7775,42.99563260517607,53.18110371717249,28.851563851723842,72.66372595238879,Rural,Village
VIL_00220,Village_220,Maharashtra,District_B,41879,22185,19694,3378,50.03519223588695,69.21356496533585,16.322617184674755,85.31715340881875,Rural,Village
VIL_00221,Village_221,Uttar Pradesh,District_D,3392,1708,1684,6635,93.08653012001542,77.34400981705119,15.246740586496104,80.77535097716526,Rural,Village
VIL_00222,Village_222,Bihar,District_D,41879,20142,21737,9610,63.5501166926945,43.7585056244034,18.331246943509623,77.3313961180474,Rural,Village
VIL_00223,Village_223,West Bengal,District_C,33287,15461,17826,6817,74.76105646323401,49.89801731903786,13.139236649484968,87.82391404092284,Rural,Village
VIL_00224,Village_224,Uttar Pradesh,District_C,12511,6551,5960,8748,79.93611926395502,76.57394962983403,28.158474662427253,69.00461506264782,Rural,Village
VIL_00225,Village_225,Uttar Pradesh,District_D,37385,19071,18314,7698,60.182877385396026,46.91154836586424,25.870978830587756,85.853610849306,Rural,Village
VIL_00226,Village_226,Maharashtra,District_C,15522,8002,7520,5718,48.097489092578435,75.69381451608982,22.00347748935946,88.94923445186542,Rural,Village
VIL_00227,Village_227,Maharashtra,District_A,42568,19192,23376,1293,51.36195589219795,79.05224311272329,19.319447598585086,86.62578432854022,Rural,Village
VIL_00228,Village_228,Bihar,District_C,32471,17623,14848,6673,57.22965621193357,63.09053642872124,34.36281374400521,85.01916829792813,Rural,Village
VIL_00229,Village_229,West Bengal,District_E,5793,2645,3148,1116,74.98376311937241,70.84451447520841,8.844589764684054,75.86042586153282,Rural,Village
VIL_00230,Village_230,Maharashtra,District_C,33635,16369,17266,9517,61.90543019989799,67.47727821105426,30.304124561711674,72.85759782750816,Rural,Village
VIL_00231,Village_231,Uttar Pradesh,District_B,14918,7313,7605,9127,40.37480838450705,64.97671288077619,34.15537758071777,83.43186093049162,Rural,Village
VIL_00232,Village_232,West Bengal,District_A,31338,14106,17232,8022,68.78739517871095,45.346553649061626,20.944282803467853,74.39608269205993,Rural,Village
VIL_00233,Village_233,West Bengal,District_B,30974,15477,15497,4267,90.68323655490798,32.85471689539719,23.970024252648756,71.69683332525439,Rural,Village
VIL_00234,Village_234,Uttar Pradesh,District_B,26815,14085,12730,9240,84.66426860547735,47.15258662598253,35.3894469485791,84.51704362917542,Rural,Village
VIL_00235,Village_235,Maharashtra,District_E,27705,14748,12957,5334,85.38662541927971,63.34679926019533,14.156047943279919,74.56341669697116,Rural,Village
VIL_00236,Village_236,Uttar Pradesh,District_A,34417,18514,15903,3374,83.72819096833722,35.12645991139007,23.08391058575586,87.2032763192341,Rural,Village
VIL_00237,Village_237,West Bengal,District_A,31274,15598,15676,290,57.8051954085733,30.595899148912103,21.76691268671817,85.65328554120163,Rural,Village
VIL_00238,Village_238,Madhya Pradesh,District_A,10056,5159,4897,1206,82.08566085649156,36.98461863014693,15.493386788240732,85.80044691969437,Rural,Village
VIL_00239,Village_239,Madhya Pradesh,District_A,39008,17863,21145,6325,47.87387467961561,65.78679632053976,31.73920368082013,84.20296424717235,Rural,Village
VIL_00240,Village_240,Bihar,District_A,10937,5455,5482,2418,76.17438810017745,78.6396850828222,34.08841724813384,86.49850989926946,Rural,Village
VIL_00241,Village_241,Uttar Pradesh,District_E,3816,1776,2040,7015,75.2862711676747,79.15323498074102,30.676044813858056,84.92068473574052,Rural,Village
VIL_00242,Village_242,Uttar Pradesh,District_C,4581,2230,2351,7319,41.4063389499354,54.6989574570094,13.665409864609643,80.6527386350693,Rural,Village
VIL_00243,Village_243,Bihar,District_B,24382,11774,12608,4202,83.33835734750124,73.46761504961736,10.515710429540064,74.21227709021913,Rural,Village
VIL_00244,Village_244,Bihar,District_A,6648,3273,3375,9923,89.67864578023219,66.8413227875752,25.557890073854928,86.65239305749714,Rural,Village
VIL_00245,Village_245,Bihar,District_C,37705,19122,18583,2250,54.707840315965925,55.05201184923017,9.655748054786635,85.65267607823702,Rural,Village
VIL_00246,Village_246,West Bengal,District_C,7858,4245,3613,6531,84.68148983023829,58.63802664775434,27.51195076818444,77.93046576642145,Rural,Village
VIL_00247,Village_247,Uttar Pradesh,District_B,43768,21422,22346,148,44.53232845240715,36.86135733084355,23.382302389490036,68.82065240604106,Rural,Village
VIL_00248,Village_248,West Bengal,District_E,23277,12758,10519,9481,72.99823220435863,76.88307303082959,27.220786249566245,81.40941827544019,Rural,Village
VIL_00249,Village_249,Bihar,District_D,24122,12685,11437,3692,66.71057759338524,47.596488536588836,25.114952435842575,69.06253392720822,Rural,Village
VIL_00250,Village_250,Uttar Pradesh,District_D,40861,20477,20384,9813,70.025794331995,52.307462822858476,20.25837451628801,87.45187919881656,Rural,Village
VIL_00251,Village_251,West Bengal,District_C,5642,2902,2740,4785,90.94128610363899,63.583011549894934,13.82543822406662,88.19425638913145,Rural,Village
VIL_00252,Village_252,West Bengal,District_B,25576,11770,13806,3990,87.92233859857694,46.695123576327696,16.86536193850417,71.97929306389169,Rural,Village
VIL_00253,Village_253,Bihar,District_D,30884,16506,14378,7565,83.17960114818663,42.71295804944653,23.210516652350314,82.20417693915311,Rural,Village
VIL_00254,Village_254,Uttar Pradesh,District_C,22840,11608,11232,5572,55.0534151723104,61.55246966351103,26.90417471578057,69.93764909581802,Rural,Village
VIL_00255,Village_255,Bihar,District_E,24917,13669,11248,647,90.15002457773504,31.24920411409247,30.605007489651324,83.31985550003556,Rural,Village
VIL_00256,Village_256,Uttar Pradesh,District_D,47696,24498,23198,6609,45.36292308551314,66.03625560133395,30.247950835022763,75.29304098920616,Rural,Village
VIL_00257,Village_257,Madhya Pradesh,District_C,16152,8615,7537,2064,86.93310691073333,55.70116849382549,36.207973554571474,82.30205234633935,Rural,Village
VIL_00258,Village_258,Maharashtra,District_C,35253,18683,16570,2361,58.04880397944843,60.28768652604672,16.289402011238874,75.83040669324573,Rural,Village
VIL_00259,Village_259,Maharashtra,District_A,47176,22858,24318,5904,42.957477141409086,61.59400796234426,10.062210538189667,71.05691770649796,Rural,Village
VIL_00260,Village_260,Maharashtra,District_E,771,366,405,8205,76.81463413324116,56.352507824628184,18.02405113071392,76.52830959055372,Rural,Village
VIL_00261,Village_261,Bihar,District_A,263,129,134,269,52.72039605737755,59.126688872036794,29.555539781498222,70.3661440593306,Rural,Village
VIL_00262,Village_262,Madhya Pradesh,District_B,41524,20625,20899,2945,53.396411922554755,64.18941004449373,20.70523787996556,80.11454877451587,Rural,Village
VIL_00263,Village_263,Uttar Pradesh,District_A,44102,20904,23198,5063,56.83259414258244,67.65594235898371,31.715864487093164,68.85998217513908,Rural,Village
VIL_00264,Village_264,West Bengal,District_A,4895,2640,2255,994,43.50266221263842,66.37261956430604,23.930464590394436,79.07371327159706,Rural,Village
VIL_00265,Village_265,Uttar Pradesh,District_D,10734,5412,5322,9537,49.741992930903976,73.48082288661308,34.96395995628458,86.61374158900637,Rural,Village
VIL_00266,Village_266,West Bengal,District_C,4898,2683,2215,7212,40.282679517205814,39.47217165837014,35.488039817973,85.59533867250661,Rural,Village
VIL_00267,Village_267,Uttar Pradesh,District_E,22520,11958,10562,9195,64.49752366081827,50.057398474589874,10.009830674543712,86.53841569215643,Rural,Village
VIL_00268,Village_268,Madhya Pradesh,District_A,29400,14863,14537,9100,44.63404575798842,77.38980330072286,21.235989751660306,87.36302484466925,Rural,Village
VIL_00269,Village_269,West Bengal,District_E,24445,13315,11130,2692,77.54589327743093,49.829528719316485,25.68098277623747,70.19508564538958,Rural,Village
VIL_00270,Village_270,Bihar,District_A,10849,5429,5420,7299,52.95925681554066,36.24350384529613,15.42030368355417,70.70369126038997,Rural,Village
VIL_00271,Village_271,Uttar Pradesh,District_B,38695,20845,17850,7551,91.89657792193475,56.27225631810897,19.805226601990427,79.6971429325757,Rural,Village
VIL_00272,Village_272,Uttar Pradesh,District_A,25221,12252,12969,9538,87.91883950692589,35.47454862772311,27.65276469241325,86.77342603691301,Rural,Village
VIL_00273,Village_273,West Bengal,District_D,37587,18337,19250,8682,55.919249223251455,40.14266193639326,14.575292580052482,88.46133858700465,Rural,Village
VIL_00274,Village_274,Bihar,District_C,28511,14022,14489,2007,83.07685000611733,79.91593782854784,25.45745923625912,68.97150026414,Rural,Village
VIL_00275,Village_275,Bihar,District_B,33461,16886,16575,110,84.17846975656434,57.0681319198066,28.225987016764876,75.47125576821387,Rural,Village
VIL_00276,Village_276,Madhya Pradesh,District_A,21323,10775,10548,8741,94.26097127629257,44.20291945202145,10.624393021780136,72.47077934785986,Rural,Village
VIL_00277,Village_277,Bihar,District_E,7494,3744,3750,4079,72.88119927651267,79.7387477286953,22.42835016479613,83.8752828275562,Rural,Village
VIL_00278,Village_278,Bihar,District_B,14156,6803,7353,2793,44.50811540540142,78.32794592775716,15.629320867801532,81.44407123927768,Rural,Village
VIL_00279,Village_279,Bihar,District_B,28480,15456,13024,9898,75.57604759095095,52.036952054213174,29.00720432394329,70.51764866116075,Rural,Village
VIL_00280,Village_280,Maharashtra,District_A,26135,13299,12836,8403,74.37388616068193,43.020155439395424,13.497109747571274,78.1539634146644,Rural,Village
VIL_00281,Village_281,Madhya Pradesh,District_B,30720,15076,15644,7429,75.10928175812376,71.9199819046095,33.874899550605086,82.39425096979711,Rural,Village
VIL_00282,Village_282,Uttar Pradesh,District_E,19977,10290,9687,4460,56.893010645731636,65.78103584858928,20.49729875903148,84.35911327240478,Rural,Village
VIL_00283,Village_283,West Bengal,District_B,43504,22917,20587,7367,87.28237717941832,64.34707175017552,13.742087878919051,68.42110690546419,Rural,Village
VIL_00284,Village_284,Uttar Pradesh,District_E,31011,16934,14077,1028,92.77097006254766,74.65568706612362,20.70263209415955,86.69986105366169,Rural,Village
VIL_00285,Village_285,Madhya Pradesh,District_A,32884,16440,16444,3803,51.974188213798335,64.47085669356623,19.853569121447308,79.95490904196102,Rural,Village
VIL_00286,Village_286,West Bengal,District_C,3291,1517,1774,6666,44.84836869751545,44.18989715207746,20.438649825317597,85.050091414158,Rural,Village
VIL_00287,Village_287,Madhya Pradesh,District_B,33260,16432,16828,4318,50.699426824266624,64.69315809378662,24.98127751142596,84.96669863029996,Rural,Village
VIL_00288,Village_288,Bihar,District_C,25100,12497,12603,4688,85.13036765906453,45.290675564183196,23.114038022492586,71.98690586569035,Rural,Village
VIL_00289,Village_289,West Bengal,District_E,39140,21123,18017,4307,77.21545491509161,67.96194898284975,12.343536818746177,70.3136145253263,Rural,Village
VIL_00290,Village_290,Bihar,District_B,49823,24387,25436,2072,74.98260382865197,60.9873927245783,9.901793106752454,83.14703264845036,Rural,Village
VIL_00291,Village_291,Uttar Pradesh,District_D,3731,2034,1697,6029,62.09862243101835,33.87057759923753,29.153048013069675,71.284965295254,Rural,Village
VIL_00292,Village_292,Uttar Pradesh,District_C,6272,3126,3146,1736,71.78053843312897,55.6417681217571,24.231805641921092,85.84868731949919,Rural,Village
VIL_00293,Village_293,West Bengal,District_B,42180,23088,19092,330,56.933076890090206,47.165048459787045,18.41102227429865,83.2499791611042,Rural,Village
VIL_00294,Village_294,West Bengal,District_C,23661,10666,12995,4558,66.24600436798787,46.428531636614714,31.44237685244414,85.67833265167052,Rural,Village
VIL_00295,Village_295,Madhya Pradesh,District_B,24917,13452,11465,1280,83.61846656038608,60.11281511886286,19.253695753567754,74.27926627179627,Rural,Village
VIL_00296,Village_296,Madhya Pradesh,District_A,20381,11069,9312,3952,93.96828786005042,46.11624122347125,31.082987598417617,74.64855926862195,Rural,Village
VIL_00297,Village_297,Bihar,District_C,28771,15711,13060,604,91.2868907974391,68.84468741024364,16.866927697858866,82.09565268327268,Rural,Village
VIL_00298,Village_298,West Bengal,District_D,25464,11492,13972,7636,91.36262685654368,33.53957180055872,10.112513628810792,68.6603650562379,Rural,Village
VIL_00299,Village_299,Uttar Pradesh,District_D,41774,19515,22259,8571,62.12230541659118,63.019412619791275,35.04655112019795,83.25643167308587,Rural,Village
VIL_00300,Village_300,Madhya Pradesh,District_E,27525,14185,13340,2886,65.7834434278735,70.45974018283707,19.44198274915982,85.55144448794663,Rural,Village
VIL_00301,Village_301,Madhya Pradesh,District_B,28702,12989,15713,5918,78.80994680029399,63.6415844960215,30.98808461263196,76.71843531868619,Rural,Village
VIL_00302,Village_302,Uttar Pradesh,District_C,23353,10657,12696,2031,90.72055604282063,54.861459750999785,16.09517986344683,84.06245543185784,Rural,Village
VIL_00303,Village_303,Madhya Pradesh,District_E,23572,11128,12444,6271,47.809684264364655,77.51535068680906,26.744588251586023,71.6668292566275,Rural,Village
VIL_00304,Village_304,Bihar,District_C,49330,24726,24604,4959,56.73330251049577,44.99692448990318,33.32601532447412,74.76746827020918,Rural,Village
VIL_00305,Village_305,West Bengal,District_B,8180,4127,4053,4026,47.65857645267602,30.95839437624889,9.20767664785943,88.46040422532002,Rural,Village
VIL_00306,Village_306,Uttar Pradesh,District_D,7199,3264,3935,1645,73.66046914777004,51.59946857317205,32.08843717589659,88.71289164476265,Rural,Village
VIL_00307,Village_307,West Bengal,District_A,25531,11923,13608,910,56.84655482881456,31.650596795016362,24.56865714418593,78.76470611345334,Rural,Village
VIL_00308,Village_308,Madhya Pradesh,District_D,31286,15642,15644,6098,57.93593188819154,77.69683762632044,25.616680863348506,87.61966562074142,Rural,Village
VIL_00309,Village_309,Madhya Pradesh,District_E,47784,24340,23444,7056,43.90037777183886,40.49590228740257,23.171582023373496,78.97734423919394,Rural,Village
VIL_00310,Village_310,Uttar Pradesh,District_A,30211,14043,16168,8943,59.23878339941756,69.44635119744397,33.35977799522563,74.1233506913843,Rural,Village
VIL_00311,Village_311,Bihar,District_E,39951,19571,20380,3981,87.43730790708719,68.72860415871824,9.259567359833486,73.6048850500742,Rural,Village
VIL_00312,Village_312,Maharashtra,District_B,22714,12275,10439,2524,52.81900465399592,40.88644498414668,15.569823354539595,87.51961981273112,Rural,Village
VIL_00313,Village_313,Uttar Pradesh,District_A,26824,14750,12074,8826,78.23531064155361,61.061326524008365,33.397113626915505,71.62137416845104,Rural,Village
VIL_00314,Village_314,Maharashtra,District_E,42091,23096,18995,3826,74.6295589716226,32.40394842432251,29.818025373426725,80.17228162223819,Rural,Village
VIL_00315,Village_315,Maharashtra,District_B,5040,2712,2328,6120,87.49165346030134,54.17872928519337,8.51170964517957,79.66602642931711,Rural,Village
VIL_00316,Village_316,Bihar,District_D,28858,14125,14733,1739,47.275837120807104,30.732356363624337,22.993182213081553,83.5320553777129,Rural,Village
VIL_00317,Village_317,Maharashtra,District_B,36324,18839,17485,6706,93.76744781897737,76.05719400904209,23.357607740667568,78.48410105802027,Rural,Village
VIL_00318,Village_318,Maharashtra,District_C,7888,3878,4010,1607,72.04457553222011,78.80430120997858,19.6255819187094,73.71799887487082,Rural,Village
VIL_00319,Village_319,Bihar,District_B,28182,14509,13673,7020,94.75107837907478,41.11413833192926,16.6244066297977,71.55732649226314,Rural,Village
VIL_00320,Village_320,Maharashtra,District_B,24134,11607,12527,9823,90.13330992262179,40.40530172981864,27.770020661957922,81.03719487362373,Rural,Village
VIL_00321,Village_321,Maharashtra,District_C,35579,18167,17412,916,52.18344996622082,67.68600882810648,14.02592347643786,83.0988058939179,Rural,Village
VIL_00322,Village_322,Maharashtra,District_E,11380,5717,5663,5578,43.08891054468222,42.66896994146673,31.169508300079475,79.95994685232269,Rural,Village
VIL_00323,Village_323,Uttar Pradesh,District_E,18152,8212,9940,8489,54.06015015874488,74.75382795809224,31.288077662256683,83.50537681954509,Rural,Village
VIL_00324,Village_324,Uttar Pradesh,District_B,16631,8798,7833,4667,69.01600069496808,58.696456806149115,20.042581689611794,70.97194525144916,Rural,Village
VIL_00325,Village_325,Uttar Pradesh,District_C,22904,10334,12570,9848,49.43780018858545,47.53888115051561,16.222892316379784,86.53187409380584,Rural,Village
VIL_00326,Village_326,Bihar,District_C,29003,13901,15102,2452,49.21028594848937,71.634687317471,16.232467266130683,80.23030567657857,Rural,Village
VIL_00327,Village_327,Madhya Pradesh,District_D,44957,20257,24700,3924,65.44264509078343,54.67033502066976,21.986448395890093,70.66372246474454,Rural,Village
VIL_00328,Village_328,Maharashtra,District_E,10242,4994,5248,6857,41.82973841431471,75.58164568542378,28.867797517731404,77.70042928832044,Rural,Village
VIL_00329,Village_329,Maharashtra,District_A,49617,22641,26976,1469,46.703844539274876,76.40071183646904,18.407192038821904,85.74062649518415,Rural,Village
VIL_00330,Village_330,Bihar,District_E,48455,26231,22224,4520,62.87237366743712,38.27100760642047,25.691257018274793,86.84880606251636,Rural,Village
VIL_00331,Village_331,Maharashtra,District_E,9966,4898,5068,5474,43.472145006438154,30.116170306596512,19.092049356895238,73.55763960497399,Rural,Village
VIL_00332,Village_332,Uttar Pradesh,District_D,4631,2296,2335,9444,61.821528105054114,79.1965470071201,16.831172485390116,82.93658231891952,Rural,Village
VIL_00333,Village_333,Madhya Pradesh,District_A,45554,22093,23461,4137,66.07034462716447,75.30687680637396,8.72092596155803,70.0996901971593,Rural,Village
VIL_00334,Village_334,West Bengal,District_D,38198,19586,18612,8889,64.8196637740213,32.77226178519207,8.113509066326328,68.70446329965532,Rural,Village
VIL_00335,Village_335,Maharashtra,District_A,38378,20280,18098,2048,87.8046171571698,71.6517131970535,14.58902265712813,79.7683780302188,Rural,Village
VIL_00336,Village_336,Uttar Pradesh,District_B,28238,14537,13701,6865,69.15343502784529,52.89024662796033,19.78578231722887,82.59137916589064,Rural,Village
VIL_00337,Village_337,West Bengal,District_A,27165,14256,12909,3778,65.73892543629239,42.94808025124876,32.68657385349975,84.71152135470655,Rural,Village
VIL_00338,Village_338,Madhya Pradesh,District_D,30056,16248,13808,5924,62.58900849654164,73.9373261838465,31.156043044982336,75.14454100756203,Rural,Village
VIL_00339,Village_339,West Bengal,District_E,41832,22436,19396,4644,84.96928580674674,39.833361619515365,15.747792615051708,68.13703361900663,Rural,Village
VIL_00340,Village_340,Uttar Pradesh,District_A,39361,20365,18996,8868,89.22811321999083,77.36499997100336,15.09167284654468,78.06990397933843,Rural,Village
VIL_00341,Village_341,West Bengal,District_A,10859,5119,5740,185,86.92833580584147,40.281074384967056,14.592340061030797,68.3329244528449,Rural,Village
VIL_00342,Village_342,Bihar,District_C,5539,2845,2694,4611,77.0450617972265,60.68415938643717,17.837882875337144,69.9316747240868,Rural,Village
VIL_00343,Village_343,West Bengal,District_E,47341,23699,23642,609,47.554896028277085,41.15431672644874,22.447762867288876,74.86046947316672,Rural,Village
VIL_00344,Village_344,Maharashtra,District_B,42633,22242,20391,4544,55.22784832206067,57.283433248431734,20.72136538891569,77.18061304076372,Rural,Village
VIL_00345,Village_345,Maharashtra,District_D,28370,15129,13241,2841,42.53346850250876,64.19875649575707,14.32992276466332,73.86885826582262,Rural,Village
VIL_00346,Village_346,Bihar,District_B,13379,7014,6365,6529,91.19532412445628,39.511396541006874,11.783090888364923,80.21917059659887,Rural,Village
VIL_00347,Village_347,Uttar Pradesh,District_E,39379,21054,18325,7713,76.34391913300007,56.044289135033964,8.364756562099666,69.16234557358,Rural,Village
VIL_00348,Village_348,Maharashtra,District_A,44351,20241,24110,9474,81.04995863722829,53.45298721950595,12.464933921328612,71.03617391503128,Rural,Village
VIL_00349,Village_349,Madhya Pradesh,District_A,23988,10870,13118,91,57.13644567702259,33.55187107016706,28.455334735629428,82.6004264158641,Rural,Village
VIL_00350,Village_350,Maharashtra,District_E,17730,8436,9294,3600,86.51094372525384,70.91539088376516,15.065518511021905,70.98495792555627,Rural,Village
VIL_00351,Village_351,Maharashtra,District_A,35244,19034,16210,7982,54.27818060396632,46.784120032142084,21.589452493523787,81.43527923297887,Rural,Village
VIL_00352,Village_352,Uttar Pradesh,District_A,31282,16653,14629,288,40.090406641184735,58.72910987759398,25.147733318774097,69.14837703582067,Rural,Village
VIL_00353,Village_353,West Bengal,District_A,25638,13287,12351,9988,60.702822938638164,55.73921174665672,33.7183861821166,76.55502786150194,Rural,Village
VIL_00354,Village_354,Maharashtra,District_D,11924,6201,5723,2482,71.39188145274903,55.663025228522116,33.776797853409164,71.72559887254484,Rural,Village
VIL_00355,Village_355,Bihar,District_D,32225,16842,15383,9480,66.32876718810374,35.361119710424376,29.62627827675941,70.30236193323891,Rural,Village
VIL_00356,Village_356,West Bengal,District_C,7079,3852,3227,1035,87.41418784171285,51.17410046246664,9.019552769406541,79.90768845352578,Rural,Village
VIL_00357,Village_357,Madhya Pradesh,District_B,26289,14017,12272,9295,45.797290727589186,52.61833796032851,24.677042153477032,87.49505121211806,Rural,Village
VIL_00358,Village_358,Uttar Pradesh,District_E,42700,21876,20824,8004,70.46028923485491,66.68214201822242,30.810920654113687,69.15052800639452,Rural,Village
VIL_00359,Village_359,Madhya Pradesh,District_E,12604,6510,6094,426,68.21386424014992,72.00094159603492,8.501353298137532,76.85263921257872,Rural,Village
VIL_00360,Village_360,West Bengal,District_E,20769,9789,10980,7404,55.47661401946897,57.2491139050009,23.94085379604077,82.85824419265433,Rural,Village
VIL_00361,Village_361,West Bengal,District_C,7010,3615,3395,6069,85.22254619173557,34.33914770324952,32.87516022779485,77.71644446544437,Rural,Village
VIL_00362,Village_362,West Bengal,District_D,46957,23124,23833,6189,81.40667607352134,41.842473529827316,21.748960199425742,84.93641486821015,Rural,Village
VIL_00363,Village_363,Madhya Pradesh,District_C,35064,16315,18749,8002,80.30725530325071,38.246701342636555,8.119079884026005,71.77255163314676,Rural,Village
VIL_00364,Village_364,West Bengal,District_E,20231,10735,9496,1005,88.19058630482559,36.230753159456235,8.319387391732617,88.15147830558254,Rural,Village
VIL_00365,Village_365,Madhya Pradesh,District_B,25327,12689,12638,4505,79.75315303418367,48.29496493089038,20.082445084998767,76.08841518322335,Rural,Village
VIL_00366,Village_366,West Bengal,District_A,6078,3329,2749,8921,52.75127104430995,41.4696751077191,12.495251355085882,75.17296229182978,Rural,Village
VIL_00367,Village_367,Bihar,District_D,22091,10563,11528,2638,78.80594914073302,40.915155590575615,27.269069055704527,86.36672168456649,Rural,Village
VIL_00368,Village_368,West Bengal,District_D,17253,8593,8660,6309,56.92365473644141,32.734658728813386,28.555178682278466,79.8412076697271,Rural,Village
VIL_00369,Village_369,Madhya Pradesh,District_C,33648,16649,16999,9623,53.31960576911088,30.883502239771694,13.15851406835823,78.84533117995926,Rural,Village
VIL_00370,Village_370,Maharashtra,District_D,42776,19765,23011,6948,44.0151976094795,35.13841213248909,33.767465367210065,83.26653631009705,Rural,Village
VIL_00371,Village_371,West Bengal,District_E,39171,19296,19875,5388,80.92157191912221,38.609873971181656,20.81532750438885,80.1765190039029,Rural,Village
VIL_00372,Village_372,Maharashtra,District_E,47554,22766,24788,4641,79.10505290723961,51.54918644241016,12.142531320165787,71.41282853989942,Rural,Village
VIL_00373,Village_373,Bihar,District_C,4083,1902,2181,9697,52.89747127207515,55.526013064942234,30.16329634401247,82.15815008016352,Rural,Village
VIL_00374,Village_374,Uttar Pradesh,District_E,9603,4592,5011,7586,81.21584591982858,37.02959590866828,30.90926050048641,70.8028464649247,Rural,Village
VIL_00375,Village_375,Bihar,District_B,30021,14209,15812,4690,90.48124857014542,51.23916707620931,26.53956870729827,84.9230118120153,Rural,Village
VIL_00376,Village_376,West Bengal,District_C,17005,8900,8105,7678,45.94159266203686,47.087442116296366,32.75050104287404,88.78446855195769,Rural,Village
VIL_00377,Village_377,Maharashtra,District_B,45938,20813,25125,1023,52.79501511127262,39.1711821748978,29.38381618888947,75.9251401244703,Rural,Village
VIL_00378,Village_378,Maharashtra,District_A,24053,12309,11744,7524,81.26434367480235,30.34203740741818,33.583966379582726,77.33987386224226,Rural,Village
VIL_00379,Village_379,Madhya Pradesh,District_B,26906,14154,12752,2486,55.097867042889305,53.35089332608709,20.582753406078904,68.97510676513906,Rural,Village
VIL_00380,Village_380,Maharashtra,District_A,45100,22463,22637,1959,74.35651858560442,64.28258746325997,29.68031671488383,68.28839694973415,Rural,Village
VIL_00381,Village_381,Madhya Pradesh,District_A,22268,12095,10173,1655,44.4640323455043,41.31386670719035,36.99279533944228,87.34980603240288,Rural,Village
VIL_00382,Village_382,Uttar Pradesh,District_B,4683,2438,2245,9910,64.87113635069463,36.590341494833964,29.02300472806896,70.70110526922304,Rural,Village
VIL_00383,Village_383,West Bengal,District_C,38814,20369,18445,8115,80.65002820961243,74.35213722234809,11.311329626876834,77.36135369874887,Rural,Village
VIL_00384,Village_384,Madhya Pradesh,District_E,49245,23130,26115,6285,77.7582668673789,43.751238624389885,23.031242950446305,85.1224471009668,Rural,Village
VIL_00385,Village_385,Uttar Pradesh,District_E,39996,21107,18889,1915,84.82896553716938,41.18063098963324,25.03308594604781,86.67569395849472,Rural,Village
VIL_00386,Village_386,Maharashtra,District_A,11989,6392,5597,6544,88.25986696317429,72.8548469804958,13.05210957707034,78.90735139095283,Rural,Village
VIL_00387,Village_387,Maharashtra,District_A,27513,13374,14139,1093,82.5250925692317,70.85535495833807,35.92385739116309,79.86568302449494,Rural,Village
VIL_00388,Village_388,Uttar Pradesh,District_C,12375,5832,6543,5204,76.93732586164093,52.417323526231684,13.091813551403874,82.06336342172872,Rural,Village
VIL_00389,Village_389,Maharashtra,District_D,2561,1251,1310,2422,41.744737049881714,54.461943071388724,13.14917967168346,88.18903187301802,Rural,Village
VIL_00390,Village_390,Uttar Pradesh,District_B,14391,7540,6851,4915,69.42316703751942,40.8874352417011,34.53984700126209,80.6560691798346,Rural,Village
VIL_00391,Village_391,Madhya Pradesh,District_A,46904,23065,23839,7351,42.073374870316904,33.91508352397788,21.49095756052846,79.74898044858327,Rural,Village
VIL_00392,Village_392,Madhya Pradesh,District_E,11535,6040,5495,9363,84.44372994138124,58.67159126778306,9.83246009896097,68.3052168405858,Rural,Village
VIL_00393,Village_393,Uttar Pradesh,District_C,28035,12934,15101,1976,57.639848845297664,34.917246079510655,25.347437498217328,69.69994374246947,Rural,Village
VIL_00394,Village_394,Madhya Pradesh,District_B,33553,17803,15750,7043,70.93361557648565,52.46372734783249,25.452964110358387,80.12060415910392,Rural,Village
VIL_00395,Village_395,Madhya Pradesh,District_C,18644,8861,9783,3927,55.36949190253964,77.02485992565053,9.870522001910292,87.66104814395126,Rural,Village
VIL_00396,Village_396,Madhya Pradesh,District_B,12358,5868,6490,827,83.03750794091616,77.64171945852922,36.2031523733762,86.2005183163873,Rural,Village
VIL_00397,Village_397,Bihar,District_B,30941,15750,15191,8398,88.75763896530464,41.96661432736793,23.776868993542692,88.63415738283629,Rural,Village
VIL_00398,Village_398,West Bengal,District_A,48858,22328,26530,4847,61.92533718171852,61.20567100228272,24.234075943213163,79.08451478878675,Rural,Village
VIL_00399,Village_399,Maharashtra,District_C,49290,22310,26980,4544,87.4607316431044,53.70381320539288,23.08334702056944,84.54654970719311,Rural,Village
VIL_00400,Village_400,Bihar,District_C,10836,5159,5677,9519,54.689125410098285,73.7842563793053,25.71122160969398,85.64840696127615,Rural,Village
VIL_00401,Village_401,Madhya Pradesh,District_E,37743,19015,18728,2304,69.40635076915382,43.57154321380266,15.664692830438893,81.6086648039481,Rural,Village
VIL_00402,Village_402,Uttar Pradesh,District_E,44050,23820,20230,5333,87.23187864112872,30.18512034162084,16.329999091270384,75.11374798850466,Rural,Village
VIL_00403,Village_403,Madhya Pradesh,District_A,35064,18746,16318,777,57.92347384386847,38.12806029657075,22.828833604087848,77.86954712781369,Rural,Village
VIL_00404,Village_404,West Bengal,District_A,28144,14045,14099,4907,92.4723245792947,47.4761400584699,31.393889788143806,86.01625851711492,Rural,Village
VIL_00405,Village_405,Madhya Pradesh,District_D,40033,18163,21870,3874,46.7033725979761,45.78605648852443,9.446072718331187,74.26950644562544,Rural,Village
VIL_00406,Village_406,Uttar Pradesh,District_E,16097,8105,7992,3578,41.00512883479284,69.56814595614429,25.498722154387135,87.39860575659962,Rural,Village
VIL_00407,Village_407,West Bengal,District_B,14315,7450,6865,9792,89.72744439180049,64.0280333069419,31.396566132683105,72.82593316987597,Rural,Village
VIL_00408,Village_408,Madhya Pradesh,District_C,33169,16051,17118,981,43.77567663813297,44.977815980744865,12.550600889079588,83.73984471829239,Rural,Village
VIL_00409,Village_409,West Bengal,District_A,24011,11071,12940,3867,94.55390577711205,52.88719085831067,8.435653717436423,81.24174392126051,Rural,Village
VIL_00410,Village_410,Maharashtra,District_C,17130,8185,8945,6746,92.32682740885085,34.77795519791676,17.068685559102285,83.741588263536,Rural,Village
VIL_00411,Village_411,Maharashtra,District_C,29434,15516,13918,3595,47.53615005199764,74.90732224100503,25.056167495158345,77.18429902108448,Rural,Village
VIL_00412,Village_412,Madhya Pradesh,District_D,14671,7117,7554,9087,69.56715441309112,76.77124122242671,12.010212028737683,87.58546231363368,Rural,Village
VIL_00413,Village_413,West Bengal,District_E,42819,22745,20074,2438,50.17061636069294,78.99017676904691,20.35754875820208,81.28191625064102,Rural,Village
VIL_00414,Village_414,Uttar Pradesh,District_A,29027,13989,15038,4218,63.54853451665659,73.42764153929188,24.01732342385406,74.05421189563938,Rural,Village
VIL_00415,Village_415,Madhya Pradesh,District_C,20814,9706,11108,1021,43.3783821092908,38.698044384811276,25.3676097479622,81.40755648369502,Rural,Village
VIL_00416,Village_416,Maharashtra,District_A,43641,21540,22101,5264,52.315852328812426,32.30982416008144,15.957939909010879,74.02313069134766,Rural,Village
VIL_00417,Village_417,Maharashtra,District_B,23487,11631,11856,7139,59.980003801939475,58.9798363706337,19.600859443602452,74.16628022695735,Rural,Village
VIL_00418,Village_418,Madhya Pradesh,District_D,28544,12890,15654,4086,64.12561251353301,75.63025134415551,30.571837642959203,76.39156874403822,Rural,Village
VIL_00419,Village_419,West Bengal,District_B,49008,22627,26381,2865,93.76229420148913,38.86756808298714,35.29522612949988,85.9010387689515,Rural,Village
VIL_00420,Village_420,Maharashtra,District_A,20021,9379,10642,9693,84.43261051261896,30.35214573120709,32.99452960242946,78.50625536227383,Rural,Village
VIL_00421,Village_421,West Bengal,District_A,13157,6070,7087,8869,80.55754693715704,70.27480230161223,24.364221550269527,82.25691768683436,Rural,Village
VIL_00422,Village_422,Maharashtra,District_E,45368,21965,23403,5336,69.53727231080859,33.8397842143367,19.898491285374448,76.23132254576372,Rural,Village
VIL_00423,Village_423,Maharashtra,District_C,24958,13638,11320,442,86.19987683323889,50.68530159550152,17.655741816771126,73.53571423594451,Rural,Village
VIL_00424,Village_424,Bihar,District_C,48789,24439,24350,6735,58.66275596106411,63.94436685943925,11.623740416436524,88.04744337504086,Rural,Village
VIL_00425,Village_425,Maharashtra,District_B,44738,22939,21799,4286,78.9894512025324,41.83987927280901,11.089986169267277,80.67520618958432,Rural,Village
VIL_00426,Village_426,Uttar Pradesh,District_D,26162,12705,13457,7569,94.65811864579946,34.19812817233633,27.962371122496073,87.61297811023708,Rural,Village
VIL_00427,Village_427,Madhya Pradesh,District_C,36950,17822,19128,6336,57.30458999143593,68.50106142279142,15.534038068963651,72.27167304616462,Rural,Village
VIL_00428,Village_428,Madhya Pradesh,District_E,46586,21071,25515,2730,77.0709644186182,61.508754244352076,15.385188906540957,71.08477744217159,Rural,Village
VIL_00429,Village_429,West Bengal,District_B,20667,10334,10333,8664,86.43731752838104,79.42452422434025,36.94765657985579,85.97228104960197,Rural,Village
VIL_00430,Village_430,Maharashtra,District_B,29839,14870,14969,8089,90.36941708428697,47.215401665997966,13.449852778340066,82.29926146496229,Rural,Village
VIL_00431,Village_431,Uttar Pradesh,District_E,43385,20207,23178,1677,79.48629800170559,33.08811931450998,12.29373302517606,71.91814848432647,Rural,Village
VIL_00432,Village_432,West Bengal,District_D,3854,2028,1826,2561,55.59843578794249,66.7175017667648,10.861871605037699,73.65655371393429,Rural,Village
VIL_00433,Village_433,Bihar,District_E,27144,13552,13592,6783,57.945518336292054,56.08667094266228,24.81435500983709,84.81394277203154,Rural,Village
VIL_00434,Village_434,West Bengal,District_D,1824,882,942,3095,41.141691766818035,40.66019656945675,26.20805095406094,77.53124101991466,Rural,Village
VIL_00435,Village_435,West Bengal,District_E,1476,685,791,3184,81.84872877193303,69.08644945023798,18.591609861449577,82.0813506366279,Rural,Village
VIL_00436,Village_436,Maharashtra,District_E,8806,4448,4358,2073,42.35067833340732,40.18777429249719,23.526986729832565,74.68539246485622,Rural,Village
VIL_00437,Village_437,Bihar,District_A,8994,4724,4270,8499,87.555879503151,43.03308274164683,30.863586397402464,76.00582900827241,Rural,Village
VIL_00438,Village_438,West Bengal,District_B,18137,8673,9464,5757,46.526333796099635,34.62642771833596,31.725020881330703,88.80496373108521,Rural,Village
VIL_00439,Village_439,Uttar Pradesh,District_E,18550,8753,9797,3237,49.453208167475836,49.97161395154272,35.779450195753796,73.19995883066909,Rural,Village
VIL_00440,Village_440,Uttar Pradesh,District_E,16506,8289,8217,1467,66.20895589577304,50.94646119687094,31.903771591763363,78.6355839177668,Rural,Village
VIL_00441,Village_441,Madhya Pradesh,District_C,29825,13884,15941,6029,80.58342283428084,55.72808951741492,24.380401664805373,85.73244920700118,Rural,Village
VIL_00442,Village_442,Bihar,District_B,6026,3113,2913,627,47.64512128594927,65.44821335618887,13.210052009268534,73.02368748698302,Rural,Village
VIL_00443,Village_443,Bihar,District_C,39119,19971,19148,4572,64.20390912865741,75.30504643402129,10.89314317338243,76.71948889037094,Rural,Village
VIL_00444,Village_444,Madhya Pradesh,District_B,9596,4401,5195,1784,66.55682009255577,36.88670494439043,9.580844807414916,80.91691703476975,Rural,Village
VIL_00445,Village_445,West Bengal,District_C,36168,16407,19761,9437,51.675710291772525,32.71740491743285,27.32924912177613,78.10495118097715,Rural,Village
VIL_00446,Village_446,Bihar,District_E,29906,15312,14594,9447,46.35571071743475,30.926561679716663,31.418551406541802,77.64954759797666,Rural,Village
VIL_00447,Village_447,Uttar Pradesh,District_E,22763,10913,11850,9241,86.00315076421018,37.18106890344081,22.75183456983829,75.6127043577646,Rural,Village
VIL_00448,Village_448,Uttar Pradesh,District_A,41421,18997,22424,2691,67.6356107369521,62.897474289081295,9.586711070175559,80.31957288327342,Rural,Village
VIL_00449,Village_449,Maharashtra,District_C,36595,19246,17349,6539,40.79096797912841,66.37385389982484,23.528646663148805,81.11182665639582,Rural,Village
VIL_00450,Village_450,Bihar,District_D,22756,10954,11802,3982,84.16397157200072,69.32528567640611,35.136728584211966,81.71908035892861,Rural,Village
VIL_00451,Village_451,West Bengal,District_A,25960,12875,13085,3197,93.94365929780216,42.185410595217135,25.330782537041355,69.47773026602661,Rural,Village
VIL_00452,Village_452,Madhya Pradesh,District_C,49766,23573,26193,3742,73.3259407477836,45.294740663076,31.47339716542163,81.25171768995303,Rural,Village
VIL_00453,Village_453,Madhya Pradesh,District_C,16932,8681,8251,4926,67.70396128962389,54.15673227827497,31.204426803360768,88.0179807544059,Rural,Village
VIL_00454,Village_454,West Bengal,District_A,38887,18671,20216,7283,88.31287246747289,33.15915484301132,35.03174389363893,79.36071094608975,Rural,Village
VIL_00455,Village_455,Maharashtra,District_E,48331,26427,21904,5074,92.38842343265293,60.5570761605623,30.336634203846327,83.02060873269413,Rural,Village
VIL_00456,Village_456,Madhya Pradesh,District_C,21827,11356,10471,9687,81.49953037463533,79.18675168378789,29.683314906379596,79.69137846294358,Rural,Village
VIL_00457,Village_457,Bihar,District_E,42915,19898,23017,828,64.49991113538583,48.04031556890013,14.788977284148576,85.94955299043156,Rural,Village
VIL_00458,Village_458,Maharashtra,District_A,29645,14575,15070,9190,72.57217696322923,67.6423737545692,9.737829504311362,87.52124498654895,Rural,Village
VIL_00459,Village_459,Bihar,District_E,44622,21799,22823,745,78.55144507598996,55.001695778480396,23.010384486560426,71.86861788522354,Rural,Village
VIL_00460,Village_460,Uttar Pradesh,District_B,2620,1318,1302,7721,50.68504640509908,36.39059221801914,11.6085920304559,77.17406076769966,Rural,Village
VIL_00461,Village_461,Maharashtra,District_D,3181,1699,1482,1236,64.59605677190409,59.11187244012932,35.903680412061746,76.24002411958715,Rural,Village
VIL_00462,Village_462,Madhya Pradesh,District_C,34296,17434,16862,4071,85.64016955945067,44.99371342220325,16.40781811635783,76.50951758928485,Rural,Village
VIL_00463,Village_463,Maharashtra,District_D,36835,16802,20033,2217,76.00989416741436,31.72016042267291,32.735381898144496,70.6360078057854,Rural,Village
VIL_00464,Village_464,Maharashtra,District_E,39313,20267,19046,2826,62.61622369665197,61.74648650588719,19.24111413087132,85.08593024559511,Rural,Village
VIL_00465,Village_465,Maharashtra,District_C,14666,6611,8055,8990,76.48493937080747,72.94661746623638,17.372633245863945,68.75109110331364,Rural,Village
VIL_00466,Village_466,Maharashtra,District_E,14142,7466,6676,992,46.502232663985296,47.23848834499371,35.11959859892201,79.0927587622703,Rural,Village
VIL_00467,Village_467,Bihar,District_B,25598,13225,12373,5654,62.082368581068195,49.514777360638526,18.536354590500494,81.89944614893852,Rural,Village
VIL_00468,Village_468,Uttar Pradesh,District_A,11429,5495,5934,7503,83.6220695879681,74.55108414836057,19.318349351230957,72.35685819923643,Rural,Village
VIL_00469,Village_469,West Bengal,District_C,31756,15218,16538,2143,52.12798329251564,70.6804406683678,11.076661608774366,87.02285403407471,Rural,Village
VIL_00470,Village_470,Maharashtra,District_B,2259,1196,1063,8810,50.22788291565797,65.74764117758886,27.44295329319277,85.60953334752065,Rural,Village
VIL_00471,Village_471,Madhya Pradesh,District_B,38000,20076,17924,244,92.29502629540373,42.4398531876574,16.37634301984789,77.89275831916243,Rural,Village
VIL_00472,Village_472,Maharashtra,District_C,19463,9444,10019,9052,51.54436962724269,75.51083274833223,24.98252086734571,76.63412757914291,Rural,Village
VIL_00473,Village_473,Madhya Pradesh,District_E,47801,22939,24862,1834,54.350521880759246,37.72078787696065,25.149199417543073,72.9679264294331,Rural,Village
VIL_00474,Village_474,Bihar,District_B,43341,21929,21412,1126,93.32887663973858,61.33852597086109,28.856791172277244,83.32985771754423,Rural,Village
VIL_00475,Village_475,Madhya Pradesh,District_D,19133,8625,10508,144,80.40897136457642,31.440059027325937,29.612003099000795,70.76661979227124,Rural,Village
VIL_00476,Village_476,West Bengal,District_B,10905,4997,5908,3266,78.47780931629404,62.18599031624729,22.919120597644643,82.28499283071945,Rural,Village
VIL_00477,Village_477,Uttar Pradesh,District_E,35951,16631,19320,2951,86.91095111200198,43.85721759366799,17.59876648049869,85.69159670848668,Rural,Village
VIL_00478,Village_478,Madhya Pradesh,District_E,26932,12618,14314,2991,46.37026952302369,52.483848859186,32.286075950207284,72.79790309425749,Rural,Village
VIL_00479,Village_479,Madhya Pradesh,District_D,14044,7038,7006,2037,78.8275930119004,47.26322760285265,16.986103832846055,86.19497546087388,Rural,Village
VIL_00480,Village_480,Uttar Pradesh,District_B,19973,10969,9004,7435,67.70287351305313,38.637837812310494,22.71776373961061,68.69978718822968,Rural,Village
VIL_00481,Village_481,West Bengal,District_E,40472,20853,19619,2435,85.6032852156277,61.09903950469371,19.636324912908115,87.16853509311703,Rural,Village
VIL_00482,Village_482,Maharashtra,District_C,24028,10959,13069,3116,67.94779452658568,74.09877775703038,32.79727319312096,70.48560678487726,Rural,Village
VIL_00483,Village_483,Madhya Pradesh,District_A,15479,7779,7700,1629,74.11327448479017,77.95421211412017,20.525637403229034,81.56094273669868,Rural,Village
VIL_00484,Village_484,Uttar Pradesh,District_A,36851,18413,18438,737,66.27581695197448,39.61731815769575,19.196876476287045,73.25173184719277,Rural,Village
VIL_00485,Village_485,Bihar,District_A,34646,16090,18556,3581,66.29874079557143,65.86863870314866,28.004887094031485,85.56760021456189,Rural,Village
VIL_00486,Village_486,Uttar Pradesh,District_B,24386,13217,11169,9228,82.23834879340073,63.21696833028411,25.47079218598184,78.75830757922479,Rural,Village
VIL_00487,Village_487,Bihar,District_D,5210,2574,2636,6802,74.57115203560058,47.16888947872863,11.110158171379537,70.84006501617652,Rural,Village
VIL_00488,Village_488,West Bengal,District_E,12187,6696,5491,1068,74.82947608851757,30.954959967686293,22.736895383974932,79.99082299784556,Rural,Village
VIL_00489,Village_489,Maharashtra,District_C,23862,11740,12122,9569,64.76553661073392,64.48956236564331,29.32887326166418,76.56553481413664,Rural,Village
VIL_00490,Village_490,Uttar Pradesh,District_C,17181,8775,8406,8327,69.21102229856402,77.274743027975,36.77016817314933,81.89040414887512,Rural,Village
VIL_00491,Village_491,Madhya Pradesh,District_B,35047,16138,18909,7925,81.0144716412633,61.60600609578257,26.245258185139253,86.51996898003264,Rural,Village
VIL_00492,Village_492,West Bengal,District_A,9696,4803,4893,5598,85.42675055115551,51.764636209381706,18.738498926798215,76.59717175485179,Rural,Village
VIL_00493,Village_493,Uttar Pradesh,District_B,38119,18063,20056,1640,78.31087711792253,56.257694705581414,14.558396394261434,74.08749427021105,Rural,Village
VIL_00494,Village_494,Madhya Pradesh,District_D,42103,22464,19639,6568,90.82401438651257,39.98144038299588,33.312076790446284,68.30481698507978,Rural,Village
VIL_00495,Village_495,Uttar Pradesh,District_D,18413,9729,8684,7401,85.11782484809605,67.52720818768688,31.62239115129158,80.07161979505737,Rural,Village
VIL_00496,Village_496,Bihar,District_E,47739,25417,22322,4800,70.90250843952352,67.32099150049245,14.78376180260216,76.4477701160601,Rural,Village
VIL_00497,Village_497,Uttar Pradesh,District_E,1113,581,532,3812,76.92733399540552,37.275865019371246,13.81833061425063,75.8676335993114,Rural,Village
VIL_00498,Village_498,Uttar Pradesh,District_D,49478,26385,23093,2961,90.94695523066578,73.89891912498295,28.73896652752409,71.84164174696846,Rural,Village
VIL_00499,Village_499,Uttar Pradesh,District_D,23805,11190,12615,5715,74.05424243336822,43.459486973665264,17.133609795644027,77.03116224901676,Rural,Village
VIL_00500,Village_500,West Bengal,District_D,1928,954,974,6421,85.36438213889069,79.11280304683075,16.885565152496778,88.67328102525073,Rural,Village
VIL_00501,Village_501,Uttar Pradesh,District_B,8009,4158,3851,9189,77.88457769744929,49.14515070186229,12.416417164962002,74.25283722711713,Rural,Village
VIL_00502,Village_502,Madhya Pradesh,District_D,38456,19756,18700,6217,70.35649985832566,38.89420293672498,15.655290071585068,80.59379268157011,Rural,Village
VIL_00503,Village_503,Bihar,District_C,13209,6890,6319,5470,53.30110074784442,47.58600556728261,20.39771917018684,84.306224507629,Rural,Village
VIL_00504,Village_504,Bihar,District_A,2123,1002,1121,8995,63.429863570763544,52.00901643485966,29.25231178090005,83.73231428670717,Rural,Village
VIL_00505,Village_505,Uttar Pradesh,District_D,14637,6730,7907,8452,93.22585536585436,33.46538865191474,17.752934737998743,74.9042600373444,Rural,Village
VIL_00506,Village_506,West Bengal,District_A,26761,14495,12266,5894,76.17709607999299,58.91091906116448,17.52952584491544,80.82806175385386,Rural,Village
VIL_00507,Village_507,West Bengal,District_B,38759,19612,19147,1573,71.04174591864444,59.881621993445016,16.26248432402064,86.2965583906733,Rural,Village
VIL_00508,Village_508,Madhya Pradesh,District_A,33948,15798,18150,1032,91.31261440405251,66.94652276747361,21.870226357820247,68.32439598239463,Rural,Village
VIL_00509,Village_509,Uttar Pradesh,District_B,37904,20064,17840,8398,72.25814795705968,31.458494614537166,13.238464240298145,77.15042149370946,Rural,Village
VIL_00510,Village_510,Bihar,District_C,15479,8381,7098,1901,68.93453851295716,57.061910721691504,22.08329128693164,72.70974178308,Rural,Village
VIL_00511,Village_511,West Bengal,District_B,27866,13012,14854,6819,81.76209703326128,32.64537166353322,28.421091129646005,76.16127809837562,Rural,Village
VIL_00512,Village_512,Uttar Pradesh,District_B,43690,23231,20459,4606,79.19660904425994,65.05721099833266,8.863924616946043,76.73578176748008,Rural,Village
VIL_00513,Village_513,West Bengal,District_E,2663,1446,1217,8642,50.6238004624638,32.78639928504922,8.283602028867094,83.68009026051938,Rural,Village
VIL_00514,Village_514,West Bengal,District_D,36160,19665,16495,8450,65.92195510157666,75.58639241708164,10.178564394480768,69.97025932030431,Rural,Village
VIL_00515,Village_515,Bihar,District_D,29297,15861,13436,6467,65.98834935507719,65.10412834422482,23.53414179011525,78.76426196578272,Rural,Village
VIL_00516,Village_516,Maharashtra,District_C,3686,1860,1826,2365,60.802348338383965,55.36948825425786,32.7791974123767,79.84809062777364,Rural,Village
VIL_00517,Village_517,Madhya Pradesh,District_C,16187,7860,8327,95,68.45114151837393,52.075196164058745,8.141649514587307,78.37730967458789,Rural,Village
VIL_00518,Village_518,Madhya Pradesh,District_D,48968,22071,26897,9568,62.720906874992934,36.53363152066312,35.16317783295575,83.36933831431712,Rural,Village
VIL_00519,Village_519,Bihar,District_E,23325,10638,12687,5897,50.964001920915074,44.54996947823315,11.08207683554554,76.0596163740438,Rural,Village
VIL_00520,Village_520,West Bengal,District_D,29850,14712,15138,6805,62.680156800107454,73.44795525104482,32.417522313688565,87.8443083364416,Rural,Village
VIL_00521,Village_521,Uttar Pradesh,District_E,6743,3303,3440,4942,43.975232116524715,75.2226405781247,22.002788184505455,78.11787229331777,Rural,Village
VIL_00522,Village_522,West Bengal,District_C,27623,12940,14683,8110,71.66822245259263,30.037385418526554,27.121364231086474,79.99549210191074,Rural,Village
VIL_00523,Village_523,Bihar,District_A,36827,18028,18799,2350,86.95100019176115,59.70681957387757,22.80980654896829,85.33614729028173,Rural,Village
VIL_00524,Village_524,Madhya Pradesh,District_C,11105,5191,5914,4706,79.89078963950054,65.96503045125567,21.834398530201284,73.77995822455357,Rural,Village
VIL_00525,Village_525,West Bengal,District_C,43643,23343,20300,1922,59.82167220297612,60.93734912288031,32.21208342256735,69.57924260401884,Rural,Village
VIL_00526,Village_526,Madhya Pradesh,District_B,261,125,136,4690,44.78891630675195,34.0839882433177,29.920705007466672,82.86346354561213,Rural,Village
VIL_00527,Village_527,Uttar Pradesh,District_B,16129,8223,7906,7163,51.11821695738989,40.886244939945115,22.01866485916712,78.14324896651596,Rural,Village
VIL_00528,Village_528,Madhya Pradesh,District_B,49845,24936,24909,2079,70.00196872721597,42.5170133690693,11.237441952485787,86.8265892701389,Rural,Village
VIL_00529,Village_529,Madhya Pradesh,District_B,14326,6521,7805,160,51.388139586066806,71.58623156525448,11.346685820117836,88.63628102317111,Rural,Village
VIL_00530,Village_530,Maharashtra,District_E,28831,15690,13141,1809,69.9185211206732,53.15997181544603,31.244644360853187,76.3812963620693,Rural,Village
VIL_00531,Village_531,Maharashtra,District_D,44022,22130,21892,36,52.73794636201444,54.34141059706184,23.35232801907847,76.72421934145288,Rural,Village
VIL_00532,Village_532,Maharashtra,District_A,44948,21687,23261,484,86.69081282118401,76.74465232772542,21.966085066361515,76.56721464632025,Rural,Village
VIL_00533,Village_533,Madhya Pradesh,District_C,3490,1625,1865,4491,61.84993100622528,61.85429444273578,27.736438399460738,74.81563630434945,Rural,Village
VIL_00534,Village_534,Bihar,District_E,6097,2950,3147,1847,53.50528442694701,74.93338507763319,32.90640591901355,84.41542905309434,Rural,Village
VIL_00535,Village_535,Madhya Pradesh,District_A,12793,5783,7010,8731,84.67793991358839,52.82544276707665,26.237321187985852,83.93891101230528,Rural,Village
VIL_00536,Village_536,Bihar,District_E,49915,24276,25639,5976,58.856143064299786,37.47181292591471,30.12258916804789,78.05154228156103,Rural,Village
VIL_00537,Village_537,Bihar,District_E,42192,21228,20964,109,46.13182283113301,76.49677970370428,30.19284519939175,68.93788554395687,Rural,Village
VIL_00538,Village_538,Maharashtra,District_C,641,344,297,4835,71.37252202720029,52.93525578337692,18.331582014995814,74.50074533177454,Rural,Village
VIL_00539,Village_539,West Bengal,District_D,21917,11369,10548,2871,71.98603124408938,39.08157109394109,15.948412673588876,74.1383639776516,Rural,Village
VIL_00540,Village_540,Uttar Pradesh,District_B,37961,17506,20455,2863,79.30826213796539,45.11978701519611,31.2337579480796,85.03283217020542,Rural,Village
VIL_00541,Village_541,Maharashtra,District_D,13528,6287,7241,9137,53.212068826461206,32.540129484447114,18.93818496174306,69.83908704173967,Rural,Village
VIL_00542,Village_542,Maharashtra,District_C,44034,21700,22334,6563,64.40742365007348,53.41502957281926,34.19674418915845,84.91918295989679,Rural,Village
VIL_00543,Village_543,West Bengal,District_C,48931,22976,25955,5921,55.530235547346095,72.65640859551183,10.021030205173469,82.052856696182,Rural,Village
VIL_00544,Village_544,Uttar Pradesh,District_C,10358,4689,5669,989,44.452455486362844,76.67902280033447,9.68830785018485,83.38127064173943,Rural,Village
VIL_00545,Village_545,Madhya Pradesh,District_A,16144,8564,7580,1114,88.21376048587405,76.63011037518218,34.88312064294084,77.0764769392855,Rural,Village
VIL_00546,Village_546,Madhya Pradesh,District_D,29511,13337,16174,6144,80.08783924685876,36.26150128143734,26.805192511261613,82.27424171603693,Rural,Village
VIL_00547,Village_547,Maharashtra,District_D,5569,2968,2601,7367,56.580468270234036,49.102694125552844,19.008381337001637,80.78960783884523,Rural,Village
VIL_00548,Village_548,Uttar Pradesh,District_E,28954,13446,15508,3215,72.96551460795925,31.41143798253532,29.8967520296693,84.14858409980121,Rural,Village
VIL_00549,Village_549,Maharashtra,District_E,6356,3479,2877,1424,51.06950834739598,72.75826724857365,27.497477489815598,77.38216652383329,Rural,Village
VIL_00550,Village_550,Bihar,District_E,10820,5522,5298,6960,88.9630141987674,47.93778810106369,23.40483035776829,77.92933812282234,Rural,Village
VIL_00551,Village_551,Maharashtra,District_C,34037,17818,16219,4310,46.31984888490507,61.555851394611736,10.86732693721689,81.51510067753622,Rural,Village
VIL_00552,Village_552,Maharashtra,District_D,33698,15536,18162,4002,40.21104300292905,65.74492190386442,31.553208031489795,70.26962736699416,Rural,Village
VIL_00553,Village_553,Madhya Pradesh,District_C,1751,938,813,5575,67.61045087565502,51.49223348715777,33.114672529738115,77.16113341565067,Rural,Village
VIL_00554,Village_554,Madhya Pradesh,District_A,19294,10301,8993,7974,72.07203028990781,45.32211682751215,12.992891968026825,88.41096775045591,Rural,Village
VIL_00555,Village_555,Madhya Pradesh,District_E,25151,12960,12191,4733,71.84309261626925,78.11064550579724,32.664837907334935,68.78859872126095,Rural,Village
VIL_00556,Village_556,Bihar,District_C,27486,13749,13737,3112,42.998156009080446,78.22441125119272,33.45757201948037,74.63609918019426,Rural,Village
VIL_00557,Village_557,Madhya Pradesh,District_C,9618,5022,4596,4179,57.272409380513785,44.471818401501096,23.933429756366962,74.59630620087678,Rural,Village
VIL_00558,Village_558,Uttar Pradesh,District_A,46126,20784,25342,6328,67.45594207627325,53.981254837222906,27.029192050457922,81.30274650395123,Rural,Village
VIL_00559,Village_559,West Bengal,District_B,16284,8292,7992,7498,51.91185520949825,78.64220793300112,19.084882280420253,70.22180754790693,Rural,Village
VIL_00560,Village_560,Uttar Pradesh,District_D,33887,18120,15767,8496,87.9944237017243,30.243420382775163,16.171957777768714,81.19942464845609,Rural,Village
VIL_00561,Village_561,Uttar Pradesh,District_B,21721,10549,11172,4953,44.79101092037887,50.633912418957465,28.9375112615977,69.99584505368401,Rural,Village
VIL_00562,Village_562,Madhya Pradesh,District_E,10128,4667,5461,4946,66.80614429196235,35.02287748404842,32.99437932145844,69.99402659578494,Rural,Village
VIL_00563,Village_563,West Bengal,District_C,12548,6174,6374,9399,78.02788316322336,55.45789827813013,26.968249035716678,83.29185050095813,Rural,Village
VIL_00564,Village_564,West Bengal,District_A,45353,23706,21647,3989,54.396310507396535,31.233497727024357,22.836127708749927,74.80683865048873,Rural,Village
VIL_00565,Village_565,West Bengal,District_A,34151,15734,18417,2985,74.3332405348635,50.344921569531394,12.608818238480975,88.5258819019887,Rural,Village
VIL_00566,Village_566,Bihar,District_D,49911,23488,26423,4339,85.6161832578306,41.034953739266754,9.550302665539727,68.78441166514665,Rural,Village
VIL_00567,Village_567,Madhya Pradesh,District_B,30547,14196,16351,8995,50.46853363022761,56.66541812293704,20.925061917155645,77.34723993807788,Rural,Village
VIL_00568,Village_568,West Bengal,District_D,18494,9796,8698,7128,90.44713255036746,79.79968245503498,9.431137347225217,70.3758546911545,Rural,Village
VIL_00569,Village_569,Bihar,District_C,34601,15788,18813,9161,70.44571929642969,70.02680525633738,24.51070432530953,75.37895830192028,Rural,Village
VIL_00570,Village_570,Maharashtra,District_D,30354,15743,14611,3959,56.45776023655833,72.28210458122106,19.099146548215366,88.96267146279007,Rural,Village
VIL_00571,Village_571,Maharashtra,District_A,18609,9055,9554,64,63.697205146024885,61.763249367954046,29.958484470777115,86.66569274650917,Rural,Village
VIL_00572,Village_572,Bihar,District_A,49098,25804,23294,1830,57.17055360825134,32.077992413612925,16.86380640824932,69.01481258596334,Rural,Village
VIL_00573,Village_573,Bihar,District_E,14572,7962,6610,4586,79.88111379633239,40.339883802207204,25.19649832805553,79.82837272033935,Rural,Village
VIL_00574,Village_574,Madhya Pradesh,District_E,45757,21114,24643,9041,83.79653648783227,76.25322782235276,23.592822130897915,81.60426840131315,Rural,Village
VIL_00575,Village_575,Madhya Pradesh,District_C,3571,1719,1852,1929,85.81155657752636,48.30565589643756,8.136660340144994,72.40022710295264,Rural,Village
VIL_00576,Village_576,Maharashtra,District_B,41896,22247,19649,6384,94.21725372721576,35.18183632403978,10.099292549665,71.04721704132545,Rural,Village
VIL_00577,Village_577,West Bengal,District_D,30368,14473,15895,2601,83.5206360873176,65.12026829331009,16.420678162094596,86.99200382797599,Rural,Village
VIL_00578,Village_578,Maharashtra,District_C,8429,3974,4455,711,73.07612388787098,44.972886196712736,33.58481734960219,88.34514527115091,Rural,Village
VIL_00579,Village_579,West Bengal,District_E,34965,18620,16345,951,58.65711641154811,43.442845645208585,12.263433692093578,88.82975000371248,Rural,Village
VIL_00580,Village_580,West Bengal,District_D,46950,25761,21189,7930,69.95274967909121,79.89887277791303,28.615935583355707,84.58499724842733,Rural,Village
VIL_00581,Village_581,Madhya Pradesh,District_E,46798,23665,23133,6402,42.2587495034723,72.90694625133273,36.22763041841633,81.9335434575104,Rural,Village
VIL_00582,Village_582,Uttar Pradesh,District_D,28372,13556,14816,3426,80.96537915414521,50.39689091839205,30.9264590280435,75.26033529605296,Rural,Village
VIL_00583,Village_583,Uttar Pradesh,District_B,42945,21036,21909,8359,64.5275549800656,79.01306039082496,15.045415488924274,71.5993645588198,Rural,Village
VIL_00584,Village_584,Bihar,District_C,6497,3034,3463,1052,41.10127763527032,62.50566117096068,34.342592551979365,69.65859258669087,Rural,Village
VIL_00585,Village_585,Madhya Pradesh,District_D,32473,17086,15387,1331,43.4378817830726,67.10112259398801,10.700107538743312,82.55924683958133,Rural,Village
VIL_00586,Village_586,West Bengal,District_A,35625,18786,16839,8599,61.31065551019661,31.57565215411058,21.576116314251337,84.47919171876653,Rural,Village
VIL_00587,Village_587,Uttar Pradesh,District_A,24670,13260,11410,3141,72.08818354601394,36.08026296740285,33.738715324066,85.35552670155458,Rural,Village
VIL_00588,Village_588,West Bengal,District_D,18384,8321,10063,1893,65.53121719236697,61.65425632481192,26.596705568449224,87.18906506937978,Rural,Village
VIL_00589,Village_589,Uttar Pradesh,District_D,19094,9665,9429,9127,74.05623745106851,74.95119913247419,19.995692377103268,86.47852083640585,Rural,Village
VIL_00590,Village_590,Uttar Pradesh,District_D,23384,11023,12361,6801,66.41618423352458,61.18718630437978,16.491573135377894,88.99456671741994,Rural,Village
VIL_00591,Village_591,Uttar Pradesh,District_A,17933,8681,9252,3768,76.39371150147407,36.70124471594959,18.877882754232147,73.12534423031228,Rural,Village
VIL_00592,Village_592,Madhya Pradesh,District_A,25222,13329,11893,297,52.05193355689405,35.78800231231623,22.7593116492693,84.02945991945643,Rural,Village
VIL_00593,Village_593,Maharashtra,District_D,5117,2400,2717,1879,46.20637529509918,72.20929479120409,17.252273966311414,80.31564975987075,Rural,Village
VIL_00594,Village_594,West Bengal,District_E,16470,8462,8008,5949,72.8038675044113,36.96511693539571,36.10006800038669,73.48614778152523,Rural,Village
VIL_00595,Village_595,Madhya Pradesh,District_E,29352,15129,14223,6812,66.65792343149691,56.011598025201266,35.05925193891821,88.6200117680258,Rural,Village
VIL_00596,Village_596,Madhya Pradesh,District_B,8099,4417,3682,4733,41.47772097247144,31.855665998115114,33.249472578215304,86.85586020025929,Rural,Village
VIL_00597,Village_597,Madhya Pradesh,District_C,22536,11888,10648,4695,60.926503702116975,34.03348836955887,20.23306523015695,70.69882903732645,Rural,Village
VIL_00598,Village_598,Madhya Pradesh,District_E,43063,22839,20224,1190,45.83690720200475,63.61741338214324,28.047751310721637,68.54932518879181,Rural,Village
VIL_00599,Village_599,Madhya Pradesh,District_A,2196,1104,1092,8701,69.22462574639823,64.45907052137584,34.18204990404297,82.45494600898621,Rural,Village
VIL_00600,Village_600,Bihar,District_E,48301,22637,25664,9394,61.767772381323695,47.07347033042212,32.66245514268891,80.68674320598724,Rural,Village
VIL_00601,Village_601,West Bengal,District_B,25379,12500,12879,5328,73.72335511066598,40.78048826215224,20.01548340658602,87.65212810633406,Rural,Village
VIL_00602,Village_602,Madhya Pradesh,District_B,43463,21946,21517,2482,84.30812203236312,70.6855135378654,11.25919543034556,72.91411103036776,Rural,Village
VIL_00603,Village_603,West Bengal,District_C,48809,25275,23534,9842,56.481777611282,40.85516147349452,10.193280551201934,69.77214690579473,Rural,Village
VIL_00604,Village_604,Bihar,District_E,26301,13433,12868,307,92.9156157290765,57.10135348331899,24.734857311545376,73.44352200921172,Rural,Village
VIL_00605,Village_605,Bihar,District_A,19815,9697,10118,5973,69.4598975323166,78.41044204314528,26.636210121117017,68.39748045074073,Rural,Village
VIL_00606,Village_606,West Bengal,District_A,29409,14014,15395,4302,74.00599393151333,37.39262189311919,32.6454355333137,68.75374777496758,Rural,Village
VIL_00607,Village_607,Uttar Pradesh,District_D,15178,7085,8093,1927,77.43698052741553,77.04381337473544,16.482935589889898,87.21201392433595,Rural,Village
VIL_00608,Village_608,Maharashtra,District_A,5205,2703,2502,1181,76.67023414216743,39.14465265343343,12.856644225951232,75.39234823253945,Rural,Village
VIL_00609,Village_609,Uttar Pradesh,District_C,29412,15133,14279,149,68.10339086747841,58.37216040116148,18.991169162167786,76.62698902120329,Rural,Village
VIL_00610,Village_610,Uttar Pradesh,District_C,2939,1524,1415,6357,63.58203601130759,48.85038559793723,18.253678585335976,68.38580474530019,Rural,Village
VIL_00611,Village_611,Uttar Pradesh,District_A,3484,1697,1787,2383,42.95800802975579,78.2464300750913,11.841599666517787,73.68095738360878,Rural,Village
VIL_00612,Village_612,Madhya Pradesh,District_A,43719,20820,22899,8171,41.21472149156489,43.67710145009684,27.49619692288141,84.89924565857005,Rural,Village
VIL_00613,Village_613,Bihar,District_D,42921,22575,20346,6003,59.68786569930205,49.98290010428768,22.752066281151905,80.9253101530011,Rural,Village
VIL_00614,Village_614,Uttar Pradesh,District_A,13593,7168,6425,163,58.3513489848531,79.14300589277101,28.91255992732822,83.82939262281472,Rural,Village
VIL_00615,Village_615,Bihar,District_D,17169,8508,8661,8227,61.32323351614537,56.82351955942366,18.228042484922305,77.39148855666949,Rural,Village
VIL_00616,Village_616,West Bengal,District_D,47007,24029,22978,7489,47.61025104885045,55.13150578106267,17.445364135753366,74.50431365677792,Rural,Village
VIL_00617,Village_617,Maharashtra,District_A,7631,3718,3913,264,80.5992548795264,42.888924410199564,21.704699738271813,78.13901195989578,Rural,Village
VIL_00618,Village_618,West Bengal,District_B,37151,19325,17826,946,87.13304281269313,65.06817801552208,33.444813016459264,74.78449243652078,Rural,Village
VIL_00619,Village_619,West Bengal,District_B,7836,4181,3655,3198,91.62930494557193,30.71864758888888,9.168157895285429,85.61839303015543,Rural,Village
VIL_00620,Village_620,Madhya Pradesh,District_D,7810,4052,3758,2196,67.07992669357942,32.475631485114675,31.34015170159769,74.25114802744976,Rural,Village
VIL_00621,Village_621,Maharashtra,District_A,1719,861,858,5022,78.54761345189857,59.96792935679014,18.700640767074937,81.85503644951476,Rural,Village
VIL_00622,Village_622,West Bengal,District_B,14075,6979,7096,906,87.05531178897299,47.083728690922705,32.783951747865856,70.87662666850008,Rural,Village
VIL_00623,Village_623,West Bengal,District_A,45703,23501,22202,8552,63.00601111014173,77.66581861004803,31.263887256239837,82.42419636843312,Rural,Village
VIL_00624,Village_624,Maharashtra,District_A,23352,12095,11257,3418,57.01770371787444,75.15953453613929,18.114076174486563,87.17929394360071,Rural,Village
VIL_00625,Village_625,Maharashtra,District_A,15361,7770,7591,8517,91.51985057194196,65.68531293383536,28.12241952432686,80.78024624743807,Rural,Village
VIL_00626,Village_626,West Bengal,District_E,1531,784,747,9119,68.36221030923902,70.90727905639007,12.629349946429764,79.75696298072403,Rural,Village
VIL_00627,Village_627,Maharashtra,District_A,9167,4213,4954,2674,67.34896376249829,63.366592483384665,33.99216501274985,88.18348362845444,Rural,Village
VIL_00628,Village_628,West Bengal,District_E,37581,20488,17093,7412,49.81288531099227,36.27910513550803,19.730240869105373,81.17532766163278,Rural,Village
VIL_00629,Village_629,West Bengal,District_D,27137,14357,12780,1391,45.94852580153462,68.27716848446013,21.213142845300805,73.45055909873473,Rural,Village
VIL_00630,Village_630,Madhya Pradesh,District_B,9657,4706,4951,7155,86.31587743659314,40.50959843594232,28.46701248007256,74.14021150080255,Rural,Village
VIL_00631,Village_631,Uttar Pradesh,District_B,9535,4827,4708,340,73.77732469031349,46.17214275500984,31.804366864440677,82.81143949325447,Rural,Village
VIL_00632,Village_632,West Bengal,District_B,37866,17218,20648,4674,57.920352121069676,70.96171060512101,14.853939556518078,83.4441684717359,Rural,Village
VIL_00633,Village_633,Bihar,District_B,262,118,144,5320,50.54549195646466,56.826280419672415,27.179154056432868,74.37342086756932,Rural,Village
VIL_00634,Village_634,Uttar Pradesh,District_B,34842,16552,18290,6781,70.55235040932973,72.99703570917046,19.367943272785304,75.25222353645293,Rural,Village
VIL_00635,Village_635,Uttar Pradesh,District_B,19775,10262,9513,6874,72.11556090936244,40.651765992163206,18.69238479611488,88.81218668352082,Rural,Village
VIL_00636,Village_636,Uttar Pradesh,District_B,8561,4581,3980,5525,51.3846480684782,60.38892193034436,28.010748894278986,70.14100354118582,Rural,Village
VIL_00637,Village_637,Madhya Pradesh,District_D,17115,8658,8457,9343,86.82731613403107,34.18954862741308,19.228314950522098,76.49754559724208,Rural,Village
VIL_00638,Village_638,West Bengal,District_A,32691,16450,16241,6573,44.63454013857181,62.15304967700148,18.037146504767822,69.31139815514766,Rural,Village
VIL_00639,Village_639,Madhya Pradesh,District_C,28147,13798,14349,4062,59.58511968415319,68.12670188877674,32.24076383566103,85.24264560196306,Rural,Village
VIL_00640,Village_640,West Bengal,District_E,34882,16260,18622,9029,77.4211427569387,59.246544698936084,10.937007591099185,69.93926261785408,Rural,Village
VIL_00641,Village_641,Madhya Pradesh,District_C,9933,4587,5346,7518,55.07662001005604,43.311575074940514,27.60088606207611,82.15415448571693,Rural,Village
VIL_00642,Village_642,Madhya Pradesh,District_C,7996,4206,3790,6656,85.52213571296994,31.567133442943337,15.213036419928114,69.18615190407313,Rural,Village
VIL_00643,Village_643,Bihar,District_A,33072,17949,15123,7382,80.6927304630222,35.97244419821429,8.44944901295952,82.12995579400351,Rural,Village
VIL_00644,Village_644,Madhya Pradesh,District_A,49833,24708,25125,31,83.39625645014738,61.11514895370131,12.836163797308068,85.70377588548178,Rural,Village
VIL_00645,Village_645,Maharashtra,District_A,41900,21618,20282,214,46.5508594732194,76.72101084212568,25.593184363500164,76.3752520654052,Rural,Village
VIL_00646,Village_646,Bihar,District_B,30608,16572,14036,2557,47.73009203975486,40.32672019860032,28.564688553092186,78.96465636207571,Rural,Village
VIL_00647,Village_647,Madhya Pradesh,District_D,5447,2500,2947,2862,55.756055575952104,66.75130745525493,8.610675723133282,76.43237649811093,Rural,Village
VIL_00648,Village_648,Uttar Pradesh,District_B,30414,16029,14385,2249,68.49424408586586,73.32255316245207,9.056337855749884,74.31026393128542,Rural,Village
VIL_00649,Village_649,Maharashtra,District_D,2743,1403,1340,3029,81.14088421846714,56.04410892237556,34.173721330445645,84.86853141316969,Rural,Village
VIL_00650,Village_650,Maharashtra,District_D,40885,20845,20040,8004,86.0091989918497,63.463289792182884,10.125868725297876,73.71205404835078,Rural,Village
VIL_00651,Village_651,Maharashtra,District_C,18781,9000,9781,2097,78.73844237764493,70.7507658338074,33.93128259988057,83.18181191217839,Rural,Village
VIL_00652,Village_652,Bihar,District_C,38428,19920,18508,7865,91.07282848418511,43.03375788702968,14.616811498776269,72.33013866435925,Rural,Village
VIL_00653,Village_653,Madhya Pradesh,District_D,15992,8467,7525,3887,80.63089302887616,44.84478371340215,29.46051620458817,73.24692971764492,Rural,Village
VIL_00654,Village_654,Madhya Pradesh,District_D,47399,21864,25535,4893,56.84473378525381,30.031375831422807,16.98226421943435,75.06568441412146,Rural,Village
VIL_00655,Village_655,Uttar Pradesh,District_B,17173,8644,8529,8655,54.579470638621494,78.15470654489013,32.90380874266633,80.37228392526956,Rural,Village
VIL_00656,Village_656,Uttar Pradesh,District_B,36868,16963,19905,317,78.29058476655995,75.87724472981725,28.31319109730638,77.54286870235036,Rural,Village
VIL_00657,Village_657,Maharashtra,District_C,30782,16537,14245,5876,50.60788127792878,68.22841318797151,19.65259029944916,83.64804100638423,Rural,Village
VIL_00658,Village_658,Uttar Pradesh,District_A,32362,16205,16157,9056,45.099314594564845,33.9538010488324,10.212771171048306,72.48491330706004,Rural,Village
VIL_00659,Village_659,Bihar,District_D,31458,16697,14761,1035,69.27225811709067,52.37514448497541,29.248305332253405,68.22411804482552,Rural,Village
VIL_00660,Village_660,Madhya Pradesh,District_B,14389,7004,7385,1404,85.19028633784254,35.09458769857764,25.889657922990263,84.30770690748962,Rural,Village
VIL_00661,Village_661,Maharashtra,District_C,49923,23089,26834,9609,45.57589133584249,30.79601336313993,8.084439817179874,85.25463601148152,Rural,Village
VIL_00662,Village_662,Uttar Pradesh,District_B,8027,3645,4382,8765,83.55402280876511,60.80914826062987,8.273175823200914,69.24908342527618,Rural,Village
VIL_00663,Village_663,Bihar,District_D,48430,23156,25274,2370,84.63646023933515,78.04147085400942,31.454996222588125,80.82905796532633,Rural,Village
VIL_00664,Village_664,Bihar,District_D,1271,602,669,1289,66.52507000448489,75.14340117160751,15.522592425253762,75.94234246133463,Rural,Village
VIL_00665,Village_665,Uttar Pradesh,District_E,12018,6081,5937,1280,43.152067050576775,64.83774074677021,26.447876364113906,84.67180875908485,Rural,Village
VIL_00666,Village_666,Madhya Pradesh,District_A,42003,18992,23011,7721,49.60244181859525,34.83202920824357,21.172218173192178,86.36270563812604,Rural,Village
VIL_00667,Village_667,Uttar Pradesh,District_E,39210,19685,19525,8396,78.90844513390627,43.708201883615004,33.039470421131256,85.87107910274223,Rural,Village
VIL_00668,Village_668,Maharashtra,District_C,12029,5884,6145,4583,79.14778697450222,46.00283634426455,34.591872279972165,84.32128919436789,Rural,Village
VIL_00669,Village_669,Uttar Pradesh,District_B,2639,1339,1300,6917,89.4095401342216,68.15750288727807,36.90742366768677,73.65009680358543,Rural,Village
VIL_00670,Village_670,Bihar,District_C,36827,19158,17669,5692,72.04773806050206,70.1124589617557,12.456839938410159,85.04968251493466,Rural,Village
VIL_00671,Village_671,Uttar Pradesh,District_D,46051,23643,22408,5613,46.82590522425776,49.25530614949602,33.02595734778879,79.20304799403215,Rural,Village
VIL_00672,Village_672,Madhya Pradesh,District_E,22769,12487,10282,6175,46.67781980277347,50.89419983088048,15.714619925135251,69.1078889114739,Rural,Village
VIL_00673,Village_673,West Bengal,District_E,5532,2565,2967,5563,79.66227965462531,32.22545196380857,25.13366037196972,77.59571584786323,Rural,Village
VIL_00674,Village_674,Uttar Pradesh,District_E,20744,10226,10518,7260,50.10815658093456,44.45683592093805,22.667412182207116,87.78531625762986,Rural,Village
VIL_00675,Village_675,Madhya Pradesh,District_C,18845,9280,9565,4703,58.061202478913295,52.564258858882,8.521655815599242,86.6450463444466,Rural,Village
VIL_00676,Village_676,Madhya Pradesh,District_D,28328,13929,14399,1901,66.79666038070526,35.84915231926288,35.05036711727675,70.14754990093944,Rural,Village
VIL_00677,Village_677,Bihar,District_B,34621,17877,16744,8733,41.36206826668832,52.66337303775107,10.271484599327335,83.62666040000178,Rural,Village
VIL_00678,Village_678,Madhya Pradesh,District_B,31803,15869,15934,3829,53.685046486096255,72.65879061289002,27.95834866282434,84.92165018512293,Rural,Village
VIL_00679,Village_679,Madhya Pradesh,District_C,27028,13561,13467,5827,62.4339284679004,59.06605098625266,30.7651982500396,73.69915195297206,Rural,Village
VIL_00680,Village_680,Madhya Pradesh,District_E,18422,9086,9336,4903,55.37999751712634,33.946492751920616,31.063347622382842,77.90377998556293,Rural,Village
VIL_00681,Village_681,Madhya Pradesh,District_A,22460,12334,10126,7226,47.50036801071612,39.58356594151372,11.929341048936498,82.93074677073734,Rural,Village
VIL_00682,Village_682,Maharashtra,District_C,29155,15824,13331,4175,80.04067417879085,53.72721750792781,20.97952856473119,77.21987126524411,Rural,Village
VIL_00683,Village_683,Maharashtra,District_C,42991,20668,22323,4693,84.72312103423917,48.0743574910906,32.05343724258542,70.36873529619811,Rural,Village
VIL_00684,Village_684,Bihar,District_D,16476,7598,8878,1429,54.16134368790487,47.93635097730494,16.777697100983886,82.82353133831616,Rural,Village
VIL_00685,Village_685,Uttar Pradesh,District_B,6688,3571,3117,9906,82.59307220334668,56.463372407179506,21.564711585865243,87.14441248444137,Rural,Village
VIL_00686,Village_686,Madhya Pradesh,District_C,25100,13797,11303,5217,61.20544604207226,59.21979607947287,15.911022888295527,81.70217929652931,Rural,Village
VIL_00687,Village_687,Uttar Pradesh,District_C,6404,3069,3335,7472,67.86771849697016,69.84307851380956,21.4429911186744,84.24981571994971,Rural,Village
VIL_00688,Village_688,Uttar Pradesh,District_E,7445,3616,3829,8738,87.0800591191234,47.04832817312423,33.747299755193524,75.5256132488144,Rural,Village
VIL_00689,Village_689,Bihar,District_E,29400,15998,13402,2192,81.24745249913244,70.27331415202934,21.198602699950314,71.84716314765933,Rural,Village
VIL_00690,Village_690,Madhya Pradesh,District_A,24359,12693,11666,299,84.28142682238978,46.930561455631626,24.121448495155292,81.49824689398415,Rural,Village
VIL_00691,Village_691,Madhya Pradesh,District_D,25570,12262,13308,3997,47.52648416224962,32.77164944706169,19.715312215789424,74.8831953226656,Rural,Village
VIL_00692,Village_692,West Bengal,District_A,23117,11745,11372,2689,43.83456842085512,57.70938255023956,21.34339831289644,86.06154389878564,Rural,Village
VIL_00693,Village_693,Uttar Pradesh,District_E,15452,8412,7040,7845,89.1372600998393,59.39511624474073,8.44005177234623,70.57518904953814,Rural,Village
VIL_00694,Village_694,Uttar Pradesh,District_B,33465,17775,15690,9963,61.330884826410184,76.72701228109301,16.228619788853223,77.1027376943956,Rural,Village
VIL_00695,Village_695,Maharashtra,District_E,19546,10245,9301,4001,55.83338229383244,66.30306630312373,20.66086993051291,76.3312796098361,Rural,Village
VIL_00696,Village_696,West Bengal,District_D,2436,1275,1161,4789,79.85829398440035,75.88863262472198,26.380112303789137,87.69913092463253,Rural,Village
VIL_00697,Village_697,Maharashtra,District_E,9979,4668,5311,5267,86.00285781189211,75.41736051215048,21.05150598606287,71.21583081269249,Rural,Village
VIL_00698,Village_698,Maharashtra,District_D,32416,17260,15156,4447,87.43692920440655,60.22870551291211,17.79669425632536,68.20678332525223,Rural,Village
VIL_00699,Village_699,Maharashtra,District_D,33440,15971,17469,6155,57.3798427618875,56.38810326682238,19.25486332498056,72.99978946894947,Rural,Village
VIL_00700,Village_700,Bihar,District_D,7621,4138,3483,5593,86.87168151609208,57.872048358179995,15.026506546813529,85.22581405514174,Rural,Village
VIL_00701,Village_701,Bihar,District_D,6271,3050,3221,4151,42.251366940588994,78.91654038386238,34.810334200447535,72.39575813698735,Rural,Village
VIL_00702,Village_702,Maharashtra,District_D,23581,12633,10948,9920,42.731382030284536,68.65838458734794,23.130553547936522,73.05843933781513,Rural,Village
VIL_00703,Village_703,West Bengal,District_B,18574,8852,9722,7209,74.29355573457849,35.31329523961979,8.38887416229157,70.72787489527303,Rural,Village
VIL_00704,Village_704,Uttar Pradesh,District_A,46860,23498,23362,4555,43.47085030135504,68.92142033907,8.563941494166851,83.02416026880735,Rural,Village
VIL_00705,Village_705,West Bengal,District_C,44729,20606,24123,2796,57.853504268058884,38.52690244491129,36.21588741360921,69.45265800061377,Rural,Village
VIL_00706,Village_706,Madhya Pradesh,District_A,45332,23391,21941,9331,77.00157924358082,52.36752745028129,14.422075849824106,74.95537434889896,Rural,Village
VIL_00707,Village_707,Bihar,District_D,21108,11263,9845,7717,58.54967928298245,40.52298360882671,31.362640375615126,73.93247325904025,Rural,Village
VIL_00708,Village_708,Uttar Pradesh,District_B,1733,904,829,8406,49.87798797920527,64.47915327666149,9.68998374525666,79.65835432559325,Rural,Village
VIL_00709,Village_709,Uttar Pradesh,District_E,12585,6321,6264,682,55.47428420196129,73.86548680965178,34.71371936414192,83.33874156541445,Rural,Village
VIL_00710,Village_710,Madhya Pradesh,District_B,43717,19869,23848,8691,65.16664327377374,44.518094268334046,33.35809310633367,79.1904051286317,Rural,Village
VIL_00711,Village_711,Madhya Pradesh,District_D,3748,2036,1712,8064,66.14622204455154,34.10053706040938,24.561701710600925,87.55154585247642,Rural,Village
VIL_00712,Village_712,Maharashtra,District_B,48045,25009,23036,4238,83.0650127240961,44.92465490374816,8.260961061214417,87.98029541663396,Rural,Village
VIL_00713,Village_713,Bihar,District_B,13240,6945,6295,9635,81.25842761873318,63.61809289660972,15.47651534667679,75.59077189846883,Rural,Village
VIL_00714,Village_714,Bihar,District_D,18021,9541,8480,5080,65.12497925058744,46.4380063777225,19.797856774555484,84.33128790177275,Rural,Village
VIL_00715,Village_715,West Bengal,District_B,14457,7586,6871,5894,86.51170420043243,43.90560837769017,21.341859385679292,83.51482904863198,Rural,Village
VIL_00716,Village_716,Maharashtra,District_C,46236,22845,23391,5601,46.28304262252677,39.221759529213244,16.63268399830879,86.75225642580138,Rural,Village
VIL_00717,Village_717,Maharashtra,District_C,3237,1694,1543,2034,54.04443426258958,54.875821343721675,8.955488179120369,77.40681644436177,Rural,Village
VIL_00718,Village_718,Maharashtra,District_B,197,100,97,3809,85.53870549262383,43.79744140785938,25.11369477186972,79.13993693115364,Rural,Village
VIL_00719,Village_719,Maharashtra,District_E,11507,6160,5347,9123,60.789672124438425,66.55051745697415,23.200485363147923,76.73126058521305,Rural,Village
VIL_00720,Village_720,Bihar,District_D,30675,16265,14410,7168,93.96498573366132,33.83112009961013,16.207018427443252,85.85791530529382,Rural,Village
VIL_00721,Village_721,Bihar,District_C,12822,5822,7000,7786,65.64393048403095,63.201651655565875,9.101303059518589,72.82374862260482,Rural,Village
VIL_00722,Village_722,Maharashtra,District_E,13024,6354,6670,2384,83.55645926300701,41.87800072838849,36.843231429436266,73.03389064309134,Rural,Village
VIL_00723,Village_723,West Bengal,District_B,3850,1745,2105,3649,62.12688727603046,54.463963052580155,21.97759941796577,75.82470717511868,Rural,Village
VIL_00724,Village_724,Uttar Pradesh,District_E,27833,12808,15025,5939,63.37244354843367,44.30449610156303,29.924123011448238,72.83719947414937,Rural,Village
VIL_00725,Village_725,Uttar Pradesh,District_A,8635,4405,4230,5695,61.05857310063009,66.13843380053979,21.11710701648873,79.78114356471333,Rural,Village
VIL_00726,Village_726,West Bengal,District_C,24587,13212,11375,8892,79.54915912809464,77.26535201258184,9.251938435025302,70.82429223640555,Rural,Village
VIL_00727,Village_727,Maharashtra,District_B,30751,14206,16545,6658,70.1134836232997,75.85383897349067,16.978421607479504,74.72391060748517,Rural,Village
VIL_00728,Village_728,Bihar,District_D,4766,2359,2407,4671,91.90779612526029,59.17131075720455,17.283194089171133,87.18233866798738,Rural,Village
VIL_00729,Village_729,Uttar Pradesh,District_B,48877,26446,22431,629,53.79896740937576,53.13051516284892,32.31223421742146,76.59373508402771,Rural,Village
VIL_00730,Village_730,Madhya Pradesh,District_D,17094,9084,8010,7960,45.530950264589436,70.91502547196909,26.972669361996356,83.7129080463637,Rural,Village
VIL_00731,Village_731,Madhya Pradesh,District_B,1827,917,910,3886,61.62938168045684,64.1663181313865,15.987467205544712,70.38270602583805,Rural,Village
VIL_00732,Village_732,West Bengal,District_E,34722,18303,16419,391,73.91919892057268,39.17820571084664,36.06445868511349,73.19885467097748,Rural,Village
VIL_00733,Village_733,Maharashtra,District_E,10900,5474,5426,7018,87.34394153035223,71.04596068065001,17.324713139538268,84.95425804520774,Rural,Village
VIL_00734,Village_734,Uttar Pradesh,District_E,37923,17664,20259,635,59.04082876741802,51.44421946973551,36.94878674903289,84.02285166208358,Rural,Village
VIL_00735,Village_735,Maharashtra,District_A,43139,19950,23189,6931,75.95827131184538,39.44928299855876,36.88874710193763,76.10927429047024,Rural,Village
VIL_00736,Village_736,Uttar Pradesh,District_D,18808,8817,9991,6030,59.260927456277045,44.08986751982462,13.545105014655512,88.04233494270296,Rural,Village
VIL_00737,Village_737,West Bengal,District_E,12919,6266,6653,2273,73.9470770646952,43.376351512417116,17.069492369463603,87.12350333252546,Rural,Village
VIL_00738,Village_738,West Bengal,District_A,9469,5142,4327,4962,88.66443708668581,55.96034873017301,22.095281756054973,88.20831573135703,Rural,Village
VIL_00739,Village_739,Madhya Pradesh,District_D,9383,4972,4411,884,52.72467032426749,41.71850453389378,27.258919463288837,76.9862084939435,Rural,Village
VIL_00740,Village_740,Maharashtra,District_B,30673,15130,15543,1288,62.23329031588715,36.17832437007881,23.31337602111018,72.14694525739934,Rural,Village
VIL_00741,Village_741,Madhya Pradesh,District_A,13271,6626,6645,7474,94.62958580363606,36.184542530688034,36.11380260483545,81.15983142091817,Rural,Village
VIL_00742,Village_742,Maharashtra,District_C,31033,14789,16244,8996,87.77063655372035,59.16380985695483,28.995685762835052,82.38023632386317,Rural,Village
VIL_00743,Village_743,Madhya Pradesh,District_A,5874,3057,2817,4591,71.05519218429112,66.73796444246892,14.149300632106257,70.63427747346093,Rural,Village
VIL_00744,Village_744,Bihar,District_A,6619,3509,3110,5249,68.41451755198514,46.07665044191704,11.047828956195511,84.51614372021402,Rural,Village
VIL_00745,Village_745,Bihar,District_D,11083,5252,5831,2257,55.65302102675746,31.732535490700855,27.963637430571346,68.37926461495917,Rural,Village
VIL_00746,Village_746,Bihar,District_B,31032,14094,16938,4074,68.44651852314412,36.36124434685054,12.595120765242127,78.13729613701246,Rural,Village
VIL_00747,Village_747,Bihar,District_C,30898,15831,15067,955,86.6499824053971,75.73472801685286,30.84262836973687,74.9513414493928,Rural,Village
VIL_00748,Village_748,Uttar Pradesh,District_E,18233,9230,9003,6414,77.68459823027793,54.67718297947265,17.020063350549773,83.54636425788077,Rural,Village
VIL_00749,Village_749,Bihar,District_E,15039,7372,7667,7911,55.952421549789264,52.67864048075874,17.479904628612587,74.56797527585813,Rural,Village
VIL_00750,Village_750,West Bengal,District_A,881,453,428,345,51.08051565794431,31.902458915504546,8.313153379295848,85.36294936840169,Rural,Village
VIL_00751,Village_751,West Bengal,District_D,49150,24823,24327,9746,54.5864695348256,66.43185111584495,28.32932674575618,80.49402326439701,Rural,Village
VIL_00752,Village_752,Uttar Pradesh,District_D,27724,13170,14554,7794,49.33675607660546,56.403404046603946,11.284822838875888,84.67176059700351,Rural,Village
VIL_00753,Village_753,Bihar,District_E,6923,3390,3533,3881,45.260238281304375,40.10404680432604,30.413536746442027,88.7761533946321,Rural,Village
VIL_00754,Village_754,Bihar,District_C,18589,9160,9429,2005,63.05248959431302,35.50368800905286,22.264166835599,82.26232526061469,Rural,Village
VIL_00755,Village_755,Bihar,District_B,40061,21553,18508,4952,46.231478241904725,49.16939318159993,30.744114633682504,88.68395664359453,Rural,Village
VIL_00756,Village_756,Madhya Pradesh,District_C,29218,15955,13263,4623,49.45519067499074,71.85809820975129,24.933869636734496,68.60556286535581,Rural,Village
VIL_00757,Village_757,Maharashtra,District_B,34981,18865,16116,2798,70.10285763867174,73.26472796005123,10.390564888550731,75.10093975815998,Rural,Village
VIL_00758,Village_758,Madhya Pradesh,District_E,16380,8549,7831,9482,49.05296005347661,60.14231901978182,30.20391776445031,70.26491855580849,Rural,Village
VIL_00759,Village_759,Maharashtra,District_B,22363,11371,10992,8852,43.513387208699655,66.37682136150713,10.024185061947742,73.50840355907323,Rural,Village
VIL_00760,Village_760,Bihar,District_D,13665,7091,6574,7774,57.456386751533685,35.75778937014352,21.882349896510636,85.61664588164126,Rural,Village
VIL_00761,Village_761,Bihar,District_A,20454,11125,9329,4098,52.11755042420821,59.40630327339274,12.998127210203936,68.6787885718479,Rural,Village
VIL_00762,Village_762,Madhya Pradesh,District_A,43051,20449,22602,1387,68.34178533969072,63.34828517435909,29.817720161358665,78.92384165038027,Rural,Village
VIL_00763,Village_763,Madhya Pradesh,District_E,25743,12961,12782,4062,45.63018965207651,40.03564214568961,34.43614560637767,79.90970285817983,Rural,Village
VIL_00764,Village_764,Maharashtra,District_D,23748,12324,11424,2595,81.34739332256379,74.00773664551295,24.069658737389954,79.78417408011109,Rural,Village
VIL_00765,Village_765,West Bengal,District_C,42071,21789,20282,6774,89.84284356893262,39.74983687605099,23.287271534676236,77.98123855028837,Rural,Village
VIL_00766,Village_766,Maharashtra,District_D,18758,8914,9844,1601,80.8889345675907,45.67386799232252,30.15493269344292,84.60266226016486,Rural,Village
VIL_00767,Village_767,Madhya Pradesh,District_A,21353,10861,10492,2006,69.30548705707668,61.02784235117293,8.147285576296088,70.80440487961657,Rural,Village
VIL_00768,Village_768,Madhya Pradesh,District_A,48663,25771,22892,2260,87.33673019838868,61.917503256536534,34.615000636419666,74.52211732656653,Rural,Village
VIL_00769,Village_769,Uttar Pradesh,District_D,26490,13178,13312,3986,78.22051088798291,64.96923704936836,13.72601569564282,80.93024712234863,Rural,Village
VIL_00770,Village_770,Madhya Pradesh,District_D,23228,12295,10933,7624,40.58031173476044,35.600585653410285,36.53944763096088,82.50997869162707,Rural,Village
VIL_00771,Village_771,Uttar Pradesh,District_A,13589,6604,6985,8340,61.67495840259767,72.47322149642777,29.351364490853403,76.48711706731818,Rural,Village
VIL_00772,Village_772,West Bengal,District_C,38414,20892,17522,5988,86.802354467374,56.64235661416299,30.45328328331946,86.3827965298719,Rural,Village
VIL_00773,Village_773,Maharashtra,District_E,32758,16490,16268,9063,59.02223718863981,53.56608970525342,27.02988643083459,76.7253613306142,Rural,Village
VIL_00774,Village_774,Maharashtra,District_E,6952,3542,3410,7513,41.93683454390379,79.05488122567547,21.67823230076965,76.458298821315,Rural,Village
VIL_00775,Village_775,Uttar Pradesh,District_D,29550,13390,16160,4123,81.03988012037497,67.01891484705098,24.5772031074738,68.76035249123508,Rural,Village
VIL_00776,Village_776,Maharashtra,District_E,2651,1238,1413,2096,84.11210486555777,35.900301330968745,9.345683694438645,79.57396806008941,Rural,Village
VIL_00777,Village_777,Madhya Pradesh,District_A,6511,3342,3169,5251,48.83265322738197,67.82695836131204,26.094825773528413,82.88229760875001,Rural,Village
VIL_00778,Village_778,Bihar,District_A,49259,24234,25025,3014,69.55372732637497,34.76244669864347,26.156844957624354,70.40320143385381,Rural,Village
VIL_00779,Village_779,Uttar Pradesh,District_D,33343,16698,16645,3764,50.55754914476492,31.373528125649244,33.84482312465248,74.41408808784529,Rural,Village
VIL_00780,Village_780,Maharashtra,District_D,21900,9992,11908,5614,79.55789304742808,50.181294763494854,22.66403436547636,84.40639602943989,Rural,Village
VIL_00781,Village_781,Uttar Pradesh,District_D,10503,5602,4901,7551,54.93527503476171,79.67890864096094,10.237186848495769,75.68430814368509,Rural,Village
VIL_00782,Village_782,Uttar Pradesh,District_C,7339,3878,3461,7391,57.39183174098315,38.74419680974313,16.879681693980356,73.07365170284083,Rural,Village
VIL_00783,Village_783,Bihar,District_E,6810,3190,3620,1664,86.47339695020557,63.6322171763395,27.013252951315206,82.11621393486736,Rural,Village
VIL_00784,Village_784,Madhya Pradesh,District_D,21484,11030,10454,3164,66.19772937137974,38.669803310305966,14.938507019792453,72.13193433110477,Rural,Village
VIL_00785,Village_785,Uttar Pradesh,District_B,21138,11241,9897,262,76.83649481700363,66.23934874791931,16.135306833806627,86.80871131124671,Rural,Village
VIL_00786,Village_786,Maharashtra,District_B,40946,21049,19897,4105,62.13051778973572,55.267683411891305,31.79360147446475,70.21756631654895,Rural,Village
VIL_00787,Village_787,West Bengal,District_A,22547,10846,11701,7974,56.390377145656544,63.998585504468814,24.94527222111856,82.83754584793937,Rural,Village
VIL_00788,Village_788,Uttar Pradesh,District_E,2385,1229,1156,7289,74.40129332335638,40.14365879571173,22.747295521433603,78.49052272701388,Rural,Village
VIL_00789,Village_789,Uttar Pradesh,District_D,38091,17942,20149,7150,48.51716657433517,67.2814166260251,17.235107037368326,86.26852081033687,Rural,Village
VIL_00790,Village_790,Bihar,District_B,13621,6562,7059,6848,60.51499095617746,79.78095298113533,29.196913042057968,70.65009691155097,Rural,Village
VIL_00791,Village_791,Madhya Pradesh,District_E,47757,22637,25120,8382,51.49703705622572,63.282525031297986,16.34383460021085,82.23579328841785,Rural,Village
VIL_00792,Village_792,West Bengal,District_A,7071,3575,3496,8864,78.268723181741,54.67399990364389,29.374842011681082,80.01314742280901,Rural,Village
VIL_00793,Village_793,Maharashtra,District_C,29239,13473,15766,6351,91.93148610903592,76.15869943096324,10.032942927755819,78.08189298704097,Rural,Village
VIL_00794,Village_794,West Bengal,District_E,20009,10871,9138,3532,94.75310324087265,30.792592111593816,33.071698905880424,78.31955253208604,Rural,Village
VIL_00795,Village_795,Maharashtra,District_E,11631,5621,6010,1519,64.76522457428749,66.49617596429106,22.48742743790205,83.16151619776915,Rural,Village
VIL_00796,Village_796,Madhya Pradesh,District_C,14821,6993,7828,2178,53.889171430004446,74.43732584069065,20.716732484270132,87.69257475363126,Rural,Village
VIL_00797,Village_797,Maharashtra,District_E,19306,9646,9660,5182,64.35561537113783,33.08372918104787,25.719678934715812,69.91628484150002,Rural,Village
VIL_00798,Village_798,Bihar,District_A,37811,18062,19749,4059,86.59981754794981,52.50320852078791,26.101570113991844,68.40955559982092,Rural,Village
VIL_00799,Village_799,Bihar,District_A,6630,3338,3292,2055,51.3303123203622,40.235972697499946,11.829020129809871,84.91980064210527,Rural,Village
VIL_00800,Village_800,Bihar,District_C,11216,5438,5778,7997,92.3652608409108,58.325908279391506,29.930774104670185,70.27155713856595,Rural,Village
VIL_00801,Village_801,Bihar,District_D,358,165,193,877,58.8026172838983,62.47714793018302,16.001920640551823,88.7206327176889,Rural,Village
VIL_00802,Village_802,West Bengal,District_B,382,182,200,3843,94.21920126976677,45.13115914643775,34.243894524927505,81.00631322813558,Rural,Village
VIL_00803,Village_803,Madhya Pradesh,District_D,14037,6932,7105,6790,86.12348881436793,52.99908348390504,31.71766923903014,81.66819430033695,Rural,Village
VIL_00804,Village_804,Maharashtra,District_E,1998,905,1093,9261,84.47137937810646,43.96697426382798,18.041715204507707,72.17672576169836,Rural,Village
VIL_00805,Village_805,Maharashtra,District_B,4235,2232,2003,318,57.4847570575306,48.46955822275569,31.424439502820718,73.04655851623016,Rural,Village
VIL_00806,Village_806,Bihar,District_C,6729,3446,3283,7264,40.48274665713612,37.97699783442118,18.33532447969722,81.84635636508425,Rural,Village
VIL_00807,Village_807,Bihar,District_C,44036,22464,21572,943,61.017309985429335,74.27797217928156,10.927482767445177,87.10426359661814,Rural,Village
VIL_00808,Village_808,Uttar Pradesh,District_B,19684,9932,9752,4252,56.59951533144815,30.500520527956823,35.89475892304553,88.63020164486889,Rural,Village
VIL_00809,Village_809,Madhya Pradesh,District_A,23651,12039,11612,4326,42.05683447248385,74.12045932218942,26.925458441247763,72.15864987925296,Rural,Village
VIL_00810,Village_810,West Bengal,District_B,33480,18195,15285,2819,67.79508910782613,58.58394391748693,21.226886273215158,70.8165120769056,Rural,Village
VIL_00811,Village_811,Maharashtra,District_E,47071,21222,25849,6598,62.16672212055052,46.58289220885088,19.53542719440015,69.1844285129766,Rural,Village
VIL_00812,Village_812,Uttar Pradesh,District_A,17171,7809,9362,4895,74.90060572578386,66.15285627301648,17.416454693489655,86.23423738138789,Rural,Village
VIL_00813,Village_813,Uttar Pradesh,District_C,20174,9464,10710,5346,74.16524772067459,55.38760759313321,36.46198026744475,74.18901178398585,Rural,Village
VIL_00814,Village_814,Maharashtra,District_B,25288,11802,13486,6602,46.64106497431741,54.95543290538033,11.907670688796316,68.03805271125428,Rural,Village
VIL_00815,Village_815,West Bengal,District_D,2407,1126,1281,1822,93.73310503696425,35.50711414594832,17.12934670869648,72.70017980718501,Rural,Village
VIL_00816,Village_816,Uttar Pradesh,District_D,40001,20688,19313,2677,50.28122861927958,49.475801297270436,22.079431568197244,75.1492626820878,Rural,Village
VIL_00817,Village_817,Uttar Pradesh,District_E,11305,5606,5699,3366,64.49007136205876,42.053217292836834,21.861986806575032,88.81070955943039,Rural,Village
VIL_00818,Village_818,Madhya Pradesh,District_D,6006,3298,2708,9683,66.84646488885542,30.78479527981398,21.66962804782746,78.99437347099871,Rural,Village
VIL_00819,Village_819,West Bengal,District_B,2691,1272,1419,2969,84.71845384677661,48.004981539105664,13.097730659081073,72.29899289949712,Rural,Village
VIL_00820,Village_820,Uttar Pradesh,District_B,15249,7336,7913,961,45.457627785205574,34.49110647128024,12.203043286175516,75.03118523898247,Rural,Village
VIL_00821,Village_821,West Bengal,District_D,45018,24688,20330,1927,63.57543535646924,42.84150188625926,15.388260003529982,74.93646143869445,Rural,Village
VIL_00822,Village_822,Maharashtra,District_B,40051,21354,18697,4857,74.56761936299122,34.62583105915472,34.521258460259624,68.41424067572669,Rural,Village
VIL_00823,Village_823,Bihar,District_E,25250,12548,12702,8125,51.833559189323054,35.04708127781994,11.278536067200793,70.83884413760003,Rural,Village
VIL_00824,Village_824,Uttar Pradesh,District_A,31952,16150,15802,1263,74.510734432134,39.95056472075942,29.96532799782642,82.59912565376743,Rural,Village
VIL_00825,Village_825,Madhya Pradesh,District_E,42970,22959,20011,5716,90.8015660652309,79.99246222432001,29.968903400867767,70.52527071798542,Rural,Village
VIL_00826,Village_826,Maharashtra,District_E,49921,24865,25056,1486,94.86349721449713,30.109207142862438,31.483341713020607,72.8454198087285,Rural,Village
VIL_00827,Village_827,West Bengal,District_B,1383,650,733,3977,41.784809223487166,61.93363180602026,33.71184918069131,75.36548326649049,Rural,Village
VIL_00828,Village_828,Maharashtra,District_A,33791,18005,15786,1986,52.95735255345726,37.06218490132787,15.628049148628978,83.91243383454817,Rural,Village
VIL_00829,Village_829,Uttar Pradesh,District_B,1225,617,608,395,57.06689136854336,76.03140683553879,14.512224608797995,80.23042026222673,Rural,Village
VIL_00830,Village_830,West Bengal,District_C,1629,757,872,282,61.951935524473136,34.681644666681464,21.499664329296913,82.46899968475994,Rural,Village
VIL_00831,Village_831,Bihar,District_B,26270,13149,13121,4382,53.324143667162204,77.75315935631183,15.687585893809048,79.90725883382362,Rural,Village
VIL_00832,Village_832,Maharashtra,District_B,8538,4194,4344,6522,51.19183970054219,60.5463193741739,29.294989680510117,82.35544092965925,Rural,Village
VIL_00833,Village_833,Uttar Pradesh,District_B,20195,10858,9337,7853,92.5004613329625,30.063403845774513,26.442247725501577,68.05968522694342,Rural,Village
VIL_00834,Village_834,Madhya Pradesh,District_A,16254,7519,8735,1913,90.51868815237847,74.70035989584031,33.374642953526894,87.54886103180002,Rural,Village
VIL_00835,Village_835,West Bengal,District_B,8104,4356,3748,8126,42.58458755517146,56.085590068345915,10.399410801125075,70.32932484837093,Rural,Village
VIL_00836,Village_836,Maharashtra,District_A,9852,4938,4914,1672,58.63471618826665,43.13348676652423,34.537416667384164,76.531231015515,Rural,Village
VIL_00837,Village_837,Maharashtra,District_D,43460,21314,22146,5560,62.28317045231236,68.3639588757815,16.507110173432597,84.19180577514194,Rural,Village
VIL_00838,Village_838,Bihar,District_C,26919,12549,14370,3912,53.145799406626885,76.33327769434351,22.230136031882537,77.13984507819791,Rural,Village
VIL_00839,Village_839,Bihar,District_A,36732,19103,17629,619,74.58800933434965,54.184541157339694,20.719731642249666,87.88369358501784,Rural,Village
VIL_00840,Village_840,Madhya Pradesh,District_D,26615,14443,12172,4835,75.22094106543327,45.77767372215554,30.049037882028294,77.8193679184741,Rural,Village
VIL_00841,Village_841,Madhya Pradesh,District_A,24317,11855,12462,1932,86.77773255807284,69.44725619674634,20.189665973523432,86.3737275176561,Rural,Village
VIL_00842,Village_842,Uttar Pradesh,District_A,23272,11034,12238,9504,80.74780976118697,64.08927488942274,35.36304122383287,85.02739038060768,Rural,Village
VIL_00843,Village_843,Uttar Pradesh,District_C,33094,16728,16366,8812,69.84153298312756,74.43762418751362,34.17348259651869,88.60071235877234,Rural,Village
VIL_00844,Village_844,Madhya Pradesh,District_E,15136,8016,7120,8592,75.9472723524431,64.62570063805964,33.292673407115686,87.45750339577049,Rural,Village
VIL_00845,Village_845,Madhya Pradesh,District_E,11839,5332,6507,4233,55.069382984865996,42.176416944976815,10.066491646798609,86.86060052897045,Rural,Village
VIL_00846,Village_846,West Bengal,District_A,32320,16584,15736,3657,72.61809044820467,76.58296248795095,32.77348378506424,83.36369115090883,Rural,Village
VIL_00847,Village_847,Bihar,District_B,49516,25235,24281,9310,66.90749901124556,35.24178736029957,30.667427917853104,75.70696109263264,Rural,Village
VIL_00848,Village_848,Uttar Pradesh,District_D,9687,4667,5020,5619,47.33394570240037,43.39713750534239,11.0018754631778,70.22863378986295,Rural,Village
VIL_00849,Village_849,Bihar,District_B,44617,22091,22526,6468,53.33993521206339,56.00973038619428,11.115015437650435,82.46154609755219,Rural,Village
VIL_00850,Village_850,Bihar,District_B,30229,14349,15880,8577,56.04313978968723,58.28710130354507,10.933750534008695,88.55173570809727,Rural,Village
VIL_00851,Village_851,Madhya Pradesh,District_A,745,394,351,7402,90.83702618789069,30.76552933134527,8.328645202930138,83.25869318396924,Rural,Village
VIL_00852,Village_852,West Bengal,District_A,31030,15932,15098,9002,52.67126516622392,69.02863629104701,23.910394850642923,87.50331675482404,Rural,Village
VIL_00853,Village_853,Maharashtra,District_A,16399,8253,8146,3589,55.90841465508175,48.080365921269475,36.228434451645256,84.89039897206585,Rural,Village
VIL_00854,Village_854,West Bengal,District_A,30190,14770,15420,7727,60.31447715491878,50.32092705010689,20.72185638409401,71.42540817745025,Rural,Village
VIL_00855,Village_855,West Bengal,District_E,22053,10566,11487,766,76.50585062439629,70.46847722184728,23.681967554733333,73.23327918241704,Rural,Village
VIL_00856,Village_856,Bihar,District_A,46543,24773,21770,8524,46.50311158596773,48.964169586377224,36.07112410632871,75.17917763700936,Rural,Village
VIL_00857,Village_857,West Bengal,District_E,26575,13158,13417,4653,92.46698668715769,32.36124382473774,15.40028463445269,71.53346933109809,Rural,Village
VIL_00858,Village_858,Uttar Pradesh,District_E,18988,9496,9492,940,87.60641710521205,38.82198852351752,32.895637325349625,80.21467798613314,Rural,Village
VIL_00859,Village_859,Bihar,District_A,43832,22007,21825,9289,71.74688401549226,77.79515861940911,23.845323549140346,88.48446100683398,Rural,Village
VIL_00860,Village_860,Uttar Pradesh,District_C,16187,8009,8178,7028,77.07208270837262,33.520268120125706,24.51481892522731,83.99063550215934,Rural,Village
VIL_00861,Village_861,Maharashtra,District_D,46405,22070,24335,2401,40.91632591843188,47.74656004840081,17.952041859011224,76.8911217304167,Rural,Village
VIL_00862,Village_862,Bihar,District_B,46137,21316,24821,3638,58.64196264416468,55.158958352567225,24.285946468040336,68.09459410058606,Rural,Village
VIL_00863,Village_863,Maharashtra,District_E,9446,4343,5103,9009,83.76131268637931,54.664041366928004,10.121132774870233,74.57879623390176,Rural,Village
VIL_00864,Village_864,Bihar,District_D,687,361,326,4463,44.26156355858122,30.197997150607137,30.174663605809254,79.06194504153652,Rural,Village
VIL_00865,Village_865,Madhya Pradesh,District_C,12863,6075,6788,292,55.52726088158961,55.05813657287452,16.25594508478388,74.80926835089139,Rural,Village
VIL_00866,Village_866,West Bengal,District_B,42045,19154,22891,1793,72.19132555838712,49.18862289887046,33.74064155532469,70.33173338350105,Rural,Village
VIL_00867,Village_867,Madhya Pradesh,District_B,4179,2213,1966,2567,54.1027165234418,78.60396677372785,18.667670143616295,77.29806409409979,Rural,Village
VIL_00868,Village_868,Maharashtra,District_E,36216,16855,19361,3184,91.36878857794855,37.95795419969149,12.141899204119596,73.31830915628004,Rural,Village
VIL_00869,Village_869,West Bengal,District_A,20315,10411,9904,4800,47.20822469423597,47.70770983797475,28.180565656686063,87.09387990569152,Rural,Village
VIL_00870,Village_870,Bihar,District_C,25917,12540,13377,966,83.85668968492783,50.974074254490986,12.772766196691583,70.13684509852133,Rural,Village
VIL_00871,Village_871,West Bengal,District_E,24865,11503,13362,526,67.93717805485245,49.53467685504744,29.856734950746723,69.03220520321892,Rural,Village
VIL_00872,Village_872,Uttar Pradesh,District_C,30212,14847,15365,6739,81.26819267009758,63.291541382593124,36.07525485577738,68.1115975522521,Rural,Village
VIL_00873,Village_873,West Bengal,District_A,25656,11583,14073,8455,57.08934305712961,40.77564287738844,30.60703319506259,74.88946337419881,Rural,Village
VIL_00874,Village_874,Uttar Pradesh,District_A,18199,9720,8479,8717,68.29692812716213,41.053577640699594,8.651028204508416,81.86812360221866,Rural,Village
VIL_00875,Village_875,West Bengal,District_E,43653,21885,21768,6380,87.12594423477469,66.46054742504265,25.396687853530466,83.33868881051765,Rural,Village
VIL_00876,Village_876,Uttar Pradesh,District_A,45196,20967,24229,7677,65.67829545177074,55.014525933908985,28.166909458122007,77.51849535101618,Rural,Village
VIL_00877,Village_877,Maharashtra,District_D,6550,3102,3448,3610,59.78459240506483,50.75778380286552,31.938291448092272,82.3709016595606,Rural,Village
VIL_00878,Village_878,Madhya Pradesh,District_B,13330,6595,6735,1212,69.48854624390049,38.460152583862595,9.624066959231005,75.55819476052264,Rural,Village
VIL_00879,Village_879,Bihar,District_E,29109,13648,15461,1484,79.45495141700019,39.37636114560833,21.923127010616305,82.02393061971895,Rural,Village
VIL_00880,Village_880,West Bengal,District_C,5533,2638,2895,410,64.39598400241765,30.527581840795026,23.525755306513435,68.85251569134984,Rural,Village
VIL_00881,Village_881,Madhya Pradesh,District_D,33966,17099,16867,5635,91.638233632825,34.57131344308546,12.904621016681162,76.20581267590708,Rural,Village
VIL_00882,Village_882,Bihar,District_E,39964,21311,18653,6126,56.22202032232882,57.84193473451205,17.351044481608838,84.60784323029677,Rural,Village
VIL_00883,Village_883,Bihar,District_A,18810,9220,9590,8884,66.15049833930162,74.5936565004205,20.766430061428792,84.86312663963903,Rural,Village
VIL_00884,Village_884,Uttar Pradesh,District_A,11539,6019,5520,2580,81.63102126377927,44.35823825652787,32.16308095077625,83.03912435638959,Rural,Village
VIL_00885,Village_885,Maharashtra,District_A,41955,22557,19398,5887,77.9016599772667,46.38736129480641,34.952819416036,72.28901103196715,Rural,Village
VIL_00886,Village_886,Maharashtra,District_A,16121,7603,8518,1231,87.50025788294359,35.78028053057561,26.224262038612512,73.19130749754329,Rural,Village
VIL_00887,Village_887,Madhya Pradesh,District_C,6516,3458,3058,9141,94.824504937461,49.43154728035513,19.453410394622402,88.91786327255475,Rural,Village
VIL_00888,Village_888,Maharashtra,District_D,7080,3722,3358,1559,63.47720808372993,31.861085228466457,15.366899516170593,70.17093815124116,Rural,Village
VIL_00889,Village_889,West Bengal,District_B,18158,8819,9339,9124,46.11329838808215,75.88003481309501,36.48192034864836,71.7939166769506,Rural,Village
VIL_00890,Village_890,Maharashtra,District_C,11201,6148,5053,663,41.67287344443824,63.65556740622643,36.5075799442144,70.73055136865278,Rural,Village
VIL_00891,Village_891,Madhya Pradesh,District_C,40818,19439,21379,8713,79.97822983768744,79.53744046966094,34.82433149881601,74.88075423735593,Rural,Village
VIL_00892,Village_892,Maharashtra,District_B,32702,15549,17153,8941,88.07075192197937,74.14115813392468,30.784405346456758,72.41369253991239,Rural,Village
VIL_00893,Village_893,West Bengal,District_B,9222,4862,4360,1303,52.139192226943024,53.649529684907634,17.44760676862293,78.45144715050321,Rural,Village
VIL_00894,Village_894,Uttar Pradesh,District_A,12676,6255,6421,7700,48.714642045444826,55.984251557518846,31.69301402143129,77.99643484448252,Rural,Village
VIL_00895,Village_895,Madhya Pradesh,District_C,27616,13340,14276,7365,43.42128003391301,39.528802325859694,19.854997500864002,86.93161800847736,Rural,Village
VIL_00896,Village_896,Uttar Pradesh,District_E,22533,10542,11991,4406,85.24866069444636,53.10196714197778,17.47641984649631,68.72953889634042,Rural,Village
VIL_00897,Village_897,Uttar Pradesh,District_B,1189,626,563,939,57.12600669409214,75.15139367464059,29.60109539552211,74.71747111002303,Rural,Village
VIL_00898,Village_898,Uttar Pradesh,District_B,37446,19795,17651,2359,62.0933291017877,32.54267118179106,10.309963900992264,80.5298157319389,Rural,Village
VIL_00899,Village_899,Bihar,District_D,9227,4674,4553,8967,67.65126053852867,73.17784014991548,9.40831897557419,80.70083699872325,Rural,Village
VIL_00900,Village_900,Bihar,District_E,10587,5777,4810,5950,86.1699278815253,47.04739008213049,20.990657218254384,78.0826508092984,Rural,Village
VIL_00901,Village_901,Uttar Pradesh,District_E,255,122,133,5422,75.79582718588168,74.9756382548155,20.923525223842695,85.1289763571073,Rural,Village
VIL_00902,Village_902,Madhya Pradesh,District_B,2058,971,1087,5683,73.82855464217963,77.04399531707423,33.97368043885122,69.31716559970363,Rural,Village
VIL_00903,Village_903,West Bengal,District_A,10793,5588,5205,5295,49.66196549757509,63.5432443500953,11.658439792346687,85.12524307718286,Rural,Village
VIL_00904,Village_904,West Bengal,District_D,39212,20619,18593,527,68.22544404404064,63.221189329633894,11.575233896119972,78.38983904914977,Rural,Village
VIL_00905,Village_905,Maharashtra,District_E,38647,18260,20387,1456,79.34595594482604,52.637716885437,12.276125413772133,70.80897459661705,Rural,Village
VIL_00906,Village_906,Madhya Pradesh,District_B,28895,13224,15671,8770,93.52934856667704,71.77701122718537,8.862351577543475,86.59974018435003,Rural,Village
VIL_00907,Village_907,Bihar,District_E,21547,11442,10105,7374,51.07734700673437,78.08063792166416,10.080220396632344,81.63380437036024,Rural,Village
VIL_00908,Village_908,Uttar Pradesh,District_D,36698,20097,16601,4536,40.52488441869747,68.75409001695596,27.136226138042133,71.43445942330692,Rural,Village
VIL_00909,Village_909,Maharashtra,District_D,41914,21563,20351,3642,44.14157884791584,61.09683668783546,20.515945544407767,68.70664419137955,Rural,Village
VIL_00910,Village_910,West Bengal,District_C,25315,12095,13220,4419,60.67188558500886,60.33964479106684,30.144488945552396,70.96330261498564,Rural,Village
VIL_00911,Village_911,Bihar,District_B,9894,5438,4456,5057,85.1299556260293,72.47349507918312,36.78533383886815,80.78475716378827,Rural,Village
VIL_00912,Village_912,Bihar,District_D,33309,17964,15345,8131,40.392814497253475,57.060188288564916,27.11200575187104,71.76522094046102,Rural,Village
VIL_00913,Village_913,Uttar Pradesh,District_C,22524,11292,11232,3735,65.12018260872122,70.19299431244113,9.463211547983589,72.7410245723756,Rural,Village
VIL_00914,Village_914,West Bengal,District_C,47346,25213,22133,7857,58.1076838437767,55.444262758712284,11.032323077875905,68.5279342408826,Rural,Village
VIL_00915,Village_915,Madhya Pradesh,District_E,37496,19932,17564,1321,42.88649405548502,33.122213748696204,33.54911845962653,83.18154411701067,Rural,Village
VIL_00916,Village_916,Bihar,District_E,6470,3516,2954,7390,64.76299576699395,49.19735044520776,23.297382392189583,85.01765239494819,Rural,Village
VIL_00917,Village_917,Uttar Pradesh,District_C,9628,5142,4486,5205,54.011178903519536,52.22204788357494,31.92027762247646,84.73381171221459,Rural,Village
VIL_00918,Village_918,Madhya Pradesh,District_E,28376,14595,13781,2175,59.353665889085356,37.08086224933086,32.84175775052286,70.67893117864998,Rural,Village
VIL_00919,Village_919,West Bengal,District_D,44433,22702,21731,6431,78.80884176313612,35.12481645946064,34.90256170348606,86.96932367516395,Rural,Village
VIL_00920,Village_920,Bihar,District_A,8279,4112,4167,6385,68.6853041151032,56.77324748284771,35.54504695910461,82.11785541895568,Rural,Village
VIL_00921,Village_921,Madhya Pradesh,District_D,48881,25058,23823,712,46.85560859460473,34.257181827804104,24.08994809859588,86.84810106991415,Rural,Village
VIL_00922,Village_922,Madhya Pradesh,District_C,16943,8971,7972,1498,92.87779972330014,45.1472583945042,17.889584995424983,77.39037059514393,Rural,Village
VIL_00923,Village_923,Madhya Pradesh,District_C,24052,13154,10898,6416,74.97509211403562,67.2298487981538,35.89408135609196,77.17605208275765,Rural,Village
VIL_00924,Village_924,Bihar,District_D,33260,16521,16739,8468,82.12276341143924,78.22160897839905,23.87478577403553,84.4752668923828,Rural,Village
VIL_00925,Village_925,Bihar,District_E,44998,22830,22168,461,44.35672325046039,65.89352902759643,9.86332896568372,69.95925496501161,Rural,Village
VIL_00926,Village_926,Maharashtra,District_E,29616,14644,14972,2666,42.58821087030104,79.6312774226435,26.640519951736085,78.9383547693326,Rural,Village
VIL_00927,Village_927,West Bengal,District_C,10549,5452,5097,5229,41.069642770244464,64.91689856397014,25.042857761455313,85.56406894825574,Rural,Village
VIL_00928,Village_928,Uttar Pradesh,District_B,21225,10888,10337,6553,50.38367152753945,44.68972353271637,33.97799331394647,85.434043824461,Rural,Village
VIL_00929,Village_929,Madhya Pradesh,District_E,7518,3396,4122,4697,62.79246187451723,63.60262702526809,26.942428485576563,88.07878998318975,Rural,Village
VIL_00930,Village_930,Maharashtra,District_D,22846,11517,11329,7231,91.47043733715526,65.1078382598452,18.12252030938499,82.66372446414148,Rural,Village
VIL_00931,Village_931,Uttar Pradesh,District_E,2554,1171,1383,9947,65.1382812596177,48.58634923082303,36.02054604546879,72.3631832182343,Rural,Village
VIL_00932,Village_932,Maharashtra,District_D,17861,8084,9777,2665,55.964030795489116,30.885692530469452,31.246965093478973,68.4258866127862,Rural,Village
VIL_00933,Village_933,Bihar,District_C,15323,8107,7216,8230,70.90643894358149,65.15998923877434,26.282110933059275,78.06773177116914,Rural,Village
VIL_00934,Village_934,Madhya Pradesh,District_E,6801,3236,3565,9336,46.15640179741341,31.085004763777082,16.494830898690566,78.78778117807367,Rural,Village
VIL_00935,Village_935,Uttar Pradesh,District_D,2697,1305,1392,7953,73.52282400527407,61.559403903003556,18.83266859311457,73.04551427447755,Rural,Village
VIL_00936,Village_936,Uttar Pradesh,District_C,241,109,132,5496,71.26375748817767,38.180824437127754,27.429127798803044,70.61864638959567,Rural,Village
VIL_00937,Village_937,Uttar Pradesh,District_B,2759,1291,1468,7948,83.55961683731402,58.280176387402165,10.08744373543633,80.31037149000069,Rural,Village
VIL_00938,Village_938,Uttar Pradesh,District_D,21080,11099,9981,2100,94.26781863893632,55.19565126903,15.44373715785764,84.04936915450696,Rural,Village
VIL_00939,Village_939,Uttar Pradesh,District_B,9131,4559,4572,6109,53.79804094438608,30.67568211530913,28.70312706850134,88.85623617539338,Rural,Village
VIL_00940,Village_940,Maharashtra,District_B,15137,8144,6993,7416,68.03110479420684,48.143290849755175,21.920536785494008,83.92435496142089,Rural,Village
VIL_00941,Village_941,Madhya Pradesh,District_A,46838,22937,23901,9759,89.9875973475452,60.05455836981514,19.669413379618476,84.6662806993672,Rural,Village
VIL_00942,Village_942,Bihar,District_E,38529,18373,20156,7817,83.18544364325626,72.43032759493899,12.39227104961202,80.94567844280475,Rural,Village
VIL_00943,Village_943,Bihar,District_D,6242,3025,3217,881,66.80734667054442,74.43210569182585,20.813621999854245,88.70437583837037,Rural,Village
VIL_00944,Village_944,Bihar,District_B,12209,6364,5845,8366,91.99544072881278,54.19249850166116,30.350067152046783,81.43908408740597,Rural,Village
VIL_00945,Village_945,Bihar,District_A,22110,11176,10934,3514,43.148018143424515,66.42112436497192,15.656372536084898,86.0653190143938,Rural,Village
VIL_00946,Village_946,Maharashtra,District_C,8887,4802,4085,924,91.20492408419213,45.822728826672886,8.156557723326644,87.86147757106008,Rural,Village
VIL_00947,Village_947,West Bengal,District_D,42964,21920,21044,1289,42.77790658105436,47.109320287932874,27.3866421333785,87.52702851051178,Rural,Village
VIL_00948,Village_948,Madhya Pradesh,District_B,8572,4280,4292,424,70.10176092630763,39.723175959115686,36.206171528544026,76.00972221945048,Rural,Village
VIL_00949,Village_949,Uttar Pradesh,District_E,49675,26256,23419,9055,88.97425214005972,58.09740549966196,25.597970344068905,69.65190322459944,Rural,Village
VIL_00950,Village_950,West Bengal,District_A,23483,12792,10691,9994,54.44965189587165,45.72820754636826,11.477733908886774,71.60934775332419,Rural,Village
VIL_00951,Village_951,Bihar,District_B,4349,2111,2238,9776,65.97366744198372,34.21854482192525,17.301259677995517,69.24368941332875,Rural,Village
VIL_00952,Village_952,West Bengal,District_E,47817,22712,25105,1204,57.83808835253316,64.25030433315894,33.16160682688648,70.21333563141194,Rural,Village
VIL_00953,Village_953,Madhya Pradesh,District_B,34618,17711,16907,8958,92.36791543919932,65.3876603802699,14.744474153448028,71.87767616376765,Rural,Village
VIL_00954,Village_954,Uttar Pradesh,District_D,18451,9223,9228,1745,85.30050771142,47.999620938952894,25.623181201430633,75.16298064833543,Rural,Village
VIL_00955,Village_955,Uttar Pradesh,District_D,4188,2298,1890,8482,78.99508312295087,33.83616997280114,19.677465039365938,79.4143325780766,Rural,Village
VIL_00956,Village_956,Madhya Pradesh,District_D,15382,7633,7749,5831,72.31948426383099,51.314885870171295,14.027467921169823,82.94532324645681,Rural,Village
VIL_00957,Village_957,Madhya Pradesh,District_A,19430,8887,10543,5626,85.13254841282814,52.116772902510775,31.58879991337571,72.42947405823675,Rural,Village
VIL_00958,Village_958,Bihar,District_D,42509,23283,19226,3976,61.574687283795086,63.43354424489465,29.542107017505018,82.12297048900092,Rural,Village
VIL_00959,Village_959,Uttar Pradesh,District_E,21878,11690,10188,191,64.6153520308334,45.77081956293417,27.186140912818697,82.78944056455082,Rural,Village
VIL_00960,Village_960,West Bengal,District_B,24364,11398,12966,8485,80.15009465944738,64.12996398906527,14.853761117793784,79.73106907418997,Rural,Village
VIL_00961,Village_961,Maharashtra,District_C,5175,2796,2379,2326,59.676511981154285,73.57442708786942,10.837853078777052,86.97597526577292,Rural,Village
VIL_00962,Village_962,Maharashtra,District_E,10512,5088,5424,9370,43.51455181266056,41.874302118109995,24.70862056495302,70.33089109235803,Rural,Village
VIL_00963,Village_963,Madhya Pradesh,District_E,48554,23680,24874,9918,44.08840348873393,78.94597780599499,24.05665717264357,71.71955060965081,Rural,Village
VIL_00964,Village_964,Bihar,District_D,28465,15389,13076,9983,46.34495407181371,49.31840685684035,13.463165270711318,77.00196131217918,Rural,Village
VIL_00965,Village_965,Maharashtra,District_A,7330,3687,3643,441,87.83247278390145,43.36293425735309,9.631154135140003,70.66096743991902,Rural,Village
VIL_00966,Village_966,Uttar Pradesh,District_B,48300,22400,25900,5560,65.97245341659124,51.07555912551453,10.340545171625593,79.89221901820584,Rural,Village
VIL_00967,Village_967,Madhya Pradesh,District_A,11102,5405,5697,9421,79.20853031396051,34.71987379519296,36.79035860886928,76.36640979879792,Rural,Village
VIL_00968,Village_968,West Bengal,District_B,14047,7335,6712,4695,61.61001345826913,36.28529532560578,30.723932947543627,73.97651168525428,Rural,Village
VIL_00969,Village_969,Madhya Pradesh,District_B,13786,6443,7343,9102,54.2291021078599,50.72170234841657,34.73763680299001,71.56978607337038,Rural,Village
VIL_00970,Village_970,West Bengal,District_A,29404,14967,14437,6768,59.09556921592166,68.122226096955,13.656586944854537,75.04210300531241,Rural,Village
VIL_00971,Village_971,Madhya Pradesh,District_E,13174,6844,6330,6123,83.6800289924451,75.01561197872454,35.85648755337962,80.76714636747919,Rural,Village
VIL_00972,Village_972,Madhya Pradesh,District_B,4593,2224,2369,1493,74.38688687672911,63.24089953581355,12.1369761927217,80.09148942867765,Rural,Village
VIL_00973,Village_973,Madhya Pradesh,District_A,34328,17829,16499,3263,91.5701878976846,35.260977761908485,22.76337302842766,71.43610400441491,Rural,Village
VIL_00974,Village_974,West Bengal,District_B,14240,7667,6573,2201,77.38376282172587,63.60098810902675,32.06117484809485,70.62331602555331,Rural,Village
VIL_00975,Village_975,West Bengal,District_C,31755,15788,15967,9661,71.35998974650816,61.7713960351486,18.1442972808358,68.56021201478632,Rural,Village
VIL_00976,Village_976,Madhya Pradesh,District_E,43572,21275,22297,3116,73.5607804942209,70.28819591466657,20.320027462130113,68.26093746967258,Rural,Village
VIL_00977,Village_977,Maharashtra,District_D,49537,23535,26002,6666,91.83042917076281,71.26243333260905,11.717368198673839,86.47601915011339,Rural,Village
VIL_00978,Village_978,Bihar,District_B,49516,25273,24243,9802,83.35105114266884,73.41015378894895,11.564734519970209,68.94686597611319,Rural,Village
VIL_00979,Village_979,Bihar,District_C,6916,3720,3196,5902,41.32226805515408,50.70657572895492,25.967478518581128,83.35564330733817,Rural,Village
VIL_00980,Village_980,Bihar,District_D,11739,5663,6076,6002,69.37768328746336,64.8932197676072,27.590438689981646,86.3116870211441,Rural,Village
VIL_00981,Village_981,West Bengal,District_D,47292,23155,24137,5818,77.85861263506106,43.412517946115535,30.542642908383606,70.05921481981161,Rural,Village
VIL_00982,Village_982,West Bengal,District_B,46833,22979,23854,9647,81.17841631415354,79.96681399917522,24.143779527770853,77.16232990049338,Rural,Village
VIL_00983,Village_983,Maharashtra,District_A,29592,14975,14617,8435,51.722816562266516,38.766712068843,26.727019475577872,88.20836264665981,Rural,Village
VIL_00984,Village_984,Bihar,District_B,11340,5362,5978,8431,87.69475449482437,30.50572158304179,8.392000879291881,85.51691187099529,Rural,Village
VIL_00985,Village_985,Bihar,District_C,32798,17455,15343,9866,92.571373094634,37.4404357259088,12.702951086978453,78.28378466901495,Rural,Village
VIL_00986,Village_986,Madhya Pradesh,District_D,27057,12975,14082,8476,53.01934182146783,68.79361447720633,36.562528214490236,84.01399336862261,Rural,Village
VIL_00987,Village_987,West Bengal,District_B,32908,17129,15779,9165,88.54385016344852,52.33918382541057,10.203811683159122,85.50093011306494,Rural,Village
VIL_00988,Village_988,Bihar,District_A,5927,2971,2956,4544,45.333831938385245,52.37501239052142,27.684858445547103,75.30856622696311,Rural,Village
VIL_00989,Village_989,Maharashtra,District_B,32862,16713,16149,6579,43.06387598633849,77.75114598058343,13.10639635791977,86.73521125426917,Rural,Village
VIL_00990,Village_990,Maharashtra,District_E,8359,3911,4448,7640,47.10730900565122,75.98174540140371,28.784838987261615,77.8799397132203,Rural,Village
VIL_00991,Village_991,Bihar,District_A,14949,7825,7124,2794,43.17575937068698,45.55973689020046,28.47372168589781,79.08395463473543,Rural,Village
VIL_00992,Village_992,West Bengal,District_C,16332,7657,8675,5693,86.47567304356767,40.4529064390433,14.791772733854614,88.99386039425845,Rural,Village
VIL_00993,Village_993,Maharashtra,District_D,40672,18763,21909,3144,43.24775794520496,72.42411049668698,15.81939757735692,85.70936228919538,Rural,Village
VIL_00994,Village_994,Madhya Pradesh,District_B,24273,12249,12024,8691,54.941530525001056,75.30095355221816,26.98835069446056,75.59717012123258,Rural,Village
VIL_00995,Village_995,Maharashtra,District_A,5474,2851,2623,1373,45.7065988944721,57.07984613992434,19.312495124626196,68.2172575259267,Rural,Village
VIL_00996,Village_996,Uttar Pradesh,District_E,21274,9679,11595,9101,56.24821199725707,61.47118555585503,13.641891121297427,81.14965554967179,Rural,Village
VIL_00997,Village_997,Uttar Pradesh,District_A,23667,10814,12853,3874,44.98077071805063,42.84571423461467,29.21870836483697,82.78218194869027,Rural,Village
VIL_00998,Village_998,West Bengal,District_E,35392,18767,16625,8154,76.74017879086577,70.04013439892623,12.47027820575369,81.66685649301097,Rural,Village
VIL_00999,Village_999,Bihar,District_C,9377,4978,4399,944,47.332974898841634,61.60612142245115,32.81366626020345,88.32510937442747,Rural,Village
